ID,Predicted_Genre
1,drama
2,drama
3,documentary
4,drama
5,drama
6,drama
7,drama
8,comedy
9,documentary
10,drama
11,drama
12,comedy
13,drama
14,documentary
15,short
16,comedy
17,comedy
18,western
19,documentary
20,drama
21,drama
22,documentary
23,documentary
24,music
25,documentary
26,documentary
27,comedy
28,drama
29,sport
30,drama
31,western
32,drama
33,documentary
34,horror
35,drama
36,drama
37,drama
38,drama
39,drama
40,drama
41,drama
42,comedy
43,documentary
44,documentary
45,documentary
46,documentary
47,documentary
48,drama
49,drama
50,documentary
51,drama
52,drama
53,comedy
54,drama
55,documentary
56,documentary
57,drama
58,adult
59,comedy
60,documentary
61,drama
62,drama
63,documentary
64,drama
65,drama
66,talk-show
67,family
68,documentary
69,comedy
70,music
71,documentary
72,documentary
73,drama
74,drama
75,drama
76,documentary
77,drama
78,drama
79,comedy
80,documentary
81,documentary
82,horror
83,drama
84,drama
85,drama
86,drama
87,comedy
88,documentary
89,short
90,horror
91,documentary
92,documentary
93,drama
94,drama
95,drama
96,music
97,documentary
98,comedy
99,horror
100,drama
101,documentary
102,short
103,drama
104,documentary
105,documentary
106,drama
107,drama
108,comedy
109,documentary
110,drama
111,comedy
112,drama
113,drama
114,documentary
115,short
116,drama
117,documentary
118,drama
119,comedy
120,drama
121,short
122,comedy
123,drama
124,drama
125,documentary
126,drama
127,drama
128,documentary
129,drama
130,action
131,drama
132,drama
133,thriller
134,documentary
135,documentary
136,drama
137,comedy
138,documentary
139,drama
140,short
141,adult
142,drama
143,documentary
144,drama
145,comedy
146,documentary
147,drama
148,comedy
149,thriller
150,drama
151,documentary
152,western
153,documentary
154,drama
155,horror
156,drama
157,drama
158,drama
159,documentary
160,comedy
161,drama
162,drama
163,horror
164,documentary
165,documentary
166,documentary
167,short
168,action
169,western
170,documentary
171,comedy
172,drama
173,documentary
174,drama
175,drama
176,short
177,documentary
178,adventure
179,documentary
180,drama
181,drama
182,drama
183,drama
184,music
185,comedy
186,music
187,drama
188,documentary
189,drama
190,documentary
191,comedy
192,drama
193,short
194,drama
195,drama
196,documentary
197,drama
198,reality-tv
199,drama
200,drama
201,drama
202,drama
203,drama
204,drama
205,drama
206,drama
207,documentary
208,documentary
209,drama
210,drama
211,music
212,drama
213,comedy
214,drama
215,drama
216,drama
217,short
218,drama
219,drama
220,documentary
221,drama
222,drama
223,documentary
224,short
225,documentary
226,documentary
227,drama
228,documentary
229,drama
230,drama
231,horror
232,comedy
233,documentary
234,drama
235,thriller
236,drama
237,drama
238,comedy
239,short
240,documentary
241,drama
242,horror
243,drama
244,drama
245,drama
246,documentary
247,documentary
248,drama
249,drama
250,comedy
251,music
252,comedy
253,documentary
254,documentary
255,documentary
256,documentary
257,crime
258,drama
259,horror
260,short
261,short
262,documentary
263,documentary
264,drama
265,comedy
266,documentary
267,documentary
268,horror
269,drama
270,drama
271,drama
272,western
273,drama
274,thriller
275,drama
276,short
277,documentary
278,drama
279,thriller
280,documentary
281,drama
282,drama
283,documentary
284,documentary
285,documentary
286,reality-tv
287,western
288,music
289,short
290,comedy
291,comedy
292,horror
293,comedy
294,documentary
295,comedy
296,drama
297,drama
298,comedy
299,documentary
300,comedy
301,drama
302,drama
303,documentary
304,drama
305,drama
306,adventure
307,drama
308,documentary
309,comedy
310,drama
311,drama
312,drama
313,documentary
314,documentary
315,drama
316,western
317,drama
318,documentary
319,comedy
320,sci-fi
321,reality-tv
322,documentary
323,documentary
324,comedy
325,drama
326,western
327,drama
328,drama
329,documentary
330,drama
331,drama
332,short
333,drama
334,drama
335,documentary
336,documentary
337,documentary
338,drama
339,documentary
340,thriller
341,documentary
342,comedy
343,comedy
344,drama
345,documentary
346,documentary
347,talk-show
348,documentary
349,horror
350,documentary
351,drama
352,drama
353,drama
354,drama
355,family
356,comedy
357,sci-fi
358,comedy
359,drama
360,comedy
361,documentary
362,action
363,drama
364,documentary
365,drama
366,documentary
367,drama
368,short
369,thriller
370,comedy
371,documentary
372,comedy
373,short
374,documentary
375,documentary
376,short
377,drama
378,action
379,documentary
380,western
381,documentary
382,drama
383,drama
384,adventure
385,documentary
386,documentary
387,documentary
388,drama
389,drama
390,comedy
391,documentary
392,drama
393,comedy
394,drama
395,comedy
396,drama
397,comedy
398,drama
399,drama
400,horror
401,drama
402,documentary
403,documentary
404,horror
405,romance
406,comedy
407,western
408,drama
409,documentary
410,documentary
411,comedy
412,drama
413,drama
414,comedy
415,documentary
416,music
417,short
418,family
419,drama
420,comedy
421,comedy
422,drama
423,drama
424,comedy
425,documentary
426,drama
427,drama
428,horror
429,documentary
430,western
431,drama
432,drama
433,documentary
434,comedy
435,drama
436,thriller
437,drama
438,comedy
439,drama
440,drama
441,drama
442,drama
443,comedy
444,documentary
445,comedy
446,comedy
447,thriller
448,documentary
449,drama
450,drama
451,drama
452,documentary
453,drama
454,short
455,documentary
456,documentary
457,documentary
458,drama
459,documentary
460,comedy
461,horror
462,drama
463,comedy
464,horror
465,drama
466,drama
467,comedy
468,documentary
469,documentary
470,drama
471,documentary
472,documentary
473,sci-fi
474,documentary
475,short
476,short
477,drama
478,drama
479,horror
480,documentary
481,documentary
482,drama
483,comedy
484,drama
485,drama
486,short
487,documentary
488,drama
489,drama
490,comedy
491,drama
492,drama
493,drama
494,horror
495,drama
496,crime
497,documentary
498,music
499,comedy
500,short
501,documentary
502,documentary
503,drama
504,drama
505,documentary
506,drama
507,drama
508,drama
509,horror
510,drama
511,drama
512,documentary
513,comedy
514,drama
515,drama
516,western
517,documentary
518,drama
519,documentary
520,drama
521,western
522,drama
523,drama
524,short
525,drama
526,comedy
527,short
528,drama
529,documentary
530,documentary
531,comedy
532,documentary
533,documentary
534,drama
535,drama
536,drama
537,documentary
538,documentary
539,drama
540,short
541,drama
542,comedy
543,documentary
544,comedy
545,short
546,horror
547,drama
548,drama
549,drama
550,short
551,documentary
552,comedy
553,comedy
554,drama
555,western
556,documentary
557,drama
558,documentary
559,action
560,comedy
561,documentary
562,drama
563,short
564,sport
565,short
566,documentary
567,short
568,comedy
569,short
570,documentary
571,sci-fi
572,drama
573,drama
574,short
575,comedy
576,short
577,talk-show
578,documentary
579,horror
580,comedy
581,documentary
582,drama
583,documentary
584,comedy
585,documentary
586,documentary
587,horror
588,documentary
589,short
590,sci-fi
591,drama
592,drama
593,drama
594,drama
595,drama
596,comedy
597,drama
598,drama
599,thriller
600,game-show
601,comedy
602,drama
603,documentary
604,comedy
605,comedy
606,short
607,thriller
608,documentary
609,drama
610,documentary
611,drama
612,comedy
613,drama
614,drama
615,comedy
616,short
617,comedy
618,documentary
619,comedy
620,comedy
621,documentary
622,documentary
623,drama
624,documentary
625,short
626,comedy
627,drama
628,comedy
629,drama
630,comedy
631,comedy
632,documentary
633,short
634,drama
635,documentary
636,short
637,documentary
638,comedy
639,documentary
640,comedy
641,comedy
642,documentary
643,reality-tv
644,thriller
645,documentary
646,documentary
647,drama
648,western
649,comedy
650,drama
651,sci-fi
652,comedy
653,sport
654,drama
655,drama
656,short
657,comedy
658,drama
659,drama
660,comedy
661,drama
662,drama
663,sci-fi
664,documentary
665,drama
666,documentary
667,documentary
668,comedy
669,drama
670,documentary
671,drama
672,documentary
673,documentary
674,drama
675,comedy
676,drama
677,documentary
678,drama
679,documentary
680,sport
681,documentary
682,documentary
683,drama
684,drama
685,horror
686,drama
687,documentary
688,comedy
689,drama
690,comedy
691,comedy
692,drama
693,drama
694,documentary
695,action
696,sport
697,drama
698,documentary
699,documentary
700,drama
701,documentary
702,comedy
703,drama
704,short
705,comedy
706,drama
707,documentary
708,drama
709,documentary
710,drama
711,drama
712,documentary
713,documentary
714,drama
715,western
716,documentary
717,sport
718,comedy
719,drama
720,drama
721,adventure
722,documentary
723,documentary
724,short
725,documentary
726,documentary
727,thriller
728,documentary
729,documentary
730,comedy
731,drama
732,comedy
733,short
734,documentary
735,documentary
736,short
737,thriller
738,action
739,drama
740,drama
741,documentary
742,western
743,short
744,reality-tv
745,documentary
746,documentary
747,drama
748,documentary
749,documentary
750,documentary
751,thriller
752,drama
753,short
754,documentary
755,drama
756,drama
757,drama
758,short
759,horror
760,documentary
761,sci-fi
762,thriller
763,horror
764,documentary
765,drama
766,documentary
767,documentary
768,drama
769,drama
770,documentary
771,documentary
772,horror
773,drama
774,comedy
775,documentary
776,reality-tv
777,comedy
778,drama
779,drama
780,horror
781,reality-tv
782,adult
783,comedy
784,drama
785,drama
786,drama
787,comedy
788,documentary
789,comedy
790,documentary
791,action
792,documentary
793,documentary
794,documentary
795,drama
796,drama
797,drama
798,drama
799,short
800,comedy
801,documentary
802,horror
803,family
804,comedy
805,drama
806,documentary
807,documentary
808,comedy
809,comedy
810,comedy
811,documentary
812,comedy
813,comedy
814,short
815,music
816,documentary
817,drama
818,documentary
819,short
820,documentary
821,horror
822,documentary
823,horror
824,documentary
825,comedy
826,drama
827,drama
828,short
829,drama
830,documentary
831,comedy
832,drama
833,short
834,drama
835,documentary
836,drama
837,music
838,documentary
839,documentary
840,documentary
841,drama
842,comedy
843,drama
844,drama
845,horror
846,drama
847,documentary
848,drama
849,comedy
850,short
851,comedy
852,animation
853,music
854,comedy
855,western
856,documentary
857,comedy
858,comedy
859,short
860,comedy
861,thriller
862,drama
863,drama
864,drama
865,documentary
866,documentary
867,comedy
868,documentary
869,drama
870,documentary
871,short
872,comedy
873,short
874,horror
875,short
876,documentary
877,drama
878,comedy
879,comedy
880,drama
881,drama
882,documentary
883,comedy
884,documentary
885,documentary
886,short
887,drama
888,short
889,drama
890,horror
891,short
892,documentary
893,thriller
894,documentary
895,documentary
896,horror
897,drama
898,drama
899,documentary
900,documentary
901,documentary
902,short
903,documentary
904,documentary
905,documentary
906,drama
907,documentary
908,horror
909,drama
910,reality-tv
911,short
912,drama
913,comedy
914,drama
915,comedy
916,drama
917,documentary
918,drama
919,short
920,sci-fi
921,documentary
922,documentary
923,documentary
924,western
925,drama
926,short
927,documentary
928,drama
929,documentary
930,comedy
931,comedy
932,drama
933,music
934,comedy
935,documentary
936,drama
937,comedy
938,documentary
939,horror
940,music
941,drama
942,horror
943,drama
944,comedy
945,comedy
946,drama
947,comedy
948,drama
949,drama
950,documentary
951,short
952,drama
953,sci-fi
954,drama
955,documentary
956,short
957,western
958,drama
959,comedy
960,family
961,drama
962,music
963,game-show
964,drama
965,documentary
966,drama
967,family
968,drama
969,drama
970,animation
971,drama
972,drama
973,western
974,documentary
975,drama
976,adult
977,comedy
978,drama
979,reality-tv
980,thriller
981,drama
982,documentary
983,drama
984,documentary
985,drama
986,drama
987,drama
988,documentary
989,drama
990,documentary
991,documentary
992,documentary
993,western
994,documentary
995,drama
996,drama
997,short
998,documentary
999,documentary
1000,comedy
1001,horror
1002,documentary
1003,documentary
1004,documentary
1005,drama
1006,documentary
1007,drama
1008,comedy
1009,drama
1010,documentary
1011,drama
1012,sport
1013,documentary
1014,documentary
1015,sport
1016,comedy
1017,drama
1018,drama
1019,drama
1020,sport
1021,documentary
1022,western
1023,comedy
1024,drama
1025,documentary
1026,comedy
1027,horror
1028,drama
1029,drama
1030,drama
1031,drama
1032,comedy
1033,short
1034,drama
1035,sci-fi
1036,documentary
1037,documentary
1038,thriller
1039,documentary
1040,music
1041,sport
1042,drama
1043,drama
1044,drama
1045,adult
1046,western
1047,documentary
1048,drama
1049,documentary
1050,animation
1051,drama
1052,documentary
1053,drama
1054,documentary
1055,drama
1056,talk-show
1057,action
1058,comedy
1059,documentary
1060,drama
1061,documentary
1062,documentary
1063,documentary
1064,comedy
1065,drama
1066,drama
1067,documentary
1068,drama
1069,comedy
1070,documentary
1071,documentary
1072,comedy
1073,horror
1074,drama
1075,drama
1076,short
1077,drama
1078,documentary
1079,drama
1080,comedy
1081,adult
1082,comedy
1083,comedy
1084,documentary
1085,sport
1086,drama
1087,action
1088,documentary
1089,comedy
1090,documentary
1091,crime
1092,comedy
1093,comedy
1094,horror
1095,documentary
1096,documentary
1097,drama
1098,comedy
1099,romance
1100,comedy
1101,drama
1102,drama
1103,comedy
1104,drama
1105,drama
1106,drama
1107,drama
1108,documentary
1109,comedy
1110,drama
1111,documentary
1112,action
1113,western
1114,documentary
1115,comedy
1116,comedy
1117,horror
1118,documentary
1119,comedy
1120,comedy
1121,comedy
1122,drama
1123,drama
1124,documentary
1125,documentary
1126,documentary
1127,documentary
1128,drama
1129,comedy
1130,drama
1131,documentary
1132,drama
1133,comedy
1134,drama
1135,drama
1136,drama
1137,drama
1138,documentary
1139,drama
1140,documentary
1141,drama
1142,drama
1143,drama
1144,documentary
1145,comedy
1146,drama
1147,drama
1148,drama
1149,documentary
1150,drama
1151,documentary
1152,short
1153,drama
1154,drama
1155,drama
1156,documentary
1157,short
1158,documentary
1159,documentary
1160,documentary
1161,documentary
1162,drama
1163,horror
1164,documentary
1165,talk-show
1166,sport
1167,drama
1168,comedy
1169,music
1170,documentary
1171,drama
1172,documentary
1173,short
1174,thriller
1175,documentary
1176,comedy
1177,comedy
1178,horror
1179,drama
1180,drama
1181,comedy
1182,short
1183,drama
1184,reality-tv
1185,comedy
1186,comedy
1187,documentary
1188,comedy
1189,adult
1190,comedy
1191,horror
1192,short
1193,documentary
1194,comedy
1195,documentary
1196,drama
1197,drama
1198,comedy
1199,documentary
1200,documentary
1201,talk-show
1202,documentary
1203,horror
1204,horror
1205,drama
1206,horror
1207,documentary
1208,comedy
1209,comedy
1210,documentary
1211,drama
1212,drama
1213,documentary
1214,documentary
1215,horror
1216,short
1217,documentary
1218,drama
1219,drama
1220,documentary
1221,documentary
1222,documentary
1223,drama
1224,adult
1225,drama
1226,comedy
1227,documentary
1228,drama
1229,documentary
1230,horror
1231,documentary
1232,thriller
1233,horror
1234,drama
1235,sci-fi
1236,drama
1237,documentary
1238,sci-fi
1239,sport
1240,documentary
1241,documentary
1242,documentary
1243,drama
1244,documentary
1245,documentary
1246,documentary
1247,documentary
1248,sport
1249,comedy
1250,documentary
1251,drama
1252,documentary
1253,documentary
1254,drama
1255,drama
1256,short
1257,documentary
1258,drama
1259,drama
1260,comedy
1261,short
1262,documentary
1263,drama
1264,drama
1265,comedy
1266,comedy
1267,drama
1268,western
1269,comedy
1270,documentary
1271,documentary
1272,documentary
1273,drama
1274,action
1275,documentary
1276,music
1277,comedy
1278,drama
1279,drama
1280,horror
1281,comedy
1282,comedy
1283,documentary
1284,drama
1285,family
1286,documentary
1287,horror
1288,documentary
1289,documentary
1290,documentary
1291,drama
1292,comedy
1293,documentary
1294,drama
1295,documentary
1296,comedy
1297,action
1298,documentary
1299,short
1300,documentary
1301,comedy
1302,drama
1303,documentary
1304,drama
1305,documentary
1306,documentary
1307,drama
1308,documentary
1309,documentary
1310,drama
1311,documentary
1312,drama
1313,drama
1314,drama
1315,drama
1316,comedy
1317,documentary
1318,drama
1319,comedy
1320,drama
1321,documentary
1322,short
1323,thriller
1324,drama
1325,drama
1326,horror
1327,documentary
1328,western
1329,horror
1330,drama
1331,documentary
1332,comedy
1333,horror
1334,action
1335,drama
1336,drama
1337,comedy
1338,drama
1339,documentary
1340,comedy
1341,documentary
1342,comedy
1343,documentary
1344,drama
1345,romance
1346,documentary
1347,drama
1348,drama
1349,documentary
1350,drama
1351,drama
1352,drama
1353,documentary
1354,drama
1355,documentary
1356,western
1357,horror
1358,drama
1359,drama
1360,short
1361,action
1362,documentary
1363,thriller
1364,action
1365,drama
1366,adventure
1367,drama
1368,short
1369,western
1370,documentary
1371,drama
1372,drama
1373,short
1374,documentary
1375,thriller
1376,documentary
1377,documentary
1378,comedy
1379,short
1380,documentary
1381,documentary
1382,drama
1383,drama
1384,documentary
1385,drama
1386,thriller
1387,documentary
1388,comedy
1389,action
1390,drama
1391,short
1392,documentary
1393,comedy
1394,drama
1395,short
1396,comedy
1397,documentary
1398,drama
1399,drama
1400,comedy
1401,action
1402,documentary
1403,documentary
1404,documentary
1405,drama
1406,drama
1407,drama
1408,drama
1409,comedy
1410,drama
1411,drama
1412,drama
1413,documentary
1414,drama
1415,drama
1416,documentary
1417,drama
1418,comedy
1419,documentary
1420,thriller
1421,drama
1422,drama
1423,comedy
1424,horror
1425,western
1426,drama
1427,music
1428,drama
1429,drama
1430,drama
1431,horror
1432,documentary
1433,drama
1434,drama
1435,documentary
1436,comedy
1437,drama
1438,short
1439,drama
1440,documentary
1441,drama
1442,documentary
1443,horror
1444,horror
1445,documentary
1446,drama
1447,documentary
1448,drama
1449,drama
1450,drama
1451,horror
1452,documentary
1453,documentary
1454,western
1455,drama
1456,comedy
1457,documentary
1458,western
1459,documentary
1460,documentary
1461,documentary
1462,drama
1463,documentary
1464,documentary
1465,comedy
1466,sci-fi
1467,drama
1468,drama
1469,comedy
1470,comedy
1471,documentary
1472,documentary
1473,drama
1474,documentary
1475,documentary
1476,drama
1477,comedy
1478,action
1479,short
1480,documentary
1481,drama
1482,adventure
1483,documentary
1484,drama
1485,documentary
1486,documentary
1487,drama
1488,drama
1489,comedy
1490,documentary
1491,drama
1492,western
1493,documentary
1494,drama
1495,comedy
1496,documentary
1497,documentary
1498,documentary
1499,documentary
1500,drama
1501,drama
1502,thriller
1503,comedy
1504,documentary
1505,drama
1506,drama
1507,documentary
1508,documentary
1509,documentary
1510,documentary
1511,drama
1512,comedy
1513,short
1514,romance
1515,drama
1516,comedy
1517,comedy
1518,reality-tv
1519,drama
1520,drama
1521,music
1522,drama
1523,comedy
1524,horror
1525,drama
1526,sci-fi
1527,comedy
1528,drama
1529,documentary
1530,documentary
1531,drama
1532,drama
1533,drama
1534,drama
1535,documentary
1536,drama
1537,thriller
1538,documentary
1539,documentary
1540,documentary
1541,drama
1542,adult
1543,documentary
1544,documentary
1545,horror
1546,documentary
1547,drama
1548,comedy
1549,comedy
1550,documentary
1551,drama
1552,documentary
1553,documentary
1554,adventure
1555,horror
1556,comedy
1557,documentary
1558,reality-tv
1559,short
1560,horror
1561,drama
1562,documentary
1563,fantasy
1564,documentary
1565,documentary
1566,documentary
1567,documentary
1568,drama
1569,drama
1570,comedy
1571,short
1572,drama
1573,documentary
1574,drama
1575,drama
1576,documentary
1577,drama
1578,horror
1579,documentary
1580,drama
1581,drama
1582,comedy
1583,western
1584,documentary
1585,documentary
1586,horror
1587,documentary
1588,drama
1589,drama
1590,documentary
1591,music
1592,thriller
1593,short
1594,drama
1595,documentary
1596,documentary
1597,drama
1598,adventure
1599,adventure
1600,documentary
1601,action
1602,comedy
1603,drama
1604,thriller
1605,comedy
1606,drama
1607,comedy
1608,horror
1609,drama
1610,western
1611,drama
1612,documentary
1613,thriller
1614,adult
1615,action
1616,comedy
1617,comedy
1618,comedy
1619,thriller
1620,horror
1621,drama
1622,comedy
1623,documentary
1624,documentary
1625,documentary
1626,drama
1627,documentary
1628,drama
1629,sci-fi
1630,comedy
1631,music
1632,comedy
1633,drama
1634,documentary
1635,documentary
1636,documentary
1637,documentary
1638,short
1639,sci-fi
1640,short
1641,horror
1642,documentary
1643,documentary
1644,drama
1645,documentary
1646,documentary
1647,documentary
1648,drama
1649,comedy
1650,documentary
1651,drama
1652,drama
1653,documentary
1654,documentary
1655,drama
1656,comedy
1657,comedy
1658,reality-tv
1659,drama
1660,documentary
1661,documentary
1662,drama
1663,documentary
1664,drama
1665,short
1666,comedy
1667,drama
1668,documentary
1669,comedy
1670,drama
1671,documentary
1672,documentary
1673,documentary
1674,comedy
1675,drama
1676,sci-fi
1677,documentary
1678,drama
1679,drama
1680,documentary
1681,comedy
1682,short
1683,documentary
1684,horror
1685,comedy
1686,comedy
1687,documentary
1688,documentary
1689,drama
1690,short
1691,drama
1692,comedy
1693,drama
1694,drama
1695,drama
1696,action
1697,comedy
1698,documentary
1699,short
1700,documentary
1701,documentary
1702,drama
1703,drama
1704,action
1705,comedy
1706,comedy
1707,thriller
1708,reality-tv
1709,documentary
1710,action
1711,documentary
1712,documentary
1713,short
1714,documentary
1715,short
1716,short
1717,documentary
1718,documentary
1719,horror
1720,drama
1721,short
1722,western
1723,documentary
1724,drama
1725,drama
1726,documentary
1727,short
1728,drama
1729,comedy
1730,drama
1731,sci-fi
1732,documentary
1733,drama
1734,drama
1735,documentary
1736,drama
1737,drama
1738,documentary
1739,documentary
1740,drama
1741,short
1742,western
1743,drama
1744,drama
1745,horror
1746,short
1747,music
1748,reality-tv
1749,drama
1750,documentary
1751,drama
1752,documentary
1753,horror
1754,action
1755,comedy
1756,western
1757,documentary
1758,comedy
1759,drama
1760,documentary
1761,drama
1762,documentary
1763,horror
1764,comedy
1765,documentary
1766,documentary
1767,drama
1768,horror
1769,drama
1770,documentary
1771,documentary
1772,drama
1773,drama
1774,documentary
1775,drama
1776,action
1777,animation
1778,comedy
1779,comedy
1780,drama
1781,documentary
1782,documentary
1783,drama
1784,western
1785,drama
1786,action
1787,documentary
1788,drama
1789,documentary
1790,comedy
1791,comedy
1792,documentary
1793,comedy
1794,horror
1795,documentary
1796,documentary
1797,documentary
1798,documentary
1799,drama
1800,comedy
1801,sport
1802,drama
1803,drama
1804,documentary
1805,comedy
1806,western
1807,documentary
1808,western
1809,documentary
1810,documentary
1811,documentary
1812,western
1813,drama
1814,comedy
1815,drama
1816,documentary
1817,drama
1818,horror
1819,reality-tv
1820,drama
1821,drama
1822,drama
1823,drama
1824,short
1825,comedy
1826,comedy
1827,documentary
1828,documentary
1829,comedy
1830,documentary
1831,comedy
1832,comedy
1833,drama
1834,documentary
1835,short
1836,documentary
1837,comedy
1838,short
1839,drama
1840,documentary
1841,documentary
1842,drama
1843,comedy
1844,drama
1845,drama
1846,documentary
1847,comedy
1848,drama
1849,drama
1850,comedy
1851,short
1852,documentary
1853,horror
1854,comedy
1855,short
1856,documentary
1857,comedy
1858,drama
1859,documentary
1860,documentary
1861,western
1862,comedy
1863,drama
1864,comedy
1865,sci-fi
1866,documentary
1867,documentary
1868,drama
1869,documentary
1870,comedy
1871,documentary
1872,documentary
1873,documentary
1874,horror
1875,documentary
1876,drama
1877,drama
1878,documentary
1879,drama
1880,documentary
1881,drama
1882,western
1883,comedy
1884,documentary
1885,drama
1886,comedy
1887,documentary
1888,short
1889,documentary
1890,drama
1891,drama
1892,documentary
1893,short
1894,drama
1895,horror
1896,documentary
1897,documentary
1898,comedy
1899,drama
1900,comedy
1901,documentary
1902,documentary
1903,game-show
1904,documentary
1905,comedy
1906,drama
1907,drama
1908,drama
1909,documentary
1910,comedy
1911,drama
1912,adventure
1913,musical
1914,comedy
1915,documentary
1916,documentary
1917,documentary
1918,drama
1919,documentary
1920,documentary
1921,action
1922,documentary
1923,documentary
1924,drama
1925,drama
1926,drama
1927,horror
1928,drama
1929,drama
1930,documentary
1931,documentary
1932,drama
1933,drama
1934,drama
1935,documentary
1936,documentary
1937,drama
1938,documentary
1939,documentary
1940,drama
1941,documentary
1942,drama
1943,music
1944,drama
1945,short
1946,drama
1947,documentary
1948,short
1949,drama
1950,comedy
1951,drama
1952,drama
1953,action
1954,horror
1955,documentary
1956,documentary
1957,drama
1958,comedy
1959,comedy
1960,documentary
1961,drama
1962,comedy
1963,drama
1964,drama
1965,drama
1966,drama
1967,comedy
1968,drama
1969,documentary
1970,short
1971,horror
1972,documentary
1973,comedy
1974,comedy
1975,documentary
1976,comedy
1977,action
1978,drama
1979,documentary
1980,comedy
1981,thriller
1982,drama
1983,drama
1984,adult
1985,horror
1986,short
1987,comedy
1988,talk-show
1989,drama
1990,drama
1991,adult
1992,documentary
1993,drama
1994,reality-tv
1995,adventure
1996,drama
1997,action
1998,comedy
1999,adventure
2000,documentary
2001,drama
2002,action
2003,documentary
2004,documentary
2005,drama
2006,documentary
2007,comedy
2008,comedy
2009,comedy
2010,drama
2011,drama
2012,documentary
2013,western
2014,thriller
2015,horror
2016,action
2017,action
2018,documentary
2019,short
2020,drama
2021,documentary
2022,short
2023,drama
2024,drama
2025,drama
2026,drama
2027,documentary
2028,drama
2029,horror
2030,action
2031,comedy
2032,documentary
2033,short
2034,documentary
2035,family
2036,drama
2037,drama
2038,documentary
2039,documentary
2040,horror
2041,comedy
2042,comedy
2043,drama
2044,horror
2045,documentary
2046,comedy
2047,comedy
2048,drama
2049,drama
2050,documentary
2051,comedy
2052,drama
2053,reality-tv
2054,sci-fi
2055,drama
2056,drama
2057,comedy
2058,western
2059,documentary
2060,drama
2061,thriller
2062,short
2063,comedy
2064,documentary
2065,documentary
2066,short
2067,short
2068,drama
2069,music
2070,documentary
2071,drama
2072,short
2073,drama
2074,documentary
2075,documentary
2076,drama
2077,comedy
2078,documentary
2079,drama
2080,documentary
2081,drama
2082,drama
2083,adult
2084,drama
2085,documentary
2086,comedy
2087,documentary
2088,drama
2089,drama
2090,comedy
2091,comedy
2092,documentary
2093,drama
2094,drama
2095,drama
2096,drama
2097,documentary
2098,documentary
2099,documentary
2100,music
2101,adult
2102,short
2103,reality-tv
2104,comedy
2105,documentary
2106,adult
2107,documentary
2108,comedy
2109,documentary
2110,short
2111,comedy
2112,documentary
2113,documentary
2114,western
2115,drama
2116,documentary
2117,comedy
2118,drama
2119,adventure
2120,drama
2121,drama
2122,drama
2123,documentary
2124,western
2125,drama
2126,documentary
2127,documentary
2128,drama
2129,drama
2130,thriller
2131,short
2132,drama
2133,comedy
2134,drama
2135,drama
2136,action
2137,drama
2138,documentary
2139,documentary
2140,documentary
2141,documentary
2142,adventure
2143,drama
2144,comedy
2145,documentary
2146,documentary
2147,drama
2148,drama
2149,action
2150,comedy
2151,comedy
2152,drama
2153,short
2154,documentary
2155,comedy
2156,drama
2157,drama
2158,documentary
2159,drama
2160,comedy
2161,documentary
2162,comedy
2163,drama
2164,drama
2165,drama
2166,western
2167,drama
2168,drama
2169,documentary
2170,documentary
2171,comedy
2172,drama
2173,short
2174,drama
2175,documentary
2176,drama
2177,drama
2178,comedy
2179,short
2180,documentary
2181,documentary
2182,drama
2183,documentary
2184,short
2185,comedy
2186,drama
2187,documentary
2188,comedy
2189,drama
2190,drama
2191,sport
2192,romance
2193,drama
2194,documentary
2195,documentary
2196,comedy
2197,drama
2198,documentary
2199,comedy
2200,horror
2201,drama
2202,documentary
2203,documentary
2204,comedy
2205,drama
2206,comedy
2207,documentary
2208,documentary
2209,reality-tv
2210,drama
2211,drama
2212,documentary
2213,documentary
2214,talk-show
2215,drama
2216,comedy
2217,comedy
2218,comedy
2219,drama
2220,comedy
2221,comedy
2222,drama
2223,comedy
2224,comedy
2225,documentary
2226,drama
2227,documentary
2228,comedy
2229,drama
2230,drama
2231,drama
2232,drama
2233,drama
2234,drama
2235,documentary
2236,short
2237,documentary
2238,thriller
2239,short
2240,drama
2241,comedy
2242,documentary
2243,drama
2244,documentary
2245,short
2246,drama
2247,western
2248,adult
2249,short
2250,documentary
2251,documentary
2252,drama
2253,comedy
2254,short
2255,comedy
2256,horror
2257,drama
2258,drama
2259,drama
2260,documentary
2261,drama
2262,drama
2263,drama
2264,documentary
2265,documentary
2266,horror
2267,drama
2268,horror
2269,comedy
2270,documentary
2271,drama
2272,western
2273,documentary
2274,thriller
2275,drama
2276,documentary
2277,comedy
2278,documentary
2279,western
2280,drama
2281,drama
2282,drama
2283,drama
2284,comedy
2285,drama
2286,documentary
2287,drama
2288,drama
2289,documentary
2290,comedy
2291,short
2292,drama
2293,documentary
2294,documentary
2295,drama
2296,drama
2297,comedy
2298,drama
2299,short
2300,drama
2301,drama
2302,documentary
2303,drama
2304,documentary
2305,comedy
2306,documentary
2307,comedy
2308,short
2309,comedy
2310,action
2311,comedy
2312,western
2313,drama
2314,documentary
2315,horror
2316,drama
2317,drama
2318,documentary
2319,action
2320,documentary
2321,comedy
2322,documentary
2323,western
2324,drama
2325,comedy
2326,western
2327,comedy
2328,comedy
2329,documentary
2330,drama
2331,documentary
2332,comedy
2333,comedy
2334,documentary
2335,adventure
2336,horror
2337,documentary
2338,short
2339,comedy
2340,drama
2341,comedy
2342,western
2343,horror
2344,drama
2345,drama
2346,documentary
2347,horror
2348,drama
2349,documentary
2350,documentary
2351,short
2352,short
2353,game-show
2354,drama
2355,short
2356,short
2357,documentary
2358,drama
2359,short
2360,short
2361,comedy
2362,drama
2363,short
2364,short
2365,action
2366,drama
2367,drama
2368,horror
2369,comedy
2370,documentary
2371,documentary
2372,drama
2373,documentary
2374,adult
2375,documentary
2376,music
2377,comedy
2378,documentary
2379,short
2380,drama
2381,drama
2382,documentary
2383,drama
2384,horror
2385,drama
2386,short
2387,drama
2388,documentary
2389,documentary
2390,romance
2391,drama
2392,horror
2393,drama
2394,drama
2395,drama
2396,documentary
2397,short
2398,drama
2399,drama
2400,drama
2401,drama
2402,drama
2403,short
2404,drama
2405,comedy
2406,drama
2407,drama
2408,documentary
2409,horror
2410,crime
2411,documentary
2412,drama
2413,drama
2414,drama
2415,drama
2416,documentary
2417,documentary
2418,short
2419,drama
2420,drama
2421,documentary
2422,documentary
2423,documentary
2424,short
2425,short
2426,drama
2427,drama
2428,documentary
2429,comedy
2430,sport
2431,comedy
2432,drama
2433,drama
2434,drama
2435,adult
2436,drama
2437,horror
2438,documentary
2439,drama
2440,comedy
2441,drama
2442,documentary
2443,short
2444,documentary
2445,drama
2446,short
2447,drama
2448,western
2449,documentary
2450,short
2451,documentary
2452,documentary
2453,short
2454,documentary
2455,horror
2456,documentary
2457,comedy
2458,short
2459,comedy
2460,drama
2461,short
2462,comedy
2463,documentary
2464,drama
2465,documentary
2466,documentary
2467,documentary
2468,drama
2469,documentary
2470,comedy
2471,action
2472,comedy
2473,comedy
2474,short
2475,comedy
2476,drama
2477,documentary
2478,drama
2479,comedy
2480,comedy
2481,short
2482,documentary
2483,documentary
2484,documentary
2485,comedy
2486,drama
2487,documentary
2488,drama
2489,sci-fi
2490,drama
2491,comedy
2492,horror
2493,action
2494,comedy
2495,reality-tv
2496,documentary
2497,drama
2498,talk-show
2499,documentary
2500,talk-show
2501,comedy
2502,documentary
2503,drama
2504,drama
2505,drama
2506,comedy
2507,documentary
2508,documentary
2509,sci-fi
2510,drama
2511,sci-fi
2512,drama
2513,horror
2514,documentary
2515,documentary
2516,comedy
2517,horror
2518,horror
2519,documentary
2520,documentary
2521,documentary
2522,animation
2523,drama
2524,documentary
2525,drama
2526,comedy
2527,drama
2528,drama
2529,comedy
2530,drama
2531,documentary
2532,western
2533,comedy
2534,adventure
2535,documentary
2536,documentary
2537,documentary
2538,documentary
2539,drama
2540,documentary
2541,drama
2542,drama
2543,western
2544,documentary
2545,documentary
2546,documentary
2547,drama
2548,documentary
2549,documentary
2550,comedy
2551,documentary
2552,western
2553,drama
2554,documentary
2555,drama
2556,documentary
2557,adult
2558,comedy
2559,drama
2560,reality-tv
2561,documentary
2562,documentary
2563,documentary
2564,comedy
2565,documentary
2566,drama
2567,drama
2568,drama
2569,drama
2570,drama
2571,comedy
2572,documentary
2573,documentary
2574,documentary
2575,drama
2576,documentary
2577,drama
2578,drama
2579,drama
2580,drama
2581,reality-tv
2582,documentary
2583,documentary
2584,action
2585,documentary
2586,comedy
2587,documentary
2588,documentary
2589,documentary
2590,documentary
2591,drama
2592,action
2593,documentary
2594,music
2595,drama
2596,documentary
2597,western
2598,short
2599,comedy
2600,comedy
2601,short
2602,drama
2603,music
2604,documentary
2605,sci-fi
2606,documentary
2607,horror
2608,documentary
2609,short
2610,drama
2611,documentary
2612,documentary
2613,thriller
2614,documentary
2615,horror
2616,drama
2617,documentary
2618,drama
2619,drama
2620,drama
2621,horror
2622,drama
2623,western
2624,comedy
2625,short
2626,sci-fi
2627,short
2628,music
2629,horror
2630,drama
2631,documentary
2632,drama
2633,documentary
2634,drama
2635,comedy
2636,horror
2637,comedy
2638,drama
2639,reality-tv
2640,documentary
2641,drama
2642,horror
2643,documentary
2644,comedy
2645,documentary
2646,drama
2647,drama
2648,documentary
2649,comedy
2650,drama
2651,drama
2652,horror
2653,comedy
2654,drama
2655,documentary
2656,drama
2657,comedy
2658,western
2659,drama
2660,documentary
2661,drama
2662,drama
2663,documentary
2664,documentary
2665,reality-tv
2666,drama
2667,documentary
2668,documentary
2669,comedy
2670,drama
2671,drama
2672,drama
2673,documentary
2674,documentary
2675,comedy
2676,drama
2677,horror
2678,drama
2679,comedy
2680,western
2681,drama
2682,drama
2683,documentary
2684,documentary
2685,documentary
2686,talk-show
2687,family
2688,drama
2689,short
2690,drama
2691,documentary
2692,documentary
2693,drama
2694,documentary
2695,documentary
2696,drama
2697,comedy
2698,drama
2699,music
2700,drama
2701,documentary
2702,drama
2703,comedy
2704,comedy
2705,documentary
2706,drama
2707,drama
2708,short
2709,comedy
2710,short
2711,drama
2712,comedy
2713,comedy
2714,sci-fi
2715,drama
2716,animation
2717,comedy
2718,documentary
2719,documentary
2720,comedy
2721,horror
2722,drama
2723,comedy
2724,crime
2725,action
2726,drama
2727,drama
2728,drama
2729,drama
2730,documentary
2731,short
2732,documentary
2733,drama
2734,documentary
2735,documentary
2736,drama
2737,documentary
2738,reality-tv
2739,horror
2740,drama
2741,drama
2742,documentary
2743,drama
2744,documentary
2745,short
2746,drama
2747,reality-tv
2748,documentary
2749,action
2750,documentary
2751,documentary
2752,drama
2753,drama
2754,music
2755,documentary
2756,horror
2757,comedy
2758,documentary
2759,documentary
2760,reality-tv
2761,action
2762,comedy
2763,documentary
2764,drama
2765,comedy
2766,drama
2767,documentary
2768,documentary
2769,documentary
2770,short
2771,documentary
2772,documentary
2773,documentary
2774,drama
2775,drama
2776,drama
2777,drama
2778,documentary
2779,documentary
2780,drama
2781,documentary
2782,horror
2783,drama
2784,documentary
2785,documentary
2786,drama
2787,documentary
2788,comedy
2789,drama
2790,drama
2791,drama
2792,short
2793,drama
2794,documentary
2795,drama
2796,drama
2797,drama
2798,horror
2799,comedy
2800,documentary
2801,short
2802,comedy
2803,drama
2804,horror
2805,drama
2806,drama
2807,drama
2808,documentary
2809,short
2810,documentary
2811,drama
2812,short
2813,drama
2814,sci-fi
2815,drama
2816,documentary
2817,documentary
2818,short
2819,drama
2820,drama
2821,short
2822,documentary
2823,comedy
2824,drama
2825,short
2826,drama
2827,comedy
2828,documentary
2829,drama
2830,documentary
2831,drama
2832,documentary
2833,comedy
2834,drama
2835,drama
2836,documentary
2837,documentary
2838,action
2839,comedy
2840,documentary
2841,comedy
2842,drama
2843,documentary
2844,comedy
2845,short
2846,drama
2847,documentary
2848,drama
2849,drama
2850,documentary
2851,drama
2852,drama
2853,drama
2854,drama
2855,thriller
2856,drama
2857,drama
2858,family
2859,drama
2860,western
2861,documentary
2862,drama
2863,reality-tv
2864,drama
2865,drama
2866,comedy
2867,drama
2868,action
2869,music
2870,documentary
2871,comedy
2872,reality-tv
2873,documentary
2874,drama
2875,action
2876,horror
2877,comedy
2878,documentary
2879,documentary
2880,drama
2881,documentary
2882,drama
2883,documentary
2884,comedy
2885,documentary
2886,drama
2887,drama
2888,comedy
2889,comedy
2890,documentary
2891,documentary
2892,drama
2893,short
2894,documentary
2895,drama
2896,comedy
2897,drama
2898,drama
2899,drama
2900,documentary
2901,animation
2902,documentary
2903,comedy
2904,comedy
2905,drama
2906,comedy
2907,comedy
2908,drama
2909,documentary
2910,documentary
2911,drama
2912,horror
2913,reality-tv
2914,drama
2915,documentary
2916,drama
2917,documentary
2918,documentary
2919,documentary
2920,drama
2921,documentary
2922,adult
2923,documentary
2924,short
2925,drama
2926,drama
2927,documentary
2928,comedy
2929,documentary
2930,comedy
2931,comedy
2932,documentary
2933,documentary
2934,western
2935,documentary
2936,short
2937,documentary
2938,mystery
2939,game-show
2940,reality-tv
2941,drama
2942,documentary
2943,drama
2944,horror
2945,documentary
2946,sci-fi
2947,documentary
2948,drama
2949,drama
2950,comedy
2951,documentary
2952,documentary
2953,western
2954,comedy
2955,comedy
2956,comedy
2957,drama
2958,documentary
2959,music
2960,drama
2961,drama
2962,drama
2963,drama
2964,documentary
2965,comedy
2966,documentary
2967,comedy
2968,short
2969,documentary
2970,documentary
2971,documentary
2972,comedy
2973,drama
2974,drama
2975,documentary
2976,drama
2977,drama
2978,documentary
2979,animation
2980,documentary
2981,comedy
2982,comedy
2983,documentary
2984,drama
2985,documentary
2986,drama
2987,drama
2988,documentary
2989,short
2990,short
2991,drama
2992,drama
2993,horror
2994,adult
2995,short
2996,documentary
2997,drama
2998,documentary
2999,short
3000,western
3001,documentary
3002,documentary
3003,drama
3004,drama
3005,documentary
3006,short
3007,comedy
3008,documentary
3009,comedy
3010,adult
3011,comedy
3012,documentary
3013,drama
3014,drama
3015,drama
3016,drama
3017,documentary
3018,horror
3019,drama
3020,drama
3021,documentary
3022,documentary
3023,comedy
3024,adventure
3025,short
3026,short
3027,documentary
3028,comedy
3029,comedy
3030,drama
3031,adventure
3032,documentary
3033,drama
3034,drama
3035,drama
3036,documentary
3037,documentary
3038,comedy
3039,drama
3040,documentary
3041,comedy
3042,comedy
3043,documentary
3044,drama
3045,drama
3046,documentary
3047,comedy
3048,drama
3049,drama
3050,horror
3051,horror
3052,drama
3053,documentary
3054,short
3055,comedy
3056,drama
3057,documentary
3058,comedy
3059,documentary
3060,comedy
3061,short
3062,drama
3063,reality-tv
3064,drama
3065,thriller
3066,action
3067,documentary
3068,crime
3069,action
3070,documentary
3071,drama
3072,documentary
3073,horror
3074,documentary
3075,horror
3076,documentary
3077,drama
3078,drama
3079,drama
3080,drama
3081,drama
3082,documentary
3083,documentary
3084,drama
3085,documentary
3086,drama
3087,drama
3088,drama
3089,comedy
3090,documentary
3091,comedy
3092,documentary
3093,drama
3094,adult
3095,short
3096,drama
3097,drama
3098,comedy
3099,comedy
3100,short
3101,documentary
3102,drama
3103,comedy
3104,documentary
3105,comedy
3106,documentary
3107,adventure
3108,documentary
3109,documentary
3110,family
3111,drama
3112,drama
3113,drama
3114,documentary
3115,documentary
3116,documentary
3117,documentary
3118,drama
3119,documentary
3120,drama
3121,documentary
3122,documentary
3123,horror
3124,documentary
3125,comedy
3126,documentary
3127,drama
3128,drama
3129,sci-fi
3130,documentary
3131,drama
3132,musical
3133,documentary
3134,documentary
3135,documentary
3136,drama
3137,western
3138,drama
3139,drama
3140,documentary
3141,documentary
3142,drama
3143,documentary
3144,horror
3145,drama
3146,drama
3147,drama
3148,comedy
3149,drama
3150,western
3151,documentary
3152,comedy
3153,comedy
3154,drama
3155,drama
3156,comedy
3157,drama
3158,reality-tv
3159,reality-tv
3160,drama
3161,drama
3162,drama
3163,documentary
3164,documentary
3165,documentary
3166,comedy
3167,documentary
3168,drama
3169,thriller
3170,drama
3171,documentary
3172,reality-tv
3173,documentary
3174,documentary
3175,comedy
3176,documentary
3177,drama
3178,drama
3179,drama
3180,comedy
3181,documentary
3182,drama
3183,documentary
3184,drama
3185,documentary
3186,documentary
3187,drama
3188,drama
3189,drama
3190,drama
3191,drama
3192,horror
3193,documentary
3194,documentary
3195,documentary
3196,documentary
3197,thriller
3198,documentary
3199,documentary
3200,documentary
3201,drama
3202,drama
3203,drama
3204,comedy
3205,comedy
3206,comedy
3207,short
3208,drama
3209,drama
3210,short
3211,comedy
3212,documentary
3213,drama
3214,comedy
3215,action
3216,western
3217,documentary
3218,thriller
3219,short
3220,action
3221,drama
3222,short
3223,documentary
3224,drama
3225,short
3226,drama
3227,drama
3228,documentary
3229,thriller
3230,comedy
3231,drama
3232,documentary
3233,documentary
3234,comedy
3235,horror
3236,short
3237,comedy
3238,comedy
3239,documentary
3240,drama
3241,adventure
3242,drama
3243,comedy
3244,drama
3245,documentary
3246,fantasy
3247,drama
3248,drama
3249,short
3250,documentary
3251,horror
3252,documentary
3253,sci-fi
3254,talk-show
3255,drama
3256,documentary
3257,drama
3258,drama
3259,documentary
3260,comedy
3261,drama
3262,comedy
3263,drama
3264,documentary
3265,documentary
3266,short
3267,drama
3268,documentary
3269,drama
3270,documentary
3271,documentary
3272,documentary
3273,drama
3274,documentary
3275,western
3276,documentary
3277,documentary
3278,comedy
3279,thriller
3280,reality-tv
3281,drama
3282,documentary
3283,comedy
3284,drama
3285,horror
3286,comedy
3287,drama
3288,short
3289,drama
3290,short
3291,drama
3292,action
3293,documentary
3294,drama
3295,reality-tv
3296,documentary
3297,documentary
3298,comedy
3299,drama
3300,documentary
3301,documentary
3302,adventure
3303,documentary
3304,drama
3305,documentary
3306,drama
3307,drama
3308,documentary
3309,comedy
3310,documentary
3311,drama
3312,documentary
3313,talk-show
3314,documentary
3315,comedy
3316,drama
3317,comedy
3318,short
3319,comedy
3320,documentary
3321,drama
3322,documentary
3323,drama
3324,sport
3325,comedy
3326,comedy
3327,drama
3328,comedy
3329,drama
3330,drama
3331,documentary
3332,drama
3333,documentary
3334,documentary
3335,documentary
3336,documentary
3337,drama
3338,comedy
3339,short
3340,adult
3341,documentary
3342,drama
3343,drama
3344,short
3345,documentary
3346,drama
3347,documentary
3348,documentary
3349,short
3350,drama
3351,documentary
3352,comedy
3353,documentary
3354,drama
3355,drama
3356,drama
3357,comedy
3358,documentary
3359,drama
3360,short
3361,comedy
3362,drama
3363,comedy
3364,documentary
3365,drama
3366,documentary
3367,comedy
3368,documentary
3369,comedy
3370,music
3371,drama
3372,short
3373,action
3374,comedy
3375,western
3376,documentary
3377,documentary
3378,horror
3379,drama
3380,documentary
3381,drama
3382,comedy
3383,documentary
3384,drama
3385,action
3386,drama
3387,drama
3388,comedy
3389,horror
3390,drama
3391,documentary
3392,drama
3393,comedy
3394,drama
3395,reality-tv
3396,drama
3397,drama
3398,comedy
3399,drama
3400,drama
3401,documentary
3402,documentary
3403,drama
3404,comedy
3405,documentary
3406,horror
3407,comedy
3408,music
3409,documentary
3410,drama
3411,drama
3412,western
3413,drama
3414,drama
3415,documentary
3416,drama
3417,horror
3418,crime
3419,drama
3420,action
3421,comedy
3422,drama
3423,documentary
3424,documentary
3425,documentary
3426,drama
3427,drama
3428,drama
3429,documentary
3430,comedy
3431,documentary
3432,short
3433,drama
3434,thriller
3435,horror
3436,drama
3437,drama
3438,documentary
3439,documentary
3440,documentary
3441,adventure
3442,documentary
3443,adventure
3444,drama
3445,drama
3446,documentary
3447,music
3448,documentary
3449,drama
3450,comedy
3451,documentary
3452,drama
3453,documentary
3454,comedy
3455,drama
3456,comedy
3457,comedy
3458,drama
3459,drama
3460,documentary
3461,documentary
3462,documentary
3463,documentary
3464,drama
3465,drama
3466,comedy
3467,drama
3468,music
3469,drama
3470,drama
3471,documentary
3472,horror
3473,horror
3474,drama
3475,documentary
3476,documentary
3477,documentary
3478,thriller
3479,documentary
3480,comedy
3481,drama
3482,drama
3483,drama
3484,drama
3485,short
3486,documentary
3487,horror
3488,sci-fi
3489,documentary
3490,documentary
3491,comedy
3492,documentary
3493,action
3494,comedy
3495,music
3496,drama
3497,sci-fi
3498,short
3499,thriller
3500,drama
3501,documentary
3502,documentary
3503,comedy
3504,documentary
3505,drama
3506,comedy
3507,horror
3508,drama
3509,drama
3510,documentary
3511,horror
3512,drama
3513,comedy
3514,comedy
3515,drama
3516,drama
3517,drama
3518,drama
3519,drama
3520,documentary
3521,comedy
3522,documentary
3523,documentary
3524,documentary
3525,drama
3526,drama
3527,documentary
3528,comedy
3529,documentary
3530,drama
3531,short
3532,short
3533,documentary
3534,short
3535,drama
3536,drama
3537,documentary
3538,comedy
3539,drama
3540,documentary
3541,drama
3542,comedy
3543,comedy
3544,comedy
3545,documentary
3546,reality-tv
3547,drama
3548,drama
3549,drama
3550,horror
3551,short
3552,short
3553,game-show
3554,horror
3555,documentary
3556,comedy
3557,documentary
3558,drama
3559,animation
3560,documentary
3561,documentary
3562,horror
3563,drama
3564,drama
3565,drama
3566,drama
3567,drama
3568,drama
3569,short
3570,comedy
3571,drama
3572,documentary
3573,comedy
3574,crime
3575,drama
3576,drama
3577,documentary
3578,documentary
3579,comedy
3580,drama
3581,drama
3582,drama
3583,drama
3584,drama
3585,horror
3586,talk-show
3587,drama
3588,short
3589,documentary
3590,sci-fi
3591,documentary
3592,reality-tv
3593,thriller
3594,drama
3595,documentary
3596,drama
3597,documentary
3598,documentary
3599,drama
3600,drama
3601,short
3602,comedy
3603,documentary
3604,documentary
3605,comedy
3606,documentary
3607,short
3608,comedy
3609,documentary
3610,drama
3611,drama
3612,drama
3613,horror
3614,horror
3615,drama
3616,drama
3617,documentary
3618,documentary
3619,short
3620,short
3621,drama
3622,family
3623,drama
3624,short
3625,documentary
3626,sci-fi
3627,documentary
3628,comedy
3629,comedy
3630,horror
3631,comedy
3632,documentary
3633,documentary
3634,comedy
3635,comedy
3636,documentary
3637,drama
3638,drama
3639,documentary
3640,documentary
3641,comedy
3642,drama
3643,drama
3644,drama
3645,drama
3646,documentary
3647,drama
3648,drama
3649,documentary
3650,documentary
3651,family
3652,comedy
3653,documentary
3654,horror
3655,thriller
3656,short
3657,horror
3658,documentary
3659,drama
3660,documentary
3661,drama
3662,thriller
3663,drama
3664,adventure
3665,comedy
3666,drama
3667,drama
3668,short
3669,drama
3670,documentary
3671,drama
3672,drama
3673,drama
3674,documentary
3675,documentary
3676,comedy
3677,thriller
3678,documentary
3679,comedy
3680,documentary
3681,documentary
3682,drama
3683,documentary
3684,drama
3685,drama
3686,comedy
3687,short
3688,drama
3689,comedy
3690,documentary
3691,drama
3692,short
3693,horror
3694,family
3695,animation
3696,drama
3697,sci-fi
3698,documentary
3699,comedy
3700,documentary
3701,drama
3702,drama
3703,documentary
3704,documentary
3705,comedy
3706,drama
3707,documentary
3708,drama
3709,documentary
3710,documentary
3711,documentary
3712,drama
3713,short
3714,horror
3715,documentary
3716,horror
3717,documentary
3718,comedy
3719,documentary
3720,comedy
3721,drama
3722,documentary
3723,comedy
3724,comedy
3725,documentary
3726,western
3727,comedy
3728,comedy
3729,documentary
3730,documentary
3731,thriller
3732,adult
3733,documentary
3734,drama
3735,short
3736,drama
3737,drama
3738,comedy
3739,documentary
3740,documentary
3741,comedy
3742,documentary
3743,drama
3744,documentary
3745,horror
3746,drama
3747,documentary
3748,documentary
3749,documentary
3750,documentary
3751,drama
3752,documentary
3753,drama
3754,documentary
3755,documentary
3756,short
3757,documentary
3758,horror
3759,family
3760,drama
3761,drama
3762,drama
3763,drama
3764,comedy
3765,drama
3766,comedy
3767,drama
3768,documentary
3769,documentary
3770,documentary
3771,drama
3772,adult
3773,documentary
3774,drama
3775,drama
3776,documentary
3777,drama
3778,documentary
3779,drama
3780,documentary
3781,drama
3782,drama
3783,drama
3784,comedy
3785,drama
3786,drama
3787,drama
3788,documentary
3789,talk-show
3790,documentary
3791,short
3792,thriller
3793,horror
3794,thriller
3795,documentary
3796,drama
3797,sci-fi
3798,documentary
3799,drama
3800,drama
3801,documentary
3802,comedy
3803,documentary
3804,drama
3805,documentary
3806,documentary
3807,drama
3808,horror
3809,documentary
3810,drama
3811,comedy
3812,drama
3813,documentary
3814,drama
3815,documentary
3816,comedy
3817,drama
3818,documentary
3819,drama
3820,documentary
3821,documentary
3822,drama
3823,drama
3824,comedy
3825,documentary
3826,documentary
3827,documentary
3828,documentary
3829,sport
3830,drama
3831,drama
3832,western
3833,documentary
3834,drama
3835,drama
3836,documentary
3837,documentary
3838,short
3839,short
3840,thriller
3841,western
3842,western
3843,drama
3844,comedy
3845,drama
3846,horror
3847,documentary
3848,drama
3849,documentary
3850,drama
3851,drama
3852,documentary
3853,drama
3854,drama
3855,short
3856,documentary
3857,documentary
3858,drama
3859,documentary
3860,horror
3861,documentary
3862,drama
3863,drama
3864,documentary
3865,adventure
3866,documentary
3867,documentary
3868,drama
3869,short
3870,documentary
3871,documentary
3872,history
3873,drama
3874,drama
3875,documentary
3876,documentary
3877,short
3878,documentary
3879,comedy
3880,drama
3881,comedy
3882,drama
3883,short
3884,drama
3885,drama
3886,drama
3887,comedy
3888,short
3889,western
3890,short
3891,sci-fi
3892,comedy
3893,drama
3894,action
3895,comedy
3896,drama
3897,documentary
3898,documentary
3899,documentary
3900,documentary
3901,comedy
3902,horror
3903,documentary
3904,comedy
3905,documentary
3906,horror
3907,sci-fi
3908,drama
3909,sci-fi
3910,documentary
3911,documentary
3912,adventure
3913,drama
3914,documentary
3915,documentary
3916,comedy
3917,music
3918,horror
3919,documentary
3920,short
3921,drama
3922,drama
3923,documentary
3924,adventure
3925,comedy
3926,drama
3927,drama
3928,documentary
3929,documentary
3930,comedy
3931,talk-show
3932,game-show
3933,adult
3934,western
3935,drama
3936,short
3937,documentary
3938,drama
3939,documentary
3940,documentary
3941,drama
3942,short
3943,documentary
3944,documentary
3945,horror
3946,comedy
3947,drama
3948,documentary
3949,documentary
3950,documentary
3951,documentary
3952,comedy
3953,horror
3954,comedy
3955,adult
3956,drama
3957,comedy
3958,comedy
3959,short
3960,drama
3961,comedy
3962,drama
3963,comedy
3964,documentary
3965,drama
3966,short
3967,documentary
3968,documentary
3969,short
3970,drama
3971,drama
3972,comedy
3973,horror
3974,horror
3975,drama
3976,comedy
3977,short
3978,documentary
3979,drama
3980,horror
3981,drama
3982,documentary
3983,documentary
3984,documentary
3985,drama
3986,documentary
3987,documentary
3988,documentary
3989,western
3990,drama
3991,documentary
3992,documentary
3993,drama
3994,documentary
3995,drama
3996,documentary
3997,documentary
3998,comedy
3999,drama
4000,drama
4001,documentary
4002,drama
4003,documentary
4004,documentary
4005,drama
4006,documentary
4007,drama
4008,drama
4009,drama
4010,drama
4011,short
4012,horror
4013,comedy
4014,drama
4015,comedy
4016,documentary
4017,horror
4018,short
4019,documentary
4020,documentary
4021,short
4022,documentary
4023,documentary
4024,drama
4025,comedy
4026,short
4027,documentary
4028,action
4029,documentary
4030,documentary
4031,short
4032,documentary
4033,drama
4034,drama
4035,documentary
4036,short
4037,sci-fi
4038,drama
4039,drama
4040,drama
4041,comedy
4042,drama
4043,documentary
4044,drama
4045,comedy
4046,comedy
4047,drama
4048,drama
4049,game-show
4050,drama
4051,drama
4052,western
4053,drama
4054,drama
4055,comedy
4056,horror
4057,drama
4058,western
4059,comedy
4060,drama
4061,drama
4062,horror
4063,drama
4064,documentary
4065,documentary
4066,drama
4067,documentary
4068,short
4069,comedy
4070,documentary
4071,thriller
4072,short
4073,drama
4074,horror
4075,drama
4076,drama
4077,documentary
4078,documentary
4079,documentary
4080,action
4081,drama
4082,documentary
4083,drama
4084,comedy
4085,documentary
4086,comedy
4087,documentary
4088,comedy
4089,comedy
4090,short
4091,documentary
4092,documentary
4093,documentary
4094,documentary
4095,drama
4096,drama
4097,action
4098,short
4099,drama
4100,documentary
4101,short
4102,drama
4103,drama
4104,comedy
4105,documentary
4106,comedy
4107,comedy
4108,documentary
4109,drama
4110,drama
4111,adventure
4112,drama
4113,drama
4114,action
4115,drama
4116,drama
4117,short
4118,horror
4119,comedy
4120,drama
4121,comedy
4122,comedy
4123,western
4124,documentary
4125,comedy
4126,horror
4127,documentary
4128,horror
4129,comedy
4130,drama
4131,drama
4132,documentary
4133,comedy
4134,documentary
4135,documentary
4136,documentary
4137,drama
4138,documentary
4139,drama
4140,documentary
4141,drama
4142,drama
4143,drama
4144,documentary
4145,documentary
4146,short
4147,comedy
4148,drama
4149,horror
4150,documentary
4151,drama
4152,drama
4153,family
4154,documentary
4155,comedy
4156,drama
4157,drama
4158,horror
4159,adventure
4160,short
4161,reality-tv
4162,comedy
4163,drama
4164,drama
4165,documentary
4166,comedy
4167,comedy
4168,documentary
4169,drama
4170,documentary
4171,comedy
4172,documentary
4173,drama
4174,reality-tv
4175,drama
4176,drama
4177,comedy
4178,drama
4179,drama
4180,documentary
4181,short
4182,documentary
4183,drama
4184,documentary
4185,comedy
4186,comedy
4187,documentary
4188,documentary
4189,sci-fi
4190,documentary
4191,western
4192,documentary
4193,short
4194,drama
4195,documentary
4196,comedy
4197,documentary
4198,drama
4199,drama
4200,western
4201,comedy
4202,drama
4203,documentary
4204,documentary
4205,comedy
4206,comedy
4207,action
4208,drama
4209,drama
4210,action
4211,comedy
4212,drama
4213,comedy
4214,animation
4215,drama
4216,drama
4217,comedy
4218,comedy
4219,documentary
4220,drama
4221,drama
4222,short
4223,drama
4224,documentary
4225,drama
4226,documentary
4227,drama
4228,horror
4229,documentary
4230,comedy
4231,drama
4232,documentary
4233,drama
4234,documentary
4235,documentary
4236,documentary
4237,comedy
4238,action
4239,drama
4240,short
4241,drama
4242,documentary
4243,documentary
4244,documentary
4245,drama
4246,comedy
4247,drama
4248,comedy
4249,thriller
4250,drama
4251,action
4252,music
4253,drama
4254,horror
4255,comedy
4256,drama
4257,documentary
4258,documentary
4259,comedy
4260,short
4261,documentary
4262,family
4263,news
4264,drama
4265,drama
4266,comedy
4267,documentary
4268,drama
4269,drama
4270,short
4271,drama
4272,short
4273,family
4274,western
4275,documentary
4276,documentary
4277,documentary
4278,drama
4279,documentary
4280,music
4281,drama
4282,drama
4283,documentary
4284,comedy
4285,documentary
4286,drama
4287,documentary
4288,documentary
4289,drama
4290,drama
4291,drama
4292,short
4293,drama
4294,comedy
4295,drama
4296,documentary
4297,drama
4298,comedy
4299,comedy
4300,comedy
4301,drama
4302,horror
4303,drama
4304,comedy
4305,comedy
4306,drama
4307,comedy
4308,horror
4309,comedy
4310,drama
4311,drama
4312,documentary
4313,comedy
4314,documentary
4315,documentary
4316,action
4317,documentary
4318,drama
4319,short
4320,drama
4321,comedy
4322,documentary
4323,comedy
4324,short
4325,drama
4326,horror
4327,drama
4328,short
4329,action
4330,action
4331,documentary
4332,documentary
4333,comedy
4334,comedy
4335,comedy
4336,short
4337,documentary
4338,documentary
4339,drama
4340,drama
4341,adult
4342,drama
4343,documentary
4344,action
4345,documentary
4346,drama
4347,comedy
4348,drama
4349,romance
4350,drama
4351,drama
4352,drama
4353,drama
4354,horror
4355,documentary
4356,drama
4357,documentary
4358,drama
4359,documentary
4360,western
4361,documentary
4362,drama
4363,drama
4364,horror
4365,documentary
4366,drama
4367,documentary
4368,thriller
4369,documentary
4370,documentary
4371,comedy
4372,documentary
4373,documentary
4374,comedy
4375,documentary
4376,documentary
4377,documentary
4378,music
4379,documentary
4380,documentary
4381,drama
4382,documentary
4383,horror
4384,comedy
4385,documentary
4386,short
4387,short
4388,documentary
4389,comedy
4390,drama
4391,action
4392,drama
4393,comedy
4394,comedy
4395,documentary
4396,drama
4397,drama
4398,short
4399,comedy
4400,comedy
4401,short
4402,drama
4403,documentary
4404,drama
4405,drama
4406,documentary
4407,drama
4408,drama
4409,short
4410,adult
4411,adventure
4412,documentary
4413,drama
4414,documentary
4415,drama
4416,drama
4417,documentary
4418,documentary
4419,documentary
4420,drama
4421,documentary
4422,drama
4423,documentary
4424,drama
4425,documentary
4426,horror
4427,documentary
4428,comedy
4429,drama
4430,documentary
4431,short
4432,drama
4433,drama
4434,drama
4435,drama
4436,documentary
4437,game-show
4438,drama
4439,drama
4440,documentary
4441,thriller
4442,drama
4443,documentary
4444,comedy
4445,drama
4446,comedy
4447,comedy
4448,drama
4449,drama
4450,comedy
4451,thriller
4452,drama
4453,drama
4454,drama
4455,documentary
4456,drama
4457,documentary
4458,documentary
4459,short
4460,comedy
4461,drama
4462,drama
4463,documentary
4464,drama
4465,comedy
4466,western
4467,documentary
4468,drama
4469,comedy
4470,documentary
4471,drama
4472,drama
4473,music
4474,drama
4475,comedy
4476,documentary
4477,documentary
4478,comedy
4479,drama
4480,documentary
4481,action
4482,documentary
4483,drama
4484,action
4485,documentary
4486,drama
4487,drama
4488,comedy
4489,drama
4490,documentary
4491,drama
4492,documentary
4493,documentary
4494,short
4495,horror
4496,short
4497,drama
4498,drama
4499,horror
4500,drama
4501,documentary
4502,drama
4503,documentary
4504,short
4505,documentary
4506,comedy
4507,comedy
4508,drama
4509,drama
4510,drama
4511,music
4512,reality-tv
4513,documentary
4514,drama
4515,drama
4516,western
4517,drama
4518,comedy
4519,drama
4520,thriller
4521,music
4522,comedy
4523,drama
4524,short
4525,talk-show
4526,documentary
4527,comedy
4528,game-show
4529,comedy
4530,documentary
4531,comedy
4532,adult
4533,documentary
4534,documentary
4535,drama
4536,short
4537,horror
4538,comedy
4539,short
4540,documentary
4541,drama
4542,drama
4543,drama
4544,documentary
4545,music
4546,thriller
4547,short
4548,documentary
4549,comedy
4550,drama
4551,drama
4552,drama
4553,documentary
4554,horror
4555,drama
4556,drama
4557,drama
4558,drama
4559,drama
4560,documentary
4561,drama
4562,documentary
4563,drama
4564,drama
4565,drama
4566,drama
4567,drama
4568,drama
4569,action
4570,sport
4571,documentary
4572,comedy
4573,documentary
4574,drama
4575,documentary
4576,western
4577,documentary
4578,drama
4579,documentary
4580,drama
4581,drama
4582,documentary
4583,horror
4584,documentary
4585,documentary
4586,drama
4587,western
4588,drama
4589,family
4590,comedy
4591,short
4592,documentary
4593,drama
4594,documentary
4595,drama
4596,documentary
4597,drama
4598,drama
4599,documentary
4600,documentary
4601,documentary
4602,drama
4603,documentary
4604,drama
4605,short
4606,comedy
4607,documentary
4608,documentary
4609,comedy
4610,comedy
4611,drama
4612,drama
4613,drama
4614,comedy
4615,horror
4616,documentary
4617,drama
4618,documentary
4619,drama
4620,drama
4621,drama
4622,drama
4623,drama
4624,documentary
4625,drama
4626,horror
4627,drama
4628,comedy
4629,reality-tv
4630,drama
4631,horror
4632,drama
4633,documentary
4634,drama
4635,documentary
4636,documentary
4637,drama
4638,documentary
4639,drama
4640,documentary
4641,comedy
4642,drama
4643,drama
4644,sport
4645,drama
4646,comedy
4647,drama
4648,drama
4649,short
4650,documentary
4651,comedy
4652,drama
4653,short
4654,comedy
4655,documentary
4656,documentary
4657,documentary
4658,comedy
4659,drama
4660,documentary
4661,documentary
4662,talk-show
4663,drama
4664,drama
4665,comedy
4666,comedy
4667,western
4668,drama
4669,documentary
4670,drama
4671,horror
4672,comedy
4673,documentary
4674,drama
4675,documentary
4676,documentary
4677,drama
4678,documentary
4679,comedy
4680,drama
4681,short
4682,drama
4683,drama
4684,documentary
4685,horror
4686,comedy
4687,documentary
4688,comedy
4689,drama
4690,documentary
4691,documentary
4692,drama
4693,comedy
4694,documentary
4695,drama
4696,short
4697,documentary
4698,drama
4699,drama
4700,music
4701,drama
4702,reality-tv
4703,documentary
4704,adult
4705,documentary
4706,comedy
4707,drama
4708,documentary
4709,drama
4710,drama
4711,documentary
4712,drama
4713,comedy
4714,drama
4715,documentary
4716,drama
4717,documentary
4718,short
4719,drama
4720,drama
4721,documentary
4722,drama
4723,action
4724,adult
4725,drama
4726,drama
4727,adult
4728,comedy
4729,short
4730,drama
4731,drama
4732,comedy
4733,documentary
4734,action
4735,documentary
4736,drama
4737,documentary
4738,drama
4739,sci-fi
4740,drama
4741,drama
4742,comedy
4743,drama
4744,comedy
4745,documentary
4746,documentary
4747,drama
4748,documentary
4749,drama
4750,horror
4751,drama
4752,comedy
4753,documentary
4754,western
4755,documentary
4756,short
4757,horror
4758,drama
4759,documentary
4760,action
4761,comedy
4762,drama
4763,sci-fi
4764,drama
4765,drama
4766,documentary
4767,drama
4768,documentary
4769,short
4770,drama
4771,documentary
4772,horror
4773,documentary
4774,drama
4775,documentary
4776,comedy
4777,documentary
4778,game-show
4779,comedy
4780,short
4781,drama
4782,documentary
4783,western
4784,comedy
4785,drama
4786,documentary
4787,comedy
4788,documentary
4789,drama
4790,drama
4791,short
4792,documentary
4793,short
4794,horror
4795,comedy
4796,short
4797,documentary
4798,comedy
4799,documentary
4800,short
4801,music
4802,comedy
4803,drama
4804,drama
4805,comedy
4806,documentary
4807,documentary
4808,comedy
4809,drama
4810,comedy
4811,sci-fi
4812,documentary
4813,western
4814,drama
4815,war
4816,documentary
4817,drama
4818,drama
4819,drama
4820,drama
4821,documentary
4822,documentary
4823,drama
4824,drama
4825,horror
4826,drama
4827,short
4828,drama
4829,documentary
4830,drama
4831,comedy
4832,drama
4833,documentary
4834,documentary
4835,comedy
4836,drama
4837,documentary
4838,horror
4839,comedy
4840,comedy
4841,drama
4842,horror
4843,comedy
4844,drama
4845,reality-tv
4846,documentary
4847,comedy
4848,documentary
4849,music
4850,comedy
4851,comedy
4852,drama
4853,short
4854,music
4855,comedy
4856,comedy
4857,drama
4858,horror
4859,drama
4860,documentary
4861,drama
4862,thriller
4863,drama
4864,documentary
4865,drama
4866,documentary
4867,horror
4868,documentary
4869,drama
4870,comedy
4871,documentary
4872,documentary
4873,short
4874,comedy
4875,drama
4876,drama
4877,documentary
4878,drama
4879,documentary
4880,short
4881,short
4882,documentary
4883,documentary
4884,documentary
4885,short
4886,action
4887,sci-fi
4888,sci-fi
4889,drama
4890,drama
4891,comedy
4892,documentary
4893,documentary
4894,documentary
4895,drama
4896,comedy
4897,documentary
4898,action
4899,drama
4900,drama
4901,comedy
4902,comedy
4903,horror
4904,comedy
4905,documentary
4906,documentary
4907,documentary
4908,drama
4909,drama
4910,comedy
4911,drama
4912,documentary
4913,documentary
4914,comedy
4915,documentary
4916,comedy
4917,drama
4918,drama
4919,drama
4920,drama
4921,documentary
4922,short
4923,documentary
4924,comedy
4925,reality-tv
4926,documentary
4927,short
4928,documentary
4929,documentary
4930,drama
4931,short
4932,short
4933,drama
4934,drama
4935,documentary
4936,documentary
4937,comedy
4938,comedy
4939,drama
4940,sci-fi
4941,short
4942,drama
4943,drama
4944,drama
4945,sport
4946,comedy
4947,comedy
4948,adventure
4949,drama
4950,drama
4951,documentary
4952,comedy
4953,drama
4954,drama
4955,drama
4956,horror
4957,documentary
4958,drama
4959,short
4960,documentary
4961,drama
4962,drama
4963,drama
4964,documentary
4965,thriller
4966,comedy
4967,documentary
4968,western
4969,drama
4970,documentary
4971,drama
4972,drama
4973,documentary
4974,drama
4975,comedy
4976,short
4977,drama
4978,documentary
4979,drama
4980,documentary
4981,short
4982,drama
4983,drama
4984,horror
4985,documentary
4986,drama
4987,action
4988,drama
4989,drama
4990,horror
4991,documentary
4992,documentary
4993,documentary
4994,drama
4995,documentary
4996,drama
4997,documentary
4998,documentary
4999,documentary
5000,documentary
5001,comedy
5002,horror
5003,thriller
5004,comedy
5005,documentary
5006,drama
5007,short
5008,news
5009,reality-tv
5010,comedy
5011,comedy
5012,drama
5013,documentary
5014,comedy
5015,drama
5016,sport
5017,short
5018,short
5019,comedy
5020,drama
5021,documentary
5022,western
5023,comedy
5024,drama
5025,comedy
5026,drama
5027,drama
5028,short
5029,documentary
5030,drama
5031,comedy
5032,documentary
5033,drama
5034,drama
5035,drama
5036,drama
5037,drama
5038,drama
5039,horror
5040,western
5041,documentary
5042,drama
5043,drama
5044,drama
5045,drama
5046,drama
5047,documentary
5048,documentary
5049,horror
5050,drama
5051,documentary
5052,documentary
5053,documentary
5054,documentary
5055,documentary
5056,horror
5057,drama
5058,short
5059,drama
5060,documentary
5061,documentary
5062,documentary
5063,drama
5064,comedy
5065,comedy
5066,drama
5067,documentary
5068,drama
5069,horror
5070,drama
5071,comedy
5072,drama
5073,documentary
5074,drama
5075,short
5076,drama
5077,documentary
5078,documentary
5079,drama
5080,comedy
5081,drama
5082,drama
5083,drama
5084,drama
5085,drama
5086,documentary
5087,drama
5088,comedy
5089,documentary
5090,documentary
5091,comedy
5092,documentary
5093,adventure
5094,short
5095,comedy
5096,short
5097,drama
5098,drama
5099,drama
5100,drama
5101,documentary
5102,documentary
5103,documentary
5104,documentary
5105,drama
5106,short
5107,comedy
5108,adult
5109,documentary
5110,documentary
5111,comedy
5112,comedy
5113,documentary
5114,family
5115,documentary
5116,documentary
5117,documentary
5118,drama
5119,short
5120,documentary
5121,drama
5122,comedy
5123,documentary
5124,documentary
5125,drama
5126,drama
5127,comedy
5128,documentary
5129,documentary
5130,drama
5131,documentary
5132,documentary
5133,comedy
5134,drama
5135,documentary
5136,drama
5137,comedy
5138,documentary
5139,drama
5140,sci-fi
5141,drama
5142,drama
5143,drama
5144,drama
5145,drama
5146,documentary
5147,comedy
5148,comedy
5149,drama
5150,drama
5151,documentary
5152,documentary
5153,mystery
5154,documentary
5155,drama
5156,documentary
5157,documentary
5158,drama
5159,short
5160,documentary
5161,documentary
5162,documentary
5163,documentary
5164,documentary
5165,documentary
5166,horror
5167,drama
5168,documentary
5169,comedy
5170,drama
5171,documentary
5172,western
5173,comedy
5174,drama
5175,western
5176,drama
5177,comedy
5178,comedy
5179,drama
5180,drama
5181,horror
5182,documentary
5183,horror
5184,adventure
5185,drama
5186,drama
5187,documentary
5188,drama
5189,drama
5190,western
5191,drama
5192,short
5193,drama
5194,drama
5195,drama
5196,documentary
5197,drama
5198,comedy
5199,comedy
5200,comedy
5201,comedy
5202,documentary
5203,comedy
5204,documentary
5205,documentary
5206,documentary
5207,drama
5208,documentary
5209,drama
5210,horror
5211,short
5212,drama
5213,comedy
5214,drama
5215,documentary
5216,drama
5217,documentary
5218,music
5219,documentary
5220,drama
5221,drama
5222,documentary
5223,comedy
5224,comedy
5225,short
5226,documentary
5227,drama
5228,drama
5229,comedy
5230,drama
5231,drama
5232,documentary
5233,documentary
5234,documentary
5235,drama
5236,short
5237,western
5238,documentary
5239,drama
5240,short
5241,drama
5242,documentary
5243,drama
5244,drama
5245,drama
5246,horror
5247,comedy
5248,drama
5249,comedy
5250,drama
5251,drama
5252,documentary
5253,comedy
5254,documentary
5255,documentary
5256,drama
5257,sport
5258,drama
5259,short
5260,western
5261,documentary
5262,drama
5263,short
5264,comedy
5265,documentary
5266,horror
5267,documentary
5268,documentary
5269,drama
5270,documentary
5271,documentary
5272,drama
5273,action
5274,documentary
5275,western
5276,documentary
5277,drama
5278,western
5279,short
5280,drama
5281,documentary
5282,drama
5283,sport
5284,documentary
5285,comedy
5286,comedy
5287,drama
5288,drama
5289,documentary
5290,documentary
5291,sci-fi
5292,documentary
5293,comedy
5294,drama
5295,comedy
5296,action
5297,drama
5298,horror
5299,documentary
5300,documentary
5301,short
5302,horror
5303,comedy
5304,drama
5305,drama
5306,comedy
5307,documentary
5308,drama
5309,documentary
5310,drama
5311,documentary
5312,documentary
5313,comedy
5314,short
5315,documentary
5316,comedy
5317,comedy
5318,documentary
5319,horror
5320,documentary
5321,documentary
5322,drama
5323,comedy
5324,documentary
5325,drama
5326,drama
5327,drama
5328,documentary
5329,drama
5330,documentary
5331,drama
5332,comedy
5333,action
5334,documentary
5335,short
5336,drama
5337,music
5338,drama
5339,short
5340,drama
5341,documentary
5342,drama
5343,documentary
5344,comedy
5345,short
5346,drama
5347,documentary
5348,short
5349,comedy
5350,documentary
5351,drama
5352,documentary
5353,drama
5354,comedy
5355,comedy
5356,drama
5357,action
5358,drama
5359,drama
5360,comedy
5361,documentary
5362,comedy
5363,drama
5364,drama
5365,comedy
5366,drama
5367,sci-fi
5368,short
5369,drama
5370,comedy
5371,drama
5372,documentary
5373,drama
5374,action
5375,horror
5376,horror
5377,drama
5378,drama
5379,drama
5380,drama
5381,comedy
5382,drama
5383,drama
5384,comedy
5385,documentary
5386,comedy
5387,drama
5388,comedy
5389,drama
5390,drama
5391,action
5392,family
5393,drama
5394,comedy
5395,drama
5396,drama
5397,drama
5398,comedy
5399,drama
5400,documentary
5401,short
5402,drama
5403,horror
5404,documentary
5405,comedy
5406,documentary
5407,comedy
5408,drama
5409,drama
5410,drama
5411,horror
5412,comedy
5413,documentary
5414,short
5415,documentary
5416,horror
5417,documentary
5418,drama
5419,drama
5420,adult
5421,drama
5422,comedy
5423,documentary
5424,comedy
5425,comedy
5426,drama
5427,documentary
5428,documentary
5429,documentary
5430,drama
5431,drama
5432,game-show
5433,documentary
5434,western
5435,documentary
5436,drama
5437,documentary
5438,drama
5439,horror
5440,drama
5441,documentary
5442,sci-fi
5443,drama
5444,adult
5445,documentary
5446,adult
5447,documentary
5448,documentary
5449,comedy
5450,documentary
5451,comedy
5452,documentary
5453,drama
5454,drama
5455,documentary
5456,short
5457,drama
5458,short
5459,drama
5460,drama
5461,sci-fi
5462,horror
5463,short
5464,documentary
5465,short
5466,comedy
5467,western
5468,drama
5469,drama
5470,documentary
5471,thriller
5472,comedy
5473,drama
5474,documentary
5475,drama
5476,documentary
5477,documentary
5478,horror
5479,documentary
5480,drama
5481,drama
5482,documentary
5483,drama
5484,drama
5485,documentary
5486,drama
5487,documentary
5488,drama
5489,drama
5490,documentary
5491,comedy
5492,drama
5493,documentary
5494,horror
5495,short
5496,comedy
5497,comedy
5498,drama
5499,drama
5500,drama
5501,comedy
5502,comedy
5503,documentary
5504,documentary
5505,drama
5506,documentary
5507,documentary
5508,drama
5509,documentary
5510,comedy
5511,documentary
5512,documentary
5513,short
5514,documentary
5515,drama
5516,documentary
5517,documentary
5518,music
5519,short
5520,documentary
5521,drama
5522,comedy
5523,documentary
5524,documentary
5525,documentary
5526,documentary
5527,drama
5528,drama
5529,comedy
5530,drama
5531,documentary
5532,drama
5533,documentary
5534,documentary
5535,comedy
5536,drama
5537,drama
5538,documentary
5539,documentary
5540,documentary
5541,documentary
5542,drama
5543,documentary
5544,documentary
5545,horror
5546,drama
5547,drama
5548,documentary
5549,documentary
5550,documentary
5551,horror
5552,drama
5553,drama
5554,documentary
5555,drama
5556,western
5557,drama
5558,documentary
5559,drama
5560,documentary
5561,documentary
5562,short
5563,documentary
5564,drama
5565,drama
5566,drama
5567,documentary
5568,documentary
5569,horror
5570,drama
5571,documentary
5572,documentary
5573,drama
5574,comedy
5575,drama
5576,drama
5577,documentary
5578,comedy
5579,drama
5580,documentary
5581,drama
5582,documentary
5583,documentary
5584,documentary
5585,drama
5586,drama
5587,drama
5588,drama
5589,drama
5590,documentary
5591,comedy
5592,drama
5593,documentary
5594,comedy
5595,comedy
5596,comedy
5597,drama
5598,drama
5599,comedy
5600,drama
5601,comedy
5602,horror
5603,documentary
5604,thriller
5605,documentary
5606,documentary
5607,drama
5608,drama
5609,documentary
5610,game-show
5611,documentary
5612,documentary
5613,western
5614,documentary
5615,comedy
5616,reality-tv
5617,comedy
5618,documentary
5619,drama
5620,documentary
5621,documentary
5622,short
5623,drama
5624,drama
5625,documentary
5626,drama
5627,documentary
5628,documentary
5629,drama
5630,documentary
5631,drama
5632,drama
5633,comedy
5634,western
5635,drama
5636,drama
5637,documentary
5638,comedy
5639,documentary
5640,drama
5641,documentary
5642,documentary
5643,drama
5644,documentary
5645,drama
5646,drama
5647,documentary
5648,documentary
5649,news
5650,horror
5651,documentary
5652,drama
5653,drama
5654,reality-tv
5655,horror
5656,drama
5657,documentary
5658,drama
5659,drama
5660,drama
5661,horror
5662,drama
5663,western
5664,comedy
5665,documentary
5666,documentary
5667,documentary
5668,documentary
5669,documentary
5670,documentary
5671,horror
5672,documentary
5673,documentary
5674,drama
5675,documentary
5676,documentary
5677,documentary
5678,documentary
5679,game-show
5680,documentary
5681,comedy
5682,documentary
5683,short
5684,comedy
5685,drama
5686,comedy
5687,drama
5688,documentary
5689,comedy
5690,comedy
5691,drama
5692,comedy
5693,drama
5694,comedy
5695,drama
5696,comedy
5697,documentary
5698,short
5699,documentary
5700,documentary
5701,drama
5702,comedy
5703,comedy
5704,drama
5705,drama
5706,documentary
5707,western
5708,documentary
5709,drama
5710,comedy
5711,drama
5712,comedy
5713,drama
5714,drama
5715,talk-show
5716,documentary
5717,documentary
5718,drama
5719,documentary
5720,drama
5721,documentary
5722,reality-tv
5723,short
5724,drama
5725,drama
5726,comedy
5727,drama
5728,adult
5729,documentary
5730,documentary
5731,documentary
5732,documentary
5733,documentary
5734,documentary
5735,documentary
5736,documentary
5737,drama
5738,documentary
5739,documentary
5740,documentary
5741,documentary
5742,documentary
5743,music
5744,drama
5745,action
5746,horror
5747,drama
5748,horror
5749,documentary
5750,action
5751,reality-tv
5752,documentary
5753,drama
5754,documentary
5755,music
5756,short
5757,action
5758,drama
5759,drama
5760,documentary
5761,drama
5762,drama
5763,drama
5764,sci-fi
5765,documentary
5766,drama
5767,documentary
5768,documentary
5769,drama
5770,comedy
5771,music
5772,documentary
5773,drama
5774,horror
5775,drama
5776,comedy
5777,comedy
5778,documentary
5779,drama
5780,family
5781,comedy
5782,horror
5783,comedy
5784,documentary
5785,family
5786,drama
5787,drama
5788,documentary
5789,drama
5790,comedy
5791,drama
5792,drama
5793,sport
5794,drama
5795,horror
5796,drama
5797,comedy
5798,comedy
5799,drama
5800,short
5801,drama
5802,documentary
5803,music
5804,music
5805,sci-fi
5806,drama
5807,crime
5808,documentary
5809,drama
5810,short
5811,documentary
5812,drama
5813,comedy
5814,music
5815,documentary
5816,drama
5817,short
5818,comedy
5819,short
5820,documentary
5821,documentary
5822,drama
5823,adult
5824,drama
5825,comedy
5826,short
5827,drama
5828,comedy
5829,adult
5830,documentary
5831,documentary
5832,horror
5833,documentary
5834,horror
5835,drama
5836,documentary
5837,documentary
5838,horror
5839,adventure
5840,drama
5841,drama
5842,documentary
5843,documentary
5844,drama
5845,documentary
5846,drama
5847,comedy
5848,drama
5849,documentary
5850,comedy
5851,comedy
5852,documentary
5853,documentary
5854,documentary
5855,action
5856,drama
5857,documentary
5858,drama
5859,drama
5860,drama
5861,documentary
5862,short
5863,documentary
5864,comedy
5865,comedy
5866,documentary
5867,documentary
5868,documentary
5869,drama
5870,documentary
5871,adult
5872,documentary
5873,short
5874,short
5875,horror
5876,drama
5877,comedy
5878,drama
5879,drama
5880,documentary
5881,drama
5882,comedy
5883,drama
5884,drama
5885,drama
5886,documentary
5887,western
5888,documentary
5889,documentary
5890,drama
5891,documentary
5892,documentary
5893,documentary
5894,drama
5895,comedy
5896,documentary
5897,documentary
5898,documentary
5899,documentary
5900,short
5901,comedy
5902,documentary
5903,drama
5904,documentary
5905,comedy
5906,drama
5907,drama
5908,action
5909,documentary
5910,horror
5911,documentary
5912,drama
5913,western
5914,short
5915,documentary
5916,drama
5917,short
5918,short
5919,documentary
5920,documentary
5921,drama
5922,drama
5923,documentary
5924,drama
5925,drama
5926,drama
5927,drama
5928,comedy
5929,documentary
5930,drama
5931,horror
5932,documentary
5933,drama
5934,comedy
5935,documentary
5936,drama
5937,horror
5938,documentary
5939,drama
5940,comedy
5941,drama
5942,drama
5943,comedy
5944,documentary
5945,short
5946,documentary
5947,documentary
5948,drama
5949,drama
5950,comedy
5951,drama
5952,documentary
5953,documentary
5954,talk-show
5955,drama
5956,drama
5957,action
5958,musical
5959,drama
5960,comedy
5961,thriller
5962,drama
5963,talk-show
5964,documentary
5965,documentary
5966,comedy
5967,horror
5968,documentary
5969,drama
5970,drama
5971,reality-tv
5972,short
5973,documentary
5974,drama
5975,documentary
5976,drama
5977,music
5978,western
5979,drama
5980,documentary
5981,documentary
5982,horror
5983,horror
5984,sport
5985,documentary
5986,western
5987,drama
5988,drama
5989,documentary
5990,drama
5991,drama
5992,drama
5993,short
5994,drama
5995,drama
5996,comedy
5997,documentary
5998,sci-fi
5999,documentary
6000,drama
6001,family
6002,comedy
6003,drama
6004,comedy
6005,drama
6006,horror
6007,drama
6008,short
6009,documentary
6010,horror
6011,documentary
6012,comedy
6013,comedy
6014,documentary
6015,adult
6016,documentary
6017,drama
6018,documentary
6019,horror
6020,documentary
6021,documentary
6022,comedy
6023,documentary
6024,documentary
6025,comedy
6026,drama
6027,documentary
6028,comedy
6029,documentary
6030,documentary
6031,game-show
6032,drama
6033,documentary
6034,documentary
6035,drama
6036,documentary
6037,short
6038,drama
6039,drama
6040,drama
6041,comedy
6042,documentary
6043,drama
6044,comedy
6045,comedy
6046,drama
6047,documentary
6048,comedy
6049,comedy
6050,documentary
6051,drama
6052,drama
6053,drama
6054,drama
6055,adventure
6056,comedy
6057,documentary
6058,documentary
6059,drama
6060,comedy
6061,short
6062,documentary
6063,drama
6064,documentary
6065,documentary
6066,drama
6067,drama
6068,drama
6069,drama
6070,drama
6071,comedy
6072,documentary
6073,comedy
6074,documentary
6075,thriller
6076,documentary
6077,short
6078,horror
6079,drama
6080,comedy
6081,documentary
6082,drama
6083,comedy
6084,documentary
6085,drama
6086,comedy
6087,drama
6088,documentary
6089,documentary
6090,comedy
6091,western
6092,drama
6093,horror
6094,drama
6095,comedy
6096,documentary
6097,documentary
6098,documentary
6099,drama
6100,short
6101,drama
6102,documentary
6103,drama
6104,documentary
6105,drama
6106,drama
6107,thriller
6108,documentary
6109,comedy
6110,music
6111,comedy
6112,drama
6113,documentary
6114,drama
6115,documentary
6116,documentary
6117,documentary
6118,comedy
6119,short
6120,sci-fi
6121,comedy
6122,documentary
6123,horror
6124,documentary
6125,documentary
6126,documentary
6127,drama
6128,music
6129,comedy
6130,drama
6131,drama
6132,documentary
6133,family
6134,comedy
6135,documentary
6136,documentary
6137,documentary
6138,drama
6139,comedy
6140,drama
6141,drama
6142,action
6143,documentary
6144,drama
6145,western
6146,documentary
6147,drama
6148,short
6149,comedy
6150,documentary
6151,documentary
6152,drama
6153,documentary
6154,documentary
6155,drama
6156,comedy
6157,drama
6158,documentary
6159,drama
6160,sci-fi
6161,documentary
6162,thriller
6163,documentary
6164,comedy
6165,drama
6166,comedy
6167,short
6168,comedy
6169,comedy
6170,drama
6171,drama
6172,drama
6173,horror
6174,comedy
6175,documentary
6176,documentary
6177,short
6178,documentary
6179,documentary
6180,horror
6181,documentary
6182,drama
6183,drama
6184,documentary
6185,documentary
6186,drama
6187,documentary
6188,drama
6189,documentary
6190,western
6191,documentary
6192,drama
6193,reality-tv
6194,drama
6195,drama
6196,action
6197,drama
6198,drama
6199,comedy
6200,documentary
6201,drama
6202,short
6203,drama
6204,drama
6205,drama
6206,drama
6207,drama
6208,drama
6209,talk-show
6210,drama
6211,drama
6212,drama
6213,documentary
6214,comedy
6215,documentary
6216,documentary
6217,short
6218,drama
6219,sport
6220,drama
6221,drama
6222,game-show
6223,romance
6224,documentary
6225,short
6226,documentary
6227,documentary
6228,comedy
6229,drama
6230,horror
6231,game-show
6232,drama
6233,comedy
6234,thriller
6235,comedy
6236,documentary
6237,drama
6238,drama
6239,short
6240,comedy
6241,drama
6242,documentary
6243,drama
6244,documentary
6245,documentary
6246,drama
6247,documentary
6248,comedy
6249,thriller
6250,documentary
6251,documentary
6252,documentary
6253,music
6254,drama
6255,drama
6256,drama
6257,documentary
6258,documentary
6259,documentary
6260,drama
6261,comedy
6262,short
6263,drama
6264,comedy
6265,drama
6266,documentary
6267,comedy
6268,comedy
6269,action
6270,comedy
6271,comedy
6272,comedy
6273,documentary
6274,comedy
6275,documentary
6276,documentary
6277,drama
6278,comedy
6279,documentary
6280,action
6281,horror
6282,documentary
6283,drama
6284,drama
6285,comedy
6286,documentary
6287,western
6288,drama
6289,documentary
6290,documentary
6291,documentary
6292,drama
6293,drama
6294,drama
6295,drama
6296,documentary
6297,comedy
6298,comedy
6299,documentary
6300,drama
6301,documentary
6302,documentary
6303,documentary
6304,mystery
6305,drama
6306,comedy
6307,horror
6308,documentary
6309,comedy
6310,drama
6311,documentary
6312,documentary
6313,drama
6314,comedy
6315,drama
6316,drama
6317,documentary
6318,documentary
6319,comedy
6320,documentary
6321,drama
6322,documentary
6323,documentary
6324,comedy
6325,romance
6326,comedy
6327,music
6328,romance
6329,documentary
6330,documentary
6331,documentary
6332,documentary
6333,short
6334,drama
6335,drama
6336,drama
6337,documentary
6338,documentary
6339,documentary
6340,documentary
6341,documentary
6342,comedy
6343,drama
6344,thriller
6345,drama
6346,short
6347,game-show
6348,drama
6349,drama
6350,documentary
6351,comedy
6352,documentary
6353,documentary
6354,documentary
6355,documentary
6356,documentary
6357,drama
6358,documentary
6359,documentary
6360,comedy
6361,documentary
6362,comedy
6363,documentary
6364,comedy
6365,documentary
6366,action
6367,horror
6368,drama
6369,documentary
6370,documentary
6371,thriller
6372,drama
6373,western
6374,drama
6375,documentary
6376,documentary
6377,documentary
6378,horror
6379,documentary
6380,drama
6381,drama
6382,thriller
6383,comedy
6384,drama
6385,documentary
6386,comedy
6387,drama
6388,action
6389,comedy
6390,documentary
6391,documentary
6392,documentary
6393,sport
6394,documentary
6395,short
6396,documentary
6397,comedy
6398,documentary
6399,comedy
6400,documentary
6401,horror
6402,drama
6403,short
6404,documentary
6405,short
6406,drama
6407,documentary
6408,action
6409,drama
6410,drama
6411,documentary
6412,documentary
6413,drama
6414,drama
6415,thriller
6416,western
6417,documentary
6418,documentary
6419,drama
6420,documentary
6421,documentary
6422,comedy
6423,comedy
6424,horror
6425,documentary
6426,drama
6427,documentary
6428,adult
6429,horror
6430,documentary
6431,drama
6432,comedy
6433,documentary
6434,horror
6435,game-show
6436,documentary
6437,documentary
6438,drama
6439,drama
6440,documentary
6441,comedy
6442,documentary
6443,documentary
6444,documentary
6445,drama
6446,comedy
6447,music
6448,horror
6449,drama
6450,horror
6451,documentary
6452,drama
6453,comedy
6454,comedy
6455,comedy
6456,documentary
6457,drama
6458,short
6459,drama
6460,documentary
6461,comedy
6462,short
6463,drama
6464,comedy
6465,drama
6466,horror
6467,music
6468,drama
6469,drama
6470,comedy
6471,comedy
6472,drama
6473,drama
6474,comedy
6475,documentary
6476,short
6477,documentary
6478,documentary
6479,documentary
6480,short
6481,comedy
6482,horror
6483,drama
6484,sci-fi
6485,drama
6486,documentary
6487,drama
6488,documentary
6489,documentary
6490,drama
6491,drama
6492,documentary
6493,comedy
6494,drama
6495,documentary
6496,crime
6497,drama
6498,documentary
6499,short
6500,comedy
6501,documentary
6502,documentary
6503,drama
6504,drama
6505,drama
6506,documentary
6507,comedy
6508,comedy
6509,documentary
6510,drama
6511,comedy
6512,drama
6513,short
6514,documentary
6515,thriller
6516,music
6517,comedy
6518,documentary
6519,documentary
6520,comedy
6521,documentary
6522,drama
6523,documentary
6524,drama
6525,comedy
6526,documentary
6527,short
6528,drama
6529,comedy
6530,comedy
6531,documentary
6532,drama
6533,comedy
6534,western
6535,comedy
6536,documentary
6537,comedy
6538,thriller
6539,documentary
6540,short
6541,documentary
6542,drama
6543,comedy
6544,short
6545,documentary
6546,documentary
6547,drama
6548,horror
6549,drama
6550,drama
6551,drama
6552,documentary
6553,drama
6554,documentary
6555,comedy
6556,comedy
6557,drama
6558,documentary
6559,music
6560,drama
6561,documentary
6562,drama
6563,drama
6564,drama
6565,drama
6566,short
6567,action
6568,documentary
6569,documentary
6570,drama
6571,comedy
6572,drama
6573,drama
6574,documentary
6575,documentary
6576,documentary
6577,drama
6578,drama
6579,documentary
6580,drama
6581,drama
6582,drama
6583,drama
6584,comedy
6585,documentary
6586,drama
6587,documentary
6588,drama
6589,comedy
6590,documentary
6591,drama
6592,drama
6593,short
6594,comedy
6595,horror
6596,documentary
6597,comedy
6598,drama
6599,drama
6600,drama
6601,comedy
6602,horror
6603,drama
6604,western
6605,comedy
6606,drama
6607,short
6608,drama
6609,documentary
6610,drama
6611,documentary
6612,drama
6613,drama
6614,music
6615,drama
6616,documentary
6617,drama
6618,short
6619,drama
6620,drama
6621,short
6622,comedy
6623,short
6624,comedy
6625,comedy
6626,drama
6627,comedy
6628,drama
6629,comedy
6630,drama
6631,reality-tv
6632,comedy
6633,documentary
6634,drama
6635,western
6636,horror
6637,drama
6638,drama
6639,comedy
6640,drama
6641,documentary
6642,documentary
6643,documentary
6644,comedy
6645,documentary
6646,documentary
6647,documentary
6648,short
6649,drama
6650,drama
6651,action
6652,drama
6653,drama
6654,documentary
6655,drama
6656,comedy
6657,short
6658,drama
6659,sci-fi
6660,horror
6661,documentary
6662,comedy
6663,comedy
6664,drama
6665,drama
6666,drama
6667,drama
6668,drama
6669,music
6670,documentary
6671,drama
6672,comedy
6673,comedy
6674,comedy
6675,horror
6676,short
6677,drama
6678,documentary
6679,comedy
6680,drama
6681,documentary
6682,short
6683,drama
6684,documentary
6685,documentary
6686,drama
6687,documentary
6688,documentary
6689,horror
6690,documentary
6691,drama
6692,comedy
6693,short
6694,documentary
6695,drama
6696,documentary
6697,short
6698,drama
6699,documentary
6700,documentary
6701,drama
6702,thriller
6703,drama
6704,drama
6705,short
6706,drama
6707,comedy
6708,documentary
6709,documentary
6710,comedy
6711,drama
6712,drama
6713,drama
6714,documentary
6715,family
6716,drama
6717,drama
6718,drama
6719,drama
6720,drama
6721,sci-fi
6722,documentary
6723,drama
6724,action
6725,western
6726,drama
6727,drama
6728,music
6729,documentary
6730,documentary
6731,drama
6732,drama
6733,drama
6734,documentary
6735,drama
6736,short
6737,short
6738,documentary
6739,comedy
6740,documentary
6741,short
6742,documentary
6743,horror
6744,horror
6745,comedy
6746,drama
6747,adventure
6748,drama
6749,comedy
6750,documentary
6751,drama
6752,comedy
6753,comedy
6754,drama
6755,documentary
6756,drama
6757,drama
6758,documentary
6759,adventure
6760,documentary
6761,drama
6762,romance
6763,documentary
6764,documentary
6765,documentary
6766,short
6767,documentary
6768,drama
6769,drama
6770,family
6771,documentary
6772,documentary
6773,short
6774,drama
6775,documentary
6776,documentary
6777,comedy
6778,horror
6779,drama
6780,family
6781,documentary
6782,documentary
6783,drama
6784,documentary
6785,horror
6786,drama
6787,documentary
6788,drama
6789,documentary
6790,comedy
6791,drama
6792,drama
6793,documentary
6794,documentary
6795,documentary
6796,documentary
6797,documentary
6798,comedy
6799,documentary
6800,comedy
6801,comedy
6802,documentary
6803,documentary
6804,short
6805,drama
6806,drama
6807,documentary
6808,comedy
6809,comedy
6810,documentary
6811,drama
6812,drama
6813,documentary
6814,short
6815,documentary
6816,drama
6817,comedy
6818,horror
6819,documentary
6820,documentary
6821,documentary
6822,comedy
6823,documentary
6824,documentary
6825,drama
6826,drama
6827,horror
6828,drama
6829,drama
6830,comedy
6831,game-show
6832,western
6833,drama
6834,comedy
6835,horror
6836,drama
6837,drama
6838,drama
6839,short
6840,comedy
6841,documentary
6842,horror
6843,drama
6844,drama
6845,documentary
6846,short
6847,drama
6848,drama
6849,drama
6850,short
6851,comedy
6852,action
6853,drama
6854,drama
6855,drama
6856,drama
6857,horror
6858,documentary
6859,drama
6860,comedy
6861,drama
6862,documentary
6863,drama
6864,horror
6865,documentary
6866,adventure
6867,short
6868,drama
6869,documentary
6870,documentary
6871,drama
6872,drama
6873,documentary
6874,drama
6875,sci-fi
6876,documentary
6877,documentary
6878,documentary
6879,documentary
6880,documentary
6881,drama
6882,documentary
6883,drama
6884,documentary
6885,documentary
6886,documentary
6887,drama
6888,drama
6889,drama
6890,drama
6891,action
6892,drama
6893,documentary
6894,drama
6895,comedy
6896,documentary
6897,documentary
6898,horror
6899,short
6900,drama
6901,documentary
6902,sci-fi
6903,documentary
6904,documentary
6905,documentary
6906,action
6907,western
6908,music
6909,documentary
6910,short
6911,documentary
6912,drama
6913,horror
6914,drama
6915,documentary
6916,documentary
6917,short
6918,romance
6919,sci-fi
6920,documentary
6921,documentary
6922,drama
6923,documentary
6924,documentary
6925,drama
6926,drama
6927,drama
6928,comedy
6929,documentary
6930,documentary
6931,documentary
6932,comedy
6933,drama
6934,comedy
6935,drama
6936,horror
6937,drama
6938,drama
6939,horror
6940,documentary
6941,documentary
6942,documentary
6943,documentary
6944,documentary
6945,short
6946,drama
6947,short
6948,documentary
6949,horror
6950,documentary
6951,western
6952,documentary
6953,documentary
6954,thriller
6955,comedy
6956,documentary
6957,documentary
6958,horror
6959,documentary
6960,drama
6961,documentary
6962,drama
6963,documentary
6964,comedy
6965,comedy
6966,drama
6967,drama
6968,adult
6969,comedy
6970,horror
6971,documentary
6972,comedy
6973,drama
6974,horror
6975,documentary
6976,comedy
6977,short
6978,documentary
6979,drama
6980,documentary
6981,documentary
6982,comedy
6983,documentary
6984,documentary
6985,drama
6986,drama
6987,comedy
6988,horror
6989,comedy
6990,drama
6991,drama
6992,drama
6993,short
6994,drama
6995,action
6996,documentary
6997,thriller
6998,documentary
6999,horror
7000,drama
7001,drama
7002,drama
7003,drama
7004,horror
7005,drama
7006,drama
7007,documentary
7008,drama
7009,documentary
7010,drama
7011,western
7012,drama
7013,comedy
7014,drama
7015,comedy
7016,drama
7017,comedy
7018,sci-fi
7019,documentary
7020,comedy
7021,drama
7022,short
7023,drama
7024,drama
7025,reality-tv
7026,documentary
7027,drama
7028,documentary
7029,short
7030,action
7031,drama
7032,drama
7033,documentary
7034,drama
7035,drama
7036,comedy
7037,documentary
7038,documentary
7039,drama
7040,comedy
7041,drama
7042,short
7043,drama
7044,drama
7045,documentary
7046,sci-fi
7047,drama
7048,comedy
7049,comedy
7050,documentary
7051,documentary
7052,drama
7053,comedy
7054,documentary
7055,drama
7056,drama
7057,drama
7058,short
7059,drama
7060,documentary
7061,drama
7062,short
7063,documentary
7064,documentary
7065,comedy
7066,short
7067,comedy
7068,horror
7069,drama
7070,comedy
7071,documentary
7072,drama
7073,drama
7074,comedy
7075,documentary
7076,drama
7077,short
7078,documentary
7079,drama
7080,comedy
7081,comedy
7082,documentary
7083,documentary
7084,drama
7085,music
7086,action
7087,drama
7088,comedy
7089,documentary
7090,documentary
7091,comedy
7092,horror
7093,drama
7094,documentary
7095,documentary
7096,reality-tv
7097,documentary
7098,documentary
7099,short
7100,drama
7101,comedy
7102,documentary
7103,documentary
7104,documentary
7105,documentary
7106,comedy
7107,drama
7108,short
7109,documentary
7110,comedy
7111,comedy
7112,drama
7113,documentary
7114,documentary
7115,documentary
7116,documentary
7117,drama
7118,drama
7119,drama
7120,documentary
7121,comedy
7122,drama
7123,drama
7124,music
7125,action
7126,drama
7127,drama
7128,comedy
7129,short
7130,drama
7131,documentary
7132,drama
7133,documentary
7134,documentary
7135,drama
7136,drama
7137,drama
7138,documentary
7139,documentary
7140,comedy
7141,drama
7142,documentary
7143,drama
7144,drama
7145,comedy
7146,documentary
7147,documentary
7148,adventure
7149,comedy
7150,family
7151,documentary
7152,documentary
7153,drama
7154,drama
7155,documentary
7156,drama
7157,drama
7158,comedy
7159,short
7160,documentary
7161,drama
7162,documentary
7163,documentary
7164,drama
7165,documentary
7166,drama
7167,adventure
7168,documentary
7169,drama
7170,drama
7171,drama
7172,short
7173,drama
7174,drama
7175,drama
7176,comedy
7177,drama
7178,comedy
7179,documentary
7180,documentary
7181,horror
7182,short
7183,thriller
7184,horror
7185,documentary
7186,drama
7187,drama
7188,short
7189,drama
7190,drama
7191,drama
7192,documentary
7193,drama
7194,comedy
7195,comedy
7196,drama
7197,drama
7198,documentary
7199,comedy
7200,drama
7201,drama
7202,comedy
7203,comedy
7204,documentary
7205,drama
7206,drama
7207,drama
7208,drama
7209,adult
7210,drama
7211,documentary
7212,comedy
7213,documentary
7214,drama
7215,drama
7216,documentary
7217,biography
7218,short
7219,family
7220,comedy
7221,short
7222,drama
7223,comedy
7224,drama
7225,comedy
7226,drama
7227,horror
7228,documentary
7229,drama
7230,short
7231,drama
7232,drama
7233,documentary
7234,drama
7235,documentary
7236,horror
7237,drama
7238,drama
7239,comedy
7240,documentary
7241,documentary
7242,horror
7243,drama
7244,action
7245,drama
7246,adventure
7247,drama
7248,comedy
7249,drama
7250,short
7251,reality-tv
7252,documentary
7253,drama
7254,reality-tv
7255,documentary
7256,western
7257,documentary
7258,horror
7259,drama
7260,horror
7261,documentary
7262,documentary
7263,drama
7264,drama
7265,drama
7266,documentary
7267,horror
7268,drama
7269,documentary
7270,comedy
7271,drama
7272,drama
7273,documentary
7274,documentary
7275,drama
7276,documentary
7277,horror
7278,drama
7279,documentary
7280,documentary
7281,documentary
7282,drama
7283,drama
7284,drama
7285,documentary
7286,drama
7287,documentary
7288,drama
7289,documentary
7290,drama
7291,drama
7292,drama
7293,documentary
7294,horror
7295,comedy
7296,documentary
7297,drama
7298,action
7299,documentary
7300,drama
7301,drama
7302,comedy
7303,documentary
7304,documentary
7305,reality-tv
7306,drama
7307,horror
7308,drama
7309,short
7310,comedy
7311,documentary
7312,comedy
7313,drama
7314,romance
7315,horror
7316,documentary
7317,drama
7318,documentary
7319,comedy
7320,short
7321,drama
7322,short
7323,documentary
7324,horror
7325,horror
7326,drama
7327,documentary
7328,documentary
7329,drama
7330,drama
7331,comedy
7332,horror
7333,comedy
7334,documentary
7335,drama
7336,drama
7337,documentary
7338,drama
7339,drama
7340,comedy
7341,documentary
7342,comedy
7343,documentary
7344,action
7345,drama
7346,documentary
7347,documentary
7348,short
7349,adventure
7350,drama
7351,drama
7352,drama
7353,short
7354,documentary
7355,documentary
7356,western
7357,drama
7358,drama
7359,drama
7360,horror
7361,comedy
7362,action
7363,drama
7364,documentary
7365,documentary
7366,documentary
7367,documentary
7368,drama
7369,comedy
7370,documentary
7371,drama
7372,documentary
7373,thriller
7374,drama
7375,drama
7376,documentary
7377,documentary
7378,comedy
7379,comedy
7380,comedy
7381,comedy
7382,drama
7383,drama
7384,drama
7385,music
7386,horror
7387,comedy
7388,drama
7389,drama
7390,documentary
7391,documentary
7392,comedy
7393,documentary
7394,comedy
7395,short
7396,horror
7397,adult
7398,drama
7399,documentary
7400,drama
7401,documentary
7402,drama
7403,short
7404,documentary
7405,comedy
7406,drama
7407,documentary
7408,comedy
7409,short
7410,comedy
7411,comedy
7412,comedy
7413,documentary
7414,documentary
7415,drama
7416,short
7417,drama
7418,horror
7419,documentary
7420,documentary
7421,drama
7422,reality-tv
7423,documentary
7424,documentary
7425,drama
7426,horror
7427,drama
7428,comedy
7429,short
7430,documentary
7431,drama
7432,drama
7433,documentary
7434,documentary
7435,horror
7436,horror
7437,comedy
7438,short
7439,drama
7440,documentary
7441,short
7442,comedy
7443,horror
7444,documentary
7445,documentary
7446,short
7447,drama
7448,drama
7449,documentary
7450,drama
7451,drama
7452,comedy
7453,comedy
7454,drama
7455,music
7456,documentary
7457,comedy
7458,drama
7459,short
7460,drama
7461,drama
7462,documentary
7463,comedy
7464,documentary
7465,documentary
7466,drama
7467,drama
7468,documentary
7469,comedy
7470,drama
7471,music
7472,action
7473,short
7474,comedy
7475,drama
7476,comedy
7477,documentary
7478,documentary
7479,action
7480,documentary
7481,drama
7482,drama
7483,comedy
7484,short
7485,drama
7486,documentary
7487,documentary
7488,documentary
7489,comedy
7490,documentary
7491,comedy
7492,drama
7493,documentary
7494,documentary
7495,short
7496,drama
7497,documentary
7498,drama
7499,documentary
7500,comedy
7501,comedy
7502,fantasy
7503,drama
7504,drama
7505,documentary
7506,documentary
7507,comedy
7508,comedy
7509,documentary
7510,drama
7511,thriller
7512,documentary
7513,documentary
7514,comedy
7515,drama
7516,comedy
7517,comedy
7518,comedy
7519,drama
7520,documentary
7521,short
7522,comedy
7523,western
7524,drama
7525,drama
7526,drama
7527,comedy
7528,documentary
7529,horror
7530,adventure
7531,documentary
7532,short
7533,comedy
7534,short
7535,drama
7536,drama
7537,action
7538,documentary
7539,drama
7540,documentary
7541,documentary
7542,drama
7543,drama
7544,documentary
7545,comedy
7546,reality-tv
7547,documentary
7548,reality-tv
7549,drama
7550,documentary
7551,drama
7552,horror
7553,drama
7554,adult
7555,documentary
7556,documentary
7557,drama
7558,drama
7559,documentary
7560,drama
7561,comedy
7562,documentary
7563,comedy
7564,horror
7565,documentary
7566,comedy
7567,drama
7568,drama
7569,horror
7570,drama
7571,drama
7572,documentary
7573,comedy
7574,drama
7575,drama
7576,western
7577,drama
7578,documentary
7579,drama
7580,action
7581,horror
7582,short
7583,drama
7584,drama
7585,comedy
7586,short
7587,drama
7588,documentary
7589,drama
7590,drama
7591,documentary
7592,short
7593,documentary
7594,documentary
7595,drama
7596,music
7597,documentary
7598,comedy
7599,drama
7600,drama
7601,comedy
7602,drama
7603,drama
7604,documentary
7605,documentary
7606,documentary
7607,drama
7608,thriller
7609,drama
7610,documentary
7611,drama
7612,comedy
7613,documentary
7614,short
7615,horror
7616,horror
7617,horror
7618,comedy
7619,comedy
7620,documentary
7621,drama
7622,documentary
7623,thriller
7624,documentary
7625,horror
7626,drama
7627,short
7628,drama
7629,adult
7630,drama
7631,documentary
7632,comedy
7633,drama
7634,comedy
7635,comedy
7636,drama
7637,documentary
7638,drama
7639,drama
7640,documentary
7641,drama
7642,drama
7643,documentary
7644,drama
7645,drama
7646,drama
7647,documentary
7648,comedy
7649,comedy
7650,music
7651,drama
7652,short
7653,drama
7654,documentary
7655,short
7656,documentary
7657,documentary
7658,horror
7659,horror
7660,documentary
7661,comedy
7662,documentary
7663,romance
7664,documentary
7665,drama
7666,drama
7667,drama
7668,drama
7669,drama
7670,documentary
7671,documentary
7672,comedy
7673,drama
7674,drama
7675,adult
7676,drama
7677,drama
7678,documentary
7679,documentary
7680,drama
7681,family
7682,game-show
7683,documentary
7684,documentary
7685,documentary
7686,drama
7687,short
7688,drama
7689,documentary
7690,game-show
7691,reality-tv
7692,comedy
7693,drama
7694,short
7695,drama
7696,comedy
7697,comedy
7698,horror
7699,short
7700,drama
7701,comedy
7702,documentary
7703,comedy
7704,documentary
7705,adventure
7706,short
7707,documentary
7708,documentary
7709,documentary
7710,documentary
7711,adventure
7712,drama
7713,drama
7714,sport
7715,drama
7716,documentary
7717,horror
7718,comedy
7719,drama
7720,drama
7721,documentary
7722,sci-fi
7723,drama
7724,comedy
7725,drama
7726,short
7727,drama
7728,adventure
7729,comedy
7730,drama
7731,drama
7732,horror
7733,drama
7734,drama
7735,documentary
7736,comedy
7737,documentary
7738,thriller
7739,drama
7740,short
7741,drama
7742,comedy
7743,drama
7744,drama
7745,western
7746,drama
7747,horror
7748,comedy
7749,family
7750,drama
7751,documentary
7752,documentary
7753,comedy
7754,western
7755,documentary
7756,drama
7757,drama
7758,documentary
7759,documentary
7760,drama
7761,horror
7762,drama
7763,drama
7764,drama
7765,documentary
7766,comedy
7767,documentary
7768,documentary
7769,comedy
7770,documentary
7771,documentary
7772,drama
7773,drama
7774,drama
7775,drama
7776,comedy
7777,comedy
7778,documentary
7779,documentary
7780,comedy
7781,documentary
7782,drama
7783,drama
7784,drama
7785,documentary
7786,documentary
7787,documentary
7788,comedy
7789,comedy
7790,documentary
7791,documentary
7792,drama
7793,documentary
7794,drama
7795,drama
7796,documentary
7797,sport
7798,documentary
7799,documentary
7800,music
7801,short
7802,documentary
7803,short
7804,drama
7805,documentary
7806,drama
7807,comedy
7808,comedy
7809,thriller
7810,animation
7811,drama
7812,documentary
7813,drama
7814,drama
7815,short
7816,short
7817,documentary
7818,action
7819,drama
7820,documentary
7821,drama
7822,documentary
7823,comedy
7824,drama
7825,documentary
7826,drama
7827,comedy
7828,drama
7829,documentary
7830,short
7831,comedy
7832,drama
7833,drama
7834,drama
7835,documentary
7836,documentary
7837,documentary
7838,documentary
7839,documentary
7840,documentary
7841,adult
7842,comedy
7843,drama
7844,documentary
7845,thriller
7846,comedy
7847,documentary
7848,horror
7849,comedy
7850,documentary
7851,thriller
7852,drama
7853,drama
7854,comedy
7855,comedy
7856,drama
7857,music
7858,drama
7859,comedy
7860,documentary
7861,family
7862,comedy
7863,action
7864,drama
7865,documentary
7866,documentary
7867,drama
7868,drama
7869,comedy
7870,drama
7871,drama
7872,comedy
7873,drama
7874,drama
7875,comedy
7876,short
7877,drama
7878,short
7879,documentary
7880,documentary
7881,drama
7882,action
7883,drama
7884,documentary
7885,drama
7886,documentary
7887,documentary
7888,documentary
7889,drama
7890,comedy
7891,documentary
7892,drama
7893,drama
7894,drama
7895,documentary
7896,documentary
7897,comedy
7898,crime
7899,documentary
7900,documentary
7901,drama
7902,action
7903,drama
7904,comedy
7905,documentary
7906,documentary
7907,drama
7908,action
7909,drama
7910,short
7911,documentary
7912,comedy
7913,documentary
7914,drama
7915,documentary
7916,short
7917,drama
7918,documentary
7919,documentary
7920,comedy
7921,drama
7922,drama
7923,drama
7924,drama
7925,documentary
7926,drama
7927,comedy
7928,documentary
7929,documentary
7930,comedy
7931,comedy
7932,drama
7933,documentary
7934,drama
7935,comedy
7936,western
7937,comedy
7938,thriller
7939,drama
7940,comedy
7941,action
7942,drama
7943,drama
7944,drama
7945,documentary
7946,horror
7947,drama
7948,drama
7949,comedy
7950,drama
7951,drama
7952,drama
7953,drama
7954,horror
7955,action
7956,documentary
7957,comedy
7958,reality-tv
7959,drama
7960,documentary
7961,drama
7962,documentary
7963,drama
7964,drama
7965,game-show
7966,action
7967,drama
7968,drama
7969,documentary
7970,drama
7971,documentary
7972,comedy
7973,drama
7974,drama
7975,documentary
7976,documentary
7977,drama
7978,comedy
7979,documentary
7980,short
7981,comedy
7982,documentary
7983,drama
7984,drama
7985,drama
7986,documentary
7987,documentary
7988,drama
7989,documentary
7990,documentary
7991,drama
7992,drama
7993,drama
7994,documentary
7995,drama
7996,documentary
7997,comedy
7998,drama
7999,drama
8000,documentary
8001,drama
8002,drama
8003,drama
8004,drama
8005,drama
8006,drama
8007,documentary
8008,drama
8009,documentary
8010,drama
8011,comedy
8012,drama
8013,drama
8014,drama
8015,drama
8016,short
8017,drama
8018,drama
8019,horror
8020,drama
8021,documentary
8022,drama
8023,documentary
8024,drama
8025,drama
8026,drama
8027,drama
8028,drama
8029,documentary
8030,drama
8031,drama
8032,drama
8033,comedy
8034,comedy
8035,drama
8036,comedy
8037,drama
8038,horror
8039,horror
8040,western
8041,western
8042,drama
8043,documentary
8044,horror
8045,documentary
8046,documentary
8047,documentary
8048,documentary
8049,comedy
8050,short
8051,music
8052,documentary
8053,short
8054,sport
8055,comedy
8056,drama
8057,short
8058,drama
8059,drama
8060,documentary
8061,western
8062,documentary
8063,drama
8064,drama
8065,documentary
8066,drama
8067,documentary
8068,drama
8069,short
8070,drama
8071,documentary
8072,documentary
8073,drama
8074,horror
8075,drama
8076,drama
8077,drama
8078,documentary
8079,drama
8080,reality-tv
8081,western
8082,drama
8083,horror
8084,action
8085,drama
8086,drama
8087,drama
8088,drama
8089,horror
8090,sport
8091,documentary
8092,music
8093,drama
8094,drama
8095,drama
8096,documentary
8097,comedy
8098,comedy
8099,horror
8100,documentary
8101,drama
8102,documentary
8103,short
8104,documentary
8105,comedy
8106,documentary
8107,comedy
8108,documentary
8109,documentary
8110,comedy
8111,drama
8112,drama
8113,documentary
8114,documentary
8115,drama
8116,comedy
8117,drama
8118,drama
8119,drama
8120,drama
8121,documentary
8122,adult
8123,drama
8124,drama
8125,documentary
8126,drama
8127,drama
8128,drama
8129,drama
8130,documentary
8131,drama
8132,action
8133,documentary
8134,drama
8135,comedy
8136,animation
8137,drama
8138,drama
8139,drama
8140,short
8141,drama
8142,drama
8143,documentary
8144,drama
8145,documentary
8146,drama
8147,family
8148,documentary
8149,drama
8150,comedy
8151,drama
8152,drama
8153,comedy
8154,documentary
8155,family
8156,comedy
8157,drama
8158,drama
8159,documentary
8160,comedy
8161,drama
8162,drama
8163,drama
8164,horror
8165,drama
8166,drama
8167,drama
8168,documentary
8169,documentary
8170,drama
8171,comedy
8172,drama
8173,documentary
8174,comedy
8175,documentary
8176,drama
8177,comedy
8178,drama
8179,documentary
8180,drama
8181,horror
8182,reality-tv
8183,drama
8184,documentary
8185,documentary
8186,music
8187,comedy
8188,drama
8189,drama
8190,comedy
8191,western
8192,documentary
8193,drama
8194,documentary
8195,reality-tv
8196,documentary
8197,music
8198,drama
8199,short
8200,documentary
8201,comedy
8202,comedy
8203,comedy
8204,comedy
8205,documentary
8206,action
8207,documentary
8208,drama
8209,comedy
8210,documentary
8211,music
8212,documentary
8213,horror
8214,western
8215,documentary
8216,drama
8217,documentary
8218,drama
8219,comedy
8220,drama
8221,western
8222,drama
8223,thriller
8224,drama
8225,drama
8226,drama
8227,short
8228,documentary
8229,documentary
8230,drama
8231,drama
8232,documentary
8233,drama
8234,drama
8235,horror
8236,comedy
8237,drama
8238,documentary
8239,short
8240,documentary
8241,short
8242,comedy
8243,documentary
8244,drama
8245,documentary
8246,documentary
8247,drama
8248,drama
8249,drama
8250,western
8251,documentary
8252,sport
8253,horror
8254,comedy
8255,adult
8256,drama
8257,documentary
8258,comedy
8259,documentary
8260,drama
8261,documentary
8262,drama
8263,drama
8264,drama
8265,documentary
8266,thriller
8267,horror
8268,short
8269,drama
8270,documentary
8271,documentary
8272,drama
8273,comedy
8274,drama
8275,romance
8276,documentary
8277,drama
8278,documentary
8279,drama
8280,documentary
8281,comedy
8282,drama
8283,documentary
8284,drama
8285,short
8286,documentary
8287,drama
8288,comedy
8289,drama
8290,drama
8291,documentary
8292,drama
8293,documentary
8294,drama
8295,drama
8296,reality-tv
8297,drama
8298,horror
8299,documentary
8300,comedy
8301,drama
8302,drama
8303,drama
8304,drama
8305,drama
8306,comedy
8307,comedy
8308,animation
8309,drama
8310,music
8311,drama
8312,documentary
8313,documentary
8314,documentary
8315,documentary
8316,documentary
8317,documentary
8318,documentary
8319,comedy
8320,comedy
8321,documentary
8322,documentary
8323,action
8324,drama
8325,drama
8326,documentary
8327,documentary
8328,comedy
8329,comedy
8330,documentary
8331,documentary
8332,action
8333,comedy
8334,drama
8335,documentary
8336,documentary
8337,drama
8338,horror
8339,horror
8340,comedy
8341,documentary
8342,documentary
8343,documentary
8344,drama
8345,drama
8346,drama
8347,short
8348,documentary
8349,documentary
8350,documentary
8351,documentary
8352,drama
8353,comedy
8354,adventure
8355,documentary
8356,drama
8357,documentary
8358,comedy
8359,drama
8360,game-show
8361,drama
8362,talk-show
8363,documentary
8364,comedy
8365,documentary
8366,drama
8367,action
8368,drama
8369,documentary
8370,documentary
8371,documentary
8372,drama
8373,western
8374,documentary
8375,drama
8376,comedy
8377,sci-fi
8378,comedy
8379,drama
8380,documentary
8381,documentary
8382,drama
8383,documentary
8384,comedy
8385,drama
8386,documentary
8387,comedy
8388,horror
8389,documentary
8390,documentary
8391,documentary
8392,drama
8393,documentary
8394,documentary
8395,comedy
8396,short
8397,drama
8398,documentary
8399,short
8400,documentary
8401,comedy
8402,comedy
8403,drama
8404,documentary
8405,comedy
8406,drama
8407,documentary
8408,documentary
8409,drama
8410,drama
8411,documentary
8412,documentary
8413,thriller
8414,comedy
8415,documentary
8416,drama
8417,documentary
8418,action
8419,comedy
8420,comedy
8421,documentary
8422,comedy
8423,horror
8424,drama
8425,drama
8426,comedy
8427,drama
8428,documentary
8429,drama
8430,documentary
8431,drama
8432,documentary
8433,western
8434,documentary
8435,comedy
8436,western
8437,short
8438,documentary
8439,comedy
8440,drama
8441,talk-show
8442,comedy
8443,drama
8444,drama
8445,drama
8446,western
8447,drama
8448,drama
8449,comedy
8450,documentary
8451,drama
8452,documentary
8453,drama
8454,drama
8455,short
8456,short
8457,reality-tv
8458,comedy
8459,action
8460,documentary
8461,documentary
8462,drama
8463,comedy
8464,drama
8465,drama
8466,drama
8467,documentary
8468,documentary
8469,comedy
8470,documentary
8471,comedy
8472,drama
8473,drama
8474,drama
8475,game-show
8476,comedy
8477,action
8478,drama
8479,drama
8480,short
8481,drama
8482,short
8483,documentary
8484,drama
8485,comedy
8486,short
8487,documentary
8488,documentary
8489,action
8490,drama
8491,adventure
8492,drama
8493,drama
8494,drama
8495,drama
8496,documentary
8497,drama
8498,comedy
8499,documentary
8500,drama
8501,comedy
8502,documentary
8503,music
8504,drama
8505,drama
8506,documentary
8507,western
8508,comedy
8509,documentary
8510,music
8511,documentary
8512,adult
8513,drama
8514,documentary
8515,short
8516,drama
8517,documentary
8518,documentary
8519,drama
8520,horror
8521,comedy
8522,action
8523,documentary
8524,short
8525,documentary
8526,comedy
8527,comedy
8528,drama
8529,comedy
8530,documentary
8531,drama
8532,drama
8533,drama
8534,drama
8535,drama
8536,documentary
8537,short
8538,action
8539,documentary
8540,drama
8541,family
8542,horror
8543,drama
8544,drama
8545,comedy
8546,documentary
8547,reality-tv
8548,documentary
8549,drama
8550,documentary
8551,thriller
8552,comedy
8553,action
8554,drama
8555,documentary
8556,drama
8557,drama
8558,documentary
8559,comedy
8560,drama
8561,documentary
8562,sport
8563,documentary
8564,documentary
8565,comedy
8566,drama
8567,short
8568,documentary
8569,documentary
8570,drama
8571,drama
8572,horror
8573,documentary
8574,drama
8575,drama
8576,drama
8577,drama
8578,documentary
8579,western
8580,drama
8581,documentary
8582,drama
8583,documentary
8584,adventure
8585,drama
8586,documentary
8587,western
8588,comedy
8589,drama
8590,documentary
8591,documentary
8592,comedy
8593,drama
8594,drama
8595,action
8596,drama
8597,comedy
8598,western
8599,short
8600,drama
8601,documentary
8602,drama
8603,documentary
8604,documentary
8605,comedy
8606,documentary
8607,documentary
8608,horror
8609,documentary
8610,documentary
8611,documentary
8612,documentary
8613,comedy
8614,drama
8615,drama
8616,drama
8617,comedy
8618,drama
8619,documentary
8620,news
8621,short
8622,drama
8623,short
8624,documentary
8625,drama
8626,drama
8627,documentary
8628,documentary
8629,documentary
8630,documentary
8631,documentary
8632,comedy
8633,drama
8634,drama
8635,documentary
8636,documentary
8637,sport
8638,drama
8639,drama
8640,documentary
8641,thriller
8642,short
8643,drama
8644,documentary
8645,comedy
8646,action
8647,drama
8648,documentary
8649,thriller
8650,drama
8651,documentary
8652,drama
8653,documentary
8654,drama
8655,comedy
8656,music
8657,drama
8658,drama
8659,action
8660,adult
8661,short
8662,documentary
8663,short
8664,comedy
8665,drama
8666,drama
8667,documentary
8668,short
8669,drama
8670,drama
8671,documentary
8672,music
8673,drama
8674,music
8675,drama
8676,drama
8677,documentary
8678,drama
8679,drama
8680,documentary
8681,drama
8682,documentary
8683,drama
8684,comedy
8685,documentary
8686,comedy
8687,drama
8688,drama
8689,drama
8690,drama
8691,drama
8692,documentary
8693,adventure
8694,comedy
8695,horror
8696,drama
8697,documentary
8698,short
8699,short
8700,documentary
8701,drama
8702,drama
8703,comedy
8704,comedy
8705,short
8706,drama
8707,comedy
8708,drama
8709,comedy
8710,documentary
8711,documentary
8712,documentary
8713,horror
8714,drama
8715,drama
8716,documentary
8717,drama
8718,comedy
8719,short
8720,horror
8721,drama
8722,drama
8723,drama
8724,comedy
8725,comedy
8726,drama
8727,documentary
8728,drama
8729,documentary
8730,drama
8731,drama
8732,drama
8733,documentary
8734,western
8735,reality-tv
8736,documentary
8737,documentary
8738,drama
8739,drama
8740,drama
8741,documentary
8742,drama
8743,western
8744,western
8745,drama
8746,drama
8747,short
8748,drama
8749,documentary
8750,documentary
8751,drama
8752,documentary
8753,comedy
8754,comedy
8755,documentary
8756,drama
8757,documentary
8758,documentary
8759,comedy
8760,drama
8761,comedy
8762,thriller
8763,drama
8764,drama
8765,comedy
8766,documentary
8767,drama
8768,comedy
8769,comedy
8770,documentary
8771,documentary
8772,drama
8773,drama
8774,documentary
8775,comedy
8776,drama
8777,documentary
8778,drama
8779,action
8780,drama
8781,fantasy
8782,drama
8783,drama
8784,comedy
8785,short
8786,drama
8787,documentary
8788,drama
8789,drama
8790,documentary
8791,drama
8792,adventure
8793,short
8794,drama
8795,drama
8796,documentary
8797,adult
8798,drama
8799,drama
8800,adult
8801,drama
8802,drama
8803,comedy
8804,documentary
8805,documentary
8806,documentary
8807,drama
8808,short
8809,short
8810,comedy
8811,comedy
8812,music
8813,drama
8814,short
8815,documentary
8816,comedy
8817,drama
8818,short
8819,drama
8820,documentary
8821,documentary
8822,drama
8823,drama
8824,documentary
8825,drama
8826,documentary
8827,family
8828,documentary
8829,short
8830,documentary
8831,thriller
8832,comedy
8833,documentary
8834,documentary
8835,drama
8836,documentary
8837,comedy
8838,short
8839,documentary
8840,comedy
8841,documentary
8842,short
8843,music
8844,comedy
8845,comedy
8846,documentary
8847,drama
8848,drama
8849,drama
8850,comedy
8851,documentary
8852,drama
8853,documentary
8854,documentary
8855,comedy
8856,documentary
8857,documentary
8858,drama
8859,drama
8860,thriller
8861,comedy
8862,drama
8863,horror
8864,documentary
8865,drama
8866,documentary
8867,documentary
8868,documentary
8869,action
8870,drama
8871,documentary
8872,documentary
8873,drama
8874,drama
8875,drama
8876,drama
8877,horror
8878,documentary
8879,documentary
8880,drama
8881,drama
8882,documentary
8883,documentary
8884,drama
8885,music
8886,drama
8887,documentary
8888,short
8889,action
8890,drama
8891,horror
8892,documentary
8893,documentary
8894,drama
8895,thriller
8896,drama
8897,drama
8898,drama
8899,drama
8900,documentary
8901,drama
8902,horror
8903,documentary
8904,drama
8905,drama
8906,documentary
8907,action
8908,documentary
8909,documentary
8910,comedy
8911,documentary
8912,drama
8913,drama
8914,drama
8915,western
8916,comedy
8917,documentary
8918,animation
8919,documentary
8920,drama
8921,documentary
8922,sport
8923,drama
8924,documentary
8925,horror
8926,short
8927,drama
8928,drama
8929,comedy
8930,documentary
8931,documentary
8932,drama
8933,horror
8934,comedy
8935,adult
8936,comedy
8937,documentary
8938,drama
8939,comedy
8940,drama
8941,comedy
8942,comedy
8943,reality-tv
8944,drama
8945,horror
8946,comedy
8947,adventure
8948,drama
8949,drama
8950,documentary
8951,drama
8952,documentary
8953,drama
8954,documentary
8955,documentary
8956,western
8957,comedy
8958,drama
8959,horror
8960,documentary
8961,western
8962,documentary
8963,comedy
8964,comedy
8965,short
8966,comedy
8967,drama
8968,documentary
8969,drama
8970,comedy
8971,short
8972,drama
8973,documentary
8974,drama
8975,comedy
8976,documentary
8977,drama
8978,comedy
8979,short
8980,drama
8981,documentary
8982,documentary
8983,documentary
8984,drama
8985,drama
8986,documentary
8987,drama
8988,documentary
8989,comedy
8990,comedy
8991,documentary
8992,action
8993,documentary
8994,drama
8995,documentary
8996,comedy
8997,documentary
8998,drama
8999,horror
9000,comedy
9001,drama
9002,drama
9003,horror
9004,drama
9005,horror
9006,horror
9007,drama
9008,documentary
9009,documentary
9010,documentary
9011,comedy
9012,drama
9013,drama
9014,comedy
9015,documentary
9016,drama
9017,drama
9018,documentary
9019,comedy
9020,documentary
9021,comedy
9022,documentary
9023,comedy
9024,comedy
9025,thriller
9026,drama
9027,documentary
9028,horror
9029,drama
9030,short
9031,drama
9032,drama
9033,comedy
9034,documentary
9035,drama
9036,drama
9037,drama
9038,short
9039,game-show
9040,thriller
9041,short
9042,documentary
9043,drama
9044,documentary
9045,western
9046,documentary
9047,documentary
9048,comedy
9049,drama
9050,drama
9051,documentary
9052,drama
9053,music
9054,documentary
9055,horror
9056,drama
9057,drama
9058,drama
9059,comedy
9060,drama
9061,short
9062,documentary
9063,documentary
9064,drama
9065,documentary
9066,drama
9067,documentary
9068,documentary
9069,documentary
9070,short
9071,drama
9072,comedy
9073,music
9074,comedy
9075,short
9076,documentary
9077,documentary
9078,drama
9079,horror
9080,drama
9081,drama
9082,documentary
9083,documentary
9084,drama
9085,documentary
9086,documentary
9087,documentary
9088,music
9089,comedy
9090,documentary
9091,drama
9092,short
9093,drama
9094,documentary
9095,documentary
9096,short
9097,documentary
9098,western
9099,documentary
9100,drama
9101,documentary
9102,horror
9103,documentary
9104,drama
9105,documentary
9106,comedy
9107,drama
9108,comedy
9109,horror
9110,drama
9111,drama
9112,short
9113,documentary
9114,talk-show
9115,drama
9116,documentary
9117,drama
9118,western
9119,drama
9120,documentary
9121,horror
9122,drama
9123,documentary
9124,short
9125,adult
9126,documentary
9127,documentary
9128,drama
9129,documentary
9130,documentary
9131,documentary
9132,drama
9133,drama
9134,documentary
9135,game-show
9136,drama
9137,drama
9138,documentary
9139,documentary
9140,drama
9141,comedy
9142,documentary
9143,drama
9144,comedy
9145,drama
9146,documentary
9147,adventure
9148,comedy
9149,drama
9150,drama
9151,drama
9152,documentary
9153,documentary
9154,documentary
9155,documentary
9156,comedy
9157,drama
9158,drama
9159,short
9160,adult
9161,comedy
9162,thriller
9163,comedy
9164,documentary
9165,drama
9166,comedy
9167,comedy
9168,drama
9169,drama
9170,documentary
9171,short
9172,drama
9173,documentary
9174,drama
9175,sport
9176,drama
9177,drama
9178,drama
9179,drama
9180,documentary
9181,drama
9182,documentary
9183,documentary
9184,drama
9185,drama
9186,drama
9187,drama
9188,comedy
9189,documentary
9190,drama
9191,family
9192,horror
9193,drama
9194,music
9195,drama
9196,comedy
9197,documentary
9198,music
9199,drama
9200,drama
9201,documentary
9202,documentary
9203,action
9204,comedy
9205,horror
9206,comedy
9207,drama
9208,drama
9209,documentary
9210,drama
9211,documentary
9212,documentary
9213,comedy
9214,western
9215,comedy
9216,drama
9217,documentary
9218,western
9219,horror
9220,drama
9221,documentary
9222,comedy
9223,western
9224,documentary
9225,documentary
9226,sport
9227,documentary
9228,horror
9229,horror
9230,drama
9231,comedy
9232,adult
9233,drama
9234,comedy
9235,documentary
9236,comedy
9237,documentary
9238,documentary
9239,documentary
9240,drama
9241,documentary
9242,drama
9243,drama
9244,drama
9245,horror
9246,reality-tv
9247,drama
9248,drama
9249,drama
9250,documentary
9251,horror
9252,horror
9253,comedy
9254,comedy
9255,comedy
9256,western
9257,horror
9258,documentary
9259,comedy
9260,documentary
9261,documentary
9262,thriller
9263,comedy
9264,drama
9265,drama
9266,documentary
9267,documentary
9268,drama
9269,short
9270,documentary
9271,documentary
9272,drama
9273,drama
9274,comedy
9275,sci-fi
9276,sci-fi
9277,comedy
9278,drama
9279,talk-show
9280,comedy
9281,comedy
9282,drama
9283,comedy
9284,drama
9285,drama
9286,documentary
9287,drama
9288,documentary
9289,comedy
9290,documentary
9291,documentary
9292,documentary
9293,documentary
9294,comedy
9295,sci-fi
9296,comedy
9297,drama
9298,documentary
9299,thriller
9300,horror
9301,music
9302,thriller
9303,thriller
9304,horror
9305,documentary
9306,comedy
9307,documentary
9308,comedy
9309,sci-fi
9310,documentary
9311,thriller
9312,documentary
9313,comedy
9314,documentary
9315,action
9316,drama
9317,adult
9318,comedy
9319,comedy
9320,drama
9321,drama
9322,romance
9323,horror
9324,drama
9325,documentary
9326,drama
9327,drama
9328,documentary
9329,drama
9330,documentary
9331,drama
9332,documentary
9333,drama
9334,drama
9335,documentary
9336,drama
9337,documentary
9338,action
9339,western
9340,drama
9341,comedy
9342,drama
9343,documentary
9344,documentary
9345,adventure
9346,documentary
9347,documentary
9348,drama
9349,drama
9350,drama
9351,documentary
9352,drama
9353,drama
9354,short
9355,comedy
9356,drama
9357,drama
9358,documentary
9359,drama
9360,horror
9361,comedy
9362,drama
9363,comedy
9364,documentary
9365,action
9366,documentary
9367,drama
9368,documentary
9369,comedy
9370,short
9371,documentary
9372,horror
9373,comedy
9374,drama
9375,drama
9376,short
9377,drama
9378,drama
9379,game-show
9380,drama
9381,documentary
9382,drama
9383,sci-fi
9384,drama
9385,drama
9386,drama
9387,drama
9388,short
9389,documentary
9390,adult
9391,documentary
9392,short
9393,drama
9394,thriller
9395,drama
9396,drama
9397,documentary
9398,drama
9399,family
9400,documentary
9401,drama
9402,documentary
9403,documentary
9404,short
9405,drama
9406,documentary
9407,short
9408,comedy
9409,short
9410,comedy
9411,short
9412,comedy
9413,comedy
9414,documentary
9415,drama
9416,documentary
9417,short
9418,documentary
9419,drama
9420,documentary
9421,drama
9422,western
9423,documentary
9424,drama
9425,comedy
9426,horror
9427,documentary
9428,drama
9429,documentary
9430,comedy
9431,documentary
9432,drama
9433,documentary
9434,documentary
9435,documentary
9436,drama
9437,documentary
9438,drama
9439,short
9440,documentary
9441,drama
9442,drama
9443,documentary
9444,documentary
9445,drama
9446,drama
9447,short
9448,comedy
9449,documentary
9450,comedy
9451,documentary
9452,documentary
9453,documentary
9454,comedy
9455,comedy
9456,drama
9457,drama
9458,comedy
9459,short
9460,documentary
9461,documentary
9462,drama
9463,drama
9464,documentary
9465,documentary
9466,documentary
9467,drama
9468,drama
9469,thriller
9470,drama
9471,documentary
9472,drama
9473,horror
9474,documentary
9475,comedy
9476,drama
9477,documentary
9478,comedy
9479,short
9480,documentary
9481,documentary
9482,adult
9483,drama
9484,comedy
9485,drama
9486,documentary
9487,western
9488,documentary
9489,western
9490,music
9491,documentary
9492,drama
9493,drama
9494,documentary
9495,drama
9496,comedy
9497,documentary
9498,drama
9499,short
9500,drama
9501,drama
9502,comedy
9503,documentary
9504,documentary
9505,short
9506,drama
9507,documentary
9508,drama
9509,drama
9510,drama
9511,documentary
9512,drama
9513,drama
9514,documentary
9515,documentary
9516,short
9517,action
9518,comedy
9519,drama
9520,documentary
9521,short
9522,comedy
9523,documentary
9524,drama
9525,comedy
9526,drama
9527,comedy
9528,documentary
9529,documentary
9530,comedy
9531,horror
9532,drama
9533,documentary
9534,drama
9535,documentary
9536,drama
9537,horror
9538,comedy
9539,documentary
9540,short
9541,drama
9542,action
9543,action
9544,documentary
9545,drama
9546,drama
9547,drama
9548,western
9549,thriller
9550,action
9551,drama
9552,documentary
9553,documentary
9554,drama
9555,drama
9556,comedy
9557,documentary
9558,western
9559,horror
9560,thriller
9561,comedy
9562,drama
9563,documentary
9564,drama
9565,drama
9566,drama
9567,drama
9568,comedy
9569,drama
9570,action
9571,short
9572,short
9573,documentary
9574,comedy
9575,comedy
9576,mystery
9577,drama
9578,drama
9579,documentary
9580,thriller
9581,short
9582,western
9583,short
9584,horror
9585,documentary
9586,documentary
9587,drama
9588,short
9589,drama
9590,documentary
9591,documentary
9592,comedy
9593,comedy
9594,documentary
9595,comedy
9596,short
9597,comedy
9598,drama
9599,drama
9600,comedy
9601,comedy
9602,drama
9603,drama
9604,documentary
9605,drama
9606,drama
9607,horror
9608,drama
9609,comedy
9610,horror
9611,comedy
9612,documentary
9613,drama
9614,comedy
9615,documentary
9616,short
9617,drama
9618,horror
9619,drama
9620,drama
9621,comedy
9622,documentary
9623,documentary
9624,documentary
9625,documentary
9626,drama
9627,documentary
9628,drama
9629,documentary
9630,comedy
9631,drama
9632,comedy
9633,drama
9634,drama
9635,documentary
9636,drama
9637,western
9638,documentary
9639,short
9640,documentary
9641,documentary
9642,documentary
9643,drama
9644,documentary
9645,documentary
9646,drama
9647,documentary
9648,documentary
9649,documentary
9650,reality-tv
9651,comedy
9652,documentary
9653,drama
9654,comedy
9655,drama
9656,documentary
9657,drama
9658,drama
9659,comedy
9660,short
9661,documentary
9662,documentary
9663,horror
9664,game-show
9665,comedy
9666,drama
9667,short
9668,comedy
9669,documentary
9670,drama
9671,comedy
9672,sci-fi
9673,drama
9674,documentary
9675,drama
9676,short
9677,drama
9678,drama
9679,documentary
9680,short
9681,horror
9682,comedy
9683,documentary
9684,drama
9685,documentary
9686,drama
9687,drama
9688,documentary
9689,comedy
9690,documentary
9691,documentary
9692,action
9693,comedy
9694,drama
9695,comedy
9696,documentary
9697,short
9698,documentary
9699,drama
9700,drama
9701,drama
9702,documentary
9703,documentary
9704,documentary
9705,comedy
9706,comedy
9707,horror
9708,adult
9709,documentary
9710,comedy
9711,documentary
9712,western
9713,documentary
9714,horror
9715,drama
9716,documentary
9717,drama
9718,comedy
9719,comedy
9720,comedy
9721,comedy
9722,horror
9723,music
9724,comedy
9725,romance
9726,drama
9727,comedy
9728,drama
9729,documentary
9730,short
9731,drama
9732,family
9733,action
9734,documentary
9735,drama
9736,sport
9737,documentary
9738,documentary
9739,documentary
9740,short
9741,comedy
9742,drama
9743,drama
9744,drama
9745,drama
9746,music
9747,documentary
9748,music
9749,documentary
9750,drama
9751,documentary
9752,family
9753,documentary
9754,horror
9755,drama
9756,documentary
9757,documentary
9758,short
9759,documentary
9760,thriller
9761,drama
9762,drama
9763,documentary
9764,documentary
9765,documentary
9766,drama
9767,comedy
9768,comedy
9769,documentary
9770,comedy
9771,drama
9772,documentary
9773,short
9774,documentary
9775,drama
9776,drama
9777,comedy
9778,documentary
9779,short
9780,documentary
9781,drama
9782,sci-fi
9783,family
9784,drama
9785,drama
9786,documentary
9787,drama
9788,drama
9789,comedy
9790,comedy
9791,drama
9792,short
9793,comedy
9794,documentary
9795,documentary
9796,documentary
9797,drama
9798,comedy
9799,drama
9800,comedy
9801,drama
9802,short
9803,short
9804,short
9805,comedy
9806,documentary
9807,documentary
9808,drama
9809,drama
9810,documentary
9811,documentary
9812,thriller
9813,news
9814,documentary
9815,drama
9816,drama
9817,drama
9818,comedy
9819,drama
9820,documentary
9821,documentary
9822,drama
9823,drama
9824,comedy
9825,drama
9826,drama
9827,short
9828,documentary
9829,drama
9830,drama
9831,documentary
9832,documentary
9833,short
9834,horror
9835,game-show
9836,documentary
9837,documentary
9838,drama
9839,documentary
9840,drama
9841,comedy
9842,thriller
9843,drama
9844,comedy
9845,short
9846,comedy
9847,drama
9848,drama
9849,short
9850,horror
9851,drama
9852,thriller
9853,documentary
9854,sport
9855,documentary
9856,drama
9857,horror
9858,drama
9859,documentary
9860,comedy
9861,documentary
9862,documentary
9863,drama
9864,horror
9865,drama
9866,horror
9867,documentary
9868,drama
9869,drama
9870,action
9871,comedy
9872,drama
9873,horror
9874,drama
9875,drama
9876,sport
9877,comedy
9878,documentary
9879,talk-show
9880,comedy
9881,action
9882,short
9883,drama
9884,drama
9885,drama
9886,documentary
9887,drama
9888,reality-tv
9889,comedy
9890,documentary
9891,drama
9892,action
9893,sport
9894,drama
9895,drama
9896,drama
9897,drama
9898,drama
9899,documentary
9900,documentary
9901,drama
9902,comedy
9903,documentary
9904,drama
9905,documentary
9906,short
9907,comedy
9908,western
9909,documentary
9910,documentary
9911,comedy
9912,horror
9913,comedy
9914,sport
9915,comedy
9916,short
9917,short
9918,drama
9919,drama
9920,horror
9921,documentary
9922,documentary
9923,documentary
9924,comedy
9925,documentary
9926,music
9927,drama
9928,drama
9929,short
9930,documentary
9931,comedy
9932,documentary
9933,drama
9934,drama
9935,drama
9936,drama
9937,documentary
9938,comedy
9939,adventure
9940,documentary
9941,western
9942,action
9943,action
9944,short
9945,short
9946,documentary
9947,drama
9948,documentary
9949,drama
9950,drama
9951,action
9952,drama
9953,drama
9954,short
9955,comedy
9956,reality-tv
9957,comedy
9958,drama
9959,documentary
9960,horror
9961,drama
9962,horror
9963,comedy
9964,horror
9965,drama
9966,documentary
9967,documentary
9968,drama
9969,horror
9970,documentary
9971,documentary
9972,comedy
9973,short
9974,drama
9975,documentary
9976,documentary
9977,adventure
9978,fantasy
9979,short
9980,drama
9981,drama
9982,horror
9983,music
9984,documentary
9985,documentary
9986,documentary
9987,drama
9988,documentary
9989,drama
9990,adventure
9991,short
9992,documentary
9993,mystery
9994,documentary
9995,drama
9996,documentary
9997,western
9998,comedy
9999,drama
10000,documentary
10001,drama
10002,documentary
10003,drama
10004,documentary
10005,documentary
10006,horror
10007,comedy
10008,documentary
10009,documentary
10010,documentary
10011,documentary
10012,drama
10013,western
10014,documentary
10015,documentary
10016,comedy
10017,drama
10018,drama
10019,horror
10020,comedy
10021,drama
10022,documentary
10023,short
10024,comedy
10025,documentary
10026,documentary
10027,horror
10028,action
10029,drama
10030,drama
10031,drama
10032,comedy
10033,short
10034,comedy
10035,short
10036,documentary
10037,drama
10038,reality-tv
10039,western
10040,adult
10041,short
10042,drama
10043,western
10044,documentary
10045,adventure
10046,documentary
10047,documentary
10048,documentary
10049,documentary
10050,comedy
10051,western
10052,horror
10053,drama
10054,documentary
10055,comedy
10056,drama
10057,comedy
10058,drama
10059,documentary
10060,documentary
10061,comedy
10062,drama
10063,drama
10064,documentary
10065,documentary
10066,short
10067,comedy
10068,comedy
10069,comedy
10070,documentary
10071,drama
10072,animation
10073,drama
10074,documentary
10075,action
10076,comedy
10077,comedy
10078,comedy
10079,documentary
10080,documentary
10081,drama
10082,comedy
10083,documentary
10084,documentary
10085,documentary
10086,comedy
10087,drama
10088,drama
10089,documentary
10090,documentary
10091,drama
10092,comedy
10093,drama
10094,music
10095,thriller
10096,drama
10097,thriller
10098,comedy
10099,drama
10100,horror
10101,comedy
10102,documentary
10103,documentary
10104,drama
10105,talk-show
10106,documentary
10107,comedy
10108,drama
10109,drama
10110,comedy
10111,documentary
10112,comedy
10113,documentary
10114,comedy
10115,documentary
10116,short
10117,drama
10118,documentary
10119,drama
10120,drama
10121,comedy
10122,drama
10123,drama
10124,short
10125,short
10126,action
10127,sci-fi
10128,drama
10129,documentary
10130,drama
10131,western
10132,adventure
10133,drama
10134,music
10135,action
10136,western
10137,drama
10138,drama
10139,documentary
10140,drama
10141,comedy
10142,thriller
10143,documentary
10144,documentary
10145,comedy
10146,documentary
10147,drama
10148,horror
10149,reality-tv
10150,documentary
10151,comedy
10152,comedy
10153,comedy
10154,comedy
10155,drama
10156,documentary
10157,drama
10158,action
10159,documentary
10160,documentary
10161,documentary
10162,drama
10163,documentary
10164,drama
10165,drama
10166,documentary
10167,documentary
10168,drama
10169,horror
10170,comedy
10171,western
10172,drama
10173,comedy
10174,drama
10175,comedy
10176,drama
10177,comedy
10178,comedy
10179,drama
10180,horror
10181,drama
10182,documentary
10183,short
10184,horror
10185,drama
10186,drama
10187,drama
10188,comedy
10189,drama
10190,western
10191,short
10192,documentary
10193,drama
10194,drama
10195,drama
10196,comedy
10197,documentary
10198,documentary
10199,short
10200,drama
10201,documentary
10202,documentary
10203,documentary
10204,comedy
10205,documentary
10206,reality-tv
10207,drama
10208,drama
10209,drama
10210,action
10211,documentary
10212,drama
10213,documentary
10214,documentary
10215,comedy
10216,drama
10217,short
10218,drama
10219,documentary
10220,drama
10221,comedy
10222,horror
10223,drama
10224,documentary
10225,drama
10226,documentary
10227,comedy
10228,documentary
10229,drama
10230,short
10231,comedy
10232,sci-fi
10233,documentary
10234,short
10235,drama
10236,documentary
10237,comedy
10238,documentary
10239,documentary
10240,documentary
10241,drama
10242,documentary
10243,documentary
10244,drama
10245,short
10246,comedy
10247,drama
10248,drama
10249,documentary
10250,comedy
10251,drama
10252,drama
10253,action
10254,documentary
10255,drama
10256,comedy
10257,drama
10258,drama
10259,documentary
10260,drama
10261,adventure
10262,comedy
10263,drama
10264,short
10265,drama
10266,comedy
10267,documentary
10268,drama
10269,drama
10270,short
10271,drama
10272,drama
10273,documentary
10274,drama
10275,drama
10276,drama
10277,drama
10278,comedy
10279,documentary
10280,documentary
10281,horror
10282,documentary
10283,comedy
10284,horror
10285,documentary
10286,documentary
10287,drama
10288,drama
10289,horror
10290,drama
10291,comedy
10292,documentary
10293,comedy
10294,drama
10295,drama
10296,action
10297,comedy
10298,drama
10299,drama
10300,drama
10301,drama
10302,family
10303,western
10304,horror
10305,drama
10306,drama
10307,documentary
10308,comedy
10309,documentary
10310,drama
10311,documentary
10312,drama
10313,comedy
10314,documentary
10315,documentary
10316,drama
10317,documentary
10318,drama
10319,western
10320,drama
10321,comedy
10322,documentary
10323,family
10324,horror
10325,comedy
10326,documentary
10327,comedy
10328,short
10329,comedy
10330,drama
10331,short
10332,documentary
10333,drama
10334,animation
10335,drama
10336,documentary
10337,comedy
10338,comedy
10339,music
10340,short
10341,drama
10342,drama
10343,drama
10344,horror
10345,horror
10346,action
10347,drama
10348,documentary
10349,documentary
10350,documentary
10351,documentary
10352,horror
10353,documentary
10354,drama
10355,drama
10356,drama
10357,drama
10358,drama
10359,drama
10360,comedy
10361,game-show
10362,game-show
10363,drama
10364,short
10365,short
10366,action
10367,drama
10368,documentary
10369,drama
10370,comedy
10371,action
10372,horror
10373,game-show
10374,comedy
10375,documentary
10376,comedy
10377,documentary
10378,comedy
10379,drama
10380,documentary
10381,drama
10382,documentary
10383,drama
10384,action
10385,drama
10386,action
10387,comedy
10388,comedy
10389,comedy
10390,documentary
10391,drama
10392,short
10393,drama
10394,adult
10395,documentary
10396,comedy
10397,drama
10398,comedy
10399,drama
10400,documentary
10401,drama
10402,horror
10403,documentary
10404,drama
10405,documentary
10406,documentary
10407,drama
10408,documentary
10409,comedy
10410,drama
10411,drama
10412,drama
10413,drama
10414,documentary
10415,drama
10416,comedy
10417,drama
10418,comedy
10419,western
10420,short
10421,comedy
10422,comedy
10423,drama
10424,documentary
10425,drama
10426,music
10427,drama
10428,comedy
10429,documentary
10430,drama
10431,documentary
10432,short
10433,drama
10434,comedy
10435,drama
10436,drama
10437,documentary
10438,drama
10439,documentary
10440,documentary
10441,drama
10442,short
10443,documentary
10444,drama
10445,short
10446,comedy
10447,comedy
10448,family
10449,documentary
10450,comedy
10451,drama
10452,documentary
10453,comedy
10454,drama
10455,comedy
10456,drama
10457,comedy
10458,comedy
10459,documentary
10460,western
10461,documentary
10462,drama
10463,documentary
10464,drama
10465,documentary
10466,drama
10467,drama
10468,short
10469,thriller
10470,documentary
10471,drama
10472,drama
10473,documentary
10474,drama
10475,drama
10476,drama
10477,drama
10478,horror
10479,drama
10480,short
10481,drama
10482,comedy
10483,drama
10484,documentary
10485,drama
10486,fantasy
10487,documentary
10488,documentary
10489,documentary
10490,documentary
10491,drama
10492,short
10493,documentary
10494,sci-fi
10495,drama
10496,drama
10497,documentary
10498,drama
10499,comedy
10500,action
10501,drama
10502,thriller
10503,drama
10504,horror
10505,documentary
10506,comedy
10507,thriller
10508,drama
10509,documentary
10510,drama
10511,comedy
10512,history
10513,comedy
10514,drama
10515,drama
10516,documentary
10517,short
10518,short
10519,drama
10520,thriller
10521,comedy
10522,comedy
10523,documentary
10524,documentary
10525,comedy
10526,sci-fi
10527,drama
10528,music
10529,drama
10530,documentary
10531,drama
10532,drama
10533,comedy
10534,music
10535,action
10536,drama
10537,drama
10538,drama
10539,drama
10540,drama
10541,drama
10542,short
10543,comedy
10544,drama
10545,drama
10546,documentary
10547,short
10548,short
10549,drama
10550,drama
10551,comedy
10552,comedy
10553,documentary
10554,drama
10555,documentary
10556,comedy
10557,drama
10558,comedy
10559,drama
10560,drama
10561,drama
10562,drama
10563,comedy
10564,music
10565,drama
10566,comedy
10567,documentary
10568,drama
10569,drama
10570,game-show
10571,documentary
10572,documentary
10573,comedy
10574,short
10575,comedy
10576,comedy
10577,comedy
10578,sci-fi
10579,documentary
10580,sport
10581,comedy
10582,documentary
10583,documentary
10584,drama
10585,documentary
10586,drama
10587,thriller
10588,documentary
10589,drama
10590,documentary
10591,short
10592,drama
10593,short
10594,documentary
10595,documentary
10596,documentary
10597,drama
10598,drama
10599,western
10600,drama
10601,music
10602,drama
10603,short
10604,documentary
10605,drama
10606,action
10607,drama
10608,drama
10609,short
10610,drama
10611,horror
10612,drama
10613,documentary
10614,western
10615,documentary
10616,documentary
10617,documentary
10618,drama
10619,documentary
10620,documentary
10621,comedy
10622,drama
10623,reality-tv
10624,drama
10625,short
10626,drama
10627,comedy
10628,documentary
10629,documentary
10630,drama
10631,documentary
10632,horror
10633,comedy
10634,short
10635,comedy
10636,drama
10637,documentary
10638,documentary
10639,documentary
10640,comedy
10641,short
10642,documentary
10643,adventure
10644,family
10645,documentary
10646,short
10647,short
10648,documentary
10649,documentary
10650,documentary
10651,comedy
10652,drama
10653,drama
10654,comedy
10655,reality-tv
10656,comedy
10657,documentary
10658,short
10659,adventure
10660,documentary
10661,documentary
10662,drama
10663,documentary
10664,documentary
10665,short
10666,documentary
10667,drama
10668,documentary
10669,drama
10670,documentary
10671,documentary
10672,drama
10673,documentary
10674,short
10675,documentary
10676,short
10677,drama
10678,crime
10679,short
10680,drama
10681,short
10682,drama
10683,drama
10684,reality-tv
10685,horror
10686,drama
10687,drama
10688,horror
10689,short
10690,documentary
10691,comedy
10692,documentary
10693,horror
10694,documentary
10695,documentary
10696,documentary
10697,drama
10698,comedy
10699,drama
10700,documentary
10701,horror
10702,documentary
10703,drama
10704,action
10705,drama
10706,western
10707,short
10708,documentary
10709,documentary
10710,comedy
10711,reality-tv
10712,drama
10713,drama
10714,documentary
10715,drama
10716,documentary
10717,drama
10718,drama
10719,drama
10720,documentary
10721,documentary
10722,drama
10723,drama
10724,drama
10725,drama
10726,documentary
10727,horror
10728,documentary
10729,comedy
10730,drama
10731,documentary
10732,drama
10733,horror
10734,documentary
10735,drama
10736,drama
10737,documentary
10738,sci-fi
10739,music
10740,comedy
10741,documentary
10742,adult
10743,documentary
10744,comedy
10745,drama
10746,comedy
10747,horror
10748,drama
10749,western
10750,documentary
10751,thriller
10752,comedy
10753,sci-fi
10754,documentary
10755,documentary
10756,documentary
10757,drama
10758,comedy
10759,drama
10760,comedy
10761,comedy
10762,documentary
10763,documentary
10764,documentary
10765,family
10766,comedy
10767,documentary
10768,documentary
10769,drama
10770,short
10771,drama
10772,drama
10773,drama
10774,documentary
10775,drama
10776,drama
10777,horror
10778,comedy
10779,drama
10780,drama
10781,documentary
10782,short
10783,drama
10784,drama
10785,adventure
10786,horror
10787,comedy
10788,documentary
10789,drama
10790,documentary
10791,documentary
10792,drama
10793,documentary
10794,drama
10795,documentary
10796,action
10797,comedy
10798,drama
10799,drama
10800,drama
10801,drama
10802,drama
10803,documentary
10804,reality-tv
10805,drama
10806,drama
10807,drama
10808,documentary
10809,documentary
10810,documentary
10811,drama
10812,drama
10813,drama
10814,drama
10815,documentary
10816,drama
10817,comedy
10818,documentary
10819,drama
10820,drama
10821,drama
10822,documentary
10823,documentary
10824,drama
10825,documentary
10826,documentary
10827,comedy
10828,drama
10829,comedy
10830,drama
10831,documentary
10832,action
10833,drama
10834,drama
10835,documentary
10836,documentary
10837,comedy
10838,comedy
10839,documentary
10840,comedy
10841,documentary
10842,short
10843,comedy
10844,horror
10845,action
10846,documentary
10847,documentary
10848,comedy
10849,drama
10850,documentary
10851,drama
10852,short
10853,drama
10854,documentary
10855,drama
10856,drama
10857,comedy
10858,documentary
10859,documentary
10860,drama
10861,drama
10862,documentary
10863,thriller
10864,comedy
10865,documentary
10866,short
10867,drama
10868,documentary
10869,documentary
10870,documentary
10871,drama
10872,comedy
10873,short
10874,comedy
10875,comedy
10876,drama
10877,drama
10878,music
10879,comedy
10880,drama
10881,documentary
10882,documentary
10883,comedy
10884,drama
10885,comedy
10886,drama
10887,drama
10888,documentary
10889,adventure
10890,action
10891,documentary
10892,horror
10893,drama
10894,drama
10895,documentary
10896,documentary
10897,drama
10898,drama
10899,documentary
10900,documentary
10901,documentary
10902,short
10903,horror
10904,drama
10905,comedy
10906,comedy
10907,drama
10908,documentary
10909,western
10910,documentary
10911,short
10912,comedy
10913,sport
10914,drama
10915,short
10916,documentary
10917,drama
10918,thriller
10919,family
10920,thriller
10921,comedy
10922,drama
10923,documentary
10924,documentary
10925,western
10926,drama
10927,drama
10928,drama
10929,comedy
10930,drama
10931,short
10932,documentary
10933,documentary
10934,documentary
10935,documentary
10936,documentary
10937,action
10938,comedy
10939,documentary
10940,documentary
10941,drama
10942,drama
10943,horror
10944,documentary
10945,comedy
10946,drama
10947,documentary
10948,short
10949,documentary
10950,drama
10951,drama
10952,documentary
10953,music
10954,documentary
10955,documentary
10956,documentary
10957,short
10958,comedy
10959,comedy
10960,documentary
10961,short
10962,western
10963,comedy
10964,drama
10965,documentary
10966,comedy
10967,western
10968,short
10969,short
10970,documentary
10971,horror
10972,documentary
10973,drama
10974,documentary
10975,sci-fi
10976,documentary
10977,comedy
10978,documentary
10979,comedy
10980,drama
10981,short
10982,comedy
10983,documentary
10984,drama
10985,documentary
10986,drama
10987,music
10988,drama
10989,drama
10990,drama
10991,drama
10992,drama
10993,drama
10994,drama
10995,documentary
10996,documentary
10997,documentary
10998,family
10999,drama
11000,short
11001,action
11002,short
11003,comedy
11004,comedy
11005,comedy
11006,comedy
11007,drama
11008,comedy
11009,talk-show
11010,documentary
11011,drama
11012,comedy
11013,short
11014,documentary
11015,drama
11016,drama
11017,short
11018,documentary
11019,drama
11020,comedy
11021,documentary
11022,drama
11023,drama
11024,comedy
11025,drama
11026,comedy
11027,adventure
11028,music
11029,drama
11030,drama
11031,drama
11032,drama
11033,documentary
11034,documentary
11035,comedy
11036,comedy
11037,documentary
11038,comedy
11039,documentary
11040,action
11041,horror
11042,documentary
11043,documentary
11044,fantasy
11045,short
11046,comedy
11047,comedy
11048,drama
11049,documentary
11050,short
11051,documentary
11052,drama
11053,comedy
11054,drama
11055,drama
11056,drama
11057,comedy
11058,documentary
11059,documentary
11060,documentary
11061,documentary
11062,short
11063,comedy
11064,drama
11065,drama
11066,documentary
11067,comedy
11068,reality-tv
11069,drama
11070,comedy
11071,documentary
11072,documentary
11073,documentary
11074,documentary
11075,comedy
11076,short
11077,documentary
11078,drama
11079,documentary
11080,documentary
11081,drama
11082,documentary
11083,comedy
11084,drama
11085,drama
11086,drama
11087,action
11088,documentary
11089,short
11090,western
11091,documentary
11092,documentary
11093,reality-tv
11094,drama
11095,drama
11096,comedy
11097,drama
11098,reality-tv
11099,comedy
11100,comedy
11101,drama
11102,documentary
11103,drama
11104,documentary
11105,drama
11106,drama
11107,documentary
11108,short
11109,documentary
11110,drama
11111,documentary
11112,drama
11113,documentary
11114,drama
11115,comedy
11116,documentary
11117,drama
11118,drama
11119,drama
11120,documentary
11121,drama
11122,action
11123,drama
11124,documentary
11125,documentary
11126,documentary
11127,comedy
11128,drama
11129,horror
11130,reality-tv
11131,documentary
11132,drama
11133,drama
11134,sci-fi
11135,drama
11136,comedy
11137,drama
11138,documentary
11139,documentary
11140,comedy
11141,documentary
11142,documentary
11143,documentary
11144,drama
11145,drama
11146,comedy
11147,drama
11148,drama
11149,documentary
11150,drama
11151,documentary
11152,drama
11153,drama
11154,comedy
11155,reality-tv
11156,comedy
11157,comedy
11158,drama
11159,comedy
11160,documentary
11161,comedy
11162,comedy
11163,comedy
11164,documentary
11165,drama
11166,documentary
11167,drama
11168,short
11169,music
11170,documentary
11171,documentary
11172,documentary
11173,crime
11174,horror
11175,drama
11176,documentary
11177,drama
11178,music
11179,comedy
11180,documentary
11181,drama
11182,documentary
11183,drama
11184,sci-fi
11185,western
11186,short
11187,short
11188,documentary
11189,drama
11190,horror
11191,comedy
11192,drama
11193,documentary
11194,documentary
11195,documentary
11196,horror
11197,thriller
11198,documentary
11199,documentary
11200,drama
11201,documentary
11202,comedy
11203,horror
11204,drama
11205,drama
11206,drama
11207,adult
11208,comedy
11209,comedy
11210,documentary
11211,documentary
11212,documentary
11213,drama
11214,adventure
11215,drama
11216,horror
11217,drama
11218,documentary
11219,reality-tv
11220,comedy
11221,documentary
11222,documentary
11223,adult
11224,documentary
11225,comedy
11226,drama
11227,comedy
11228,documentary
11229,documentary
11230,family
11231,documentary
11232,thriller
11233,comedy
11234,music
11235,short
11236,sci-fi
11237,drama
11238,documentary
11239,drama
11240,music
11241,drama
11242,documentary
11243,documentary
11244,drama
11245,documentary
11246,documentary
11247,short
11248,romance
11249,documentary
11250,drama
11251,comedy
11252,drama
11253,drama
11254,documentary
11255,comedy
11256,short
11257,drama
11258,reality-tv
11259,drama
11260,documentary
11261,documentary
11262,documentary
11263,documentary
11264,documentary
11265,documentary
11266,adventure
11267,documentary
11268,drama
11269,short
11270,fantasy
11271,comedy
11272,comedy
11273,drama
11274,drama
11275,short
11276,documentary
11277,drama
11278,documentary
11279,drama
11280,documentary
11281,documentary
11282,drama
11283,documentary
11284,drama
11285,documentary
11286,documentary
11287,drama
11288,comedy
11289,game-show
11290,comedy
11291,western
11292,drama
11293,drama
11294,drama
11295,horror
11296,drama
11297,romance
11298,comedy
11299,documentary
11300,drama
11301,comedy
11302,comedy
11303,western
11304,short
11305,western
11306,documentary
11307,drama
11308,drama
11309,drama
11310,comedy
11311,documentary
11312,drama
11313,comedy
11314,sci-fi
11315,drama
11316,drama
11317,documentary
11318,comedy
11319,drama
11320,documentary
11321,documentary
11322,drama
11323,drama
11324,drama
11325,drama
11326,documentary
11327,documentary
11328,drama
11329,comedy
11330,documentary
11331,drama
11332,drama
11333,drama
11334,drama
11335,comedy
11336,drama
11337,drama
11338,drama
11339,drama
11340,drama
11341,music
11342,documentary
11343,documentary
11344,adult
11345,drama
11346,drama
11347,drama
11348,horror
11349,comedy
11350,western
11351,comedy
11352,documentary
11353,drama
11354,documentary
11355,drama
11356,drama
11357,comedy
11358,short
11359,drama
11360,drama
11361,adventure
11362,horror
11363,adult
11364,action
11365,short
11366,comedy
11367,sci-fi
11368,documentary
11369,documentary
11370,comedy
11371,drama
11372,comedy
11373,documentary
11374,documentary
11375,reality-tv
11376,reality-tv
11377,documentary
11378,comedy
11379,drama
11380,documentary
11381,documentary
11382,comedy
11383,short
11384,documentary
11385,comedy
11386,comedy
11387,short
11388,drama
11389,drama
11390,documentary
11391,documentary
11392,drama
11393,documentary
11394,documentary
11395,horror
11396,short
11397,comedy
11398,drama
11399,drama
11400,drama
11401,drama
11402,comedy
11403,documentary
11404,drama
11405,documentary
11406,comedy
11407,horror
11408,comedy
11409,documentary
11410,drama
11411,reality-tv
11412,drama
11413,comedy
11414,drama
11415,music
11416,documentary
11417,documentary
11418,drama
11419,comedy
11420,documentary
11421,drama
11422,drama
11423,drama
11424,comedy
11425,drama
11426,horror
11427,drama
11428,comedy
11429,documentary
11430,drama
11431,documentary
11432,documentary
11433,comedy
11434,drama
11435,comedy
11436,documentary
11437,drama
11438,comedy
11439,thriller
11440,comedy
11441,western
11442,drama
11443,documentary
11444,drama
11445,comedy
11446,mystery
11447,horror
11448,comedy
11449,documentary
11450,action
11451,documentary
11452,short
11453,drama
11454,drama
11455,documentary
11456,documentary
11457,short
11458,horror
11459,music
11460,drama
11461,drama
11462,documentary
11463,documentary
11464,comedy
11465,documentary
11466,drama
11467,short
11468,drama
11469,documentary
11470,drama
11471,drama
11472,short
11473,documentary
11474,drama
11475,short
11476,drama
11477,comedy
11478,documentary
11479,sci-fi
11480,short
11481,fantasy
11482,documentary
11483,drama
11484,documentary
11485,documentary
11486,drama
11487,talk-show
11488,horror
11489,documentary
11490,documentary
11491,action
11492,drama
11493,drama
11494,drama
11495,drama
11496,drama
11497,drama
11498,action
11499,drama
11500,comedy
11501,drama
11502,documentary
11503,drama
11504,documentary
11505,drama
11506,drama
11507,documentary
11508,short
11509,drama
11510,sci-fi
11511,drama
11512,documentary
11513,documentary
11514,documentary
11515,documentary
11516,drama
11517,drama
11518,drama
11519,horror
11520,short
11521,comedy
11522,short
11523,drama
11524,drama
11525,drama
11526,drama
11527,drama
11528,short
11529,drama
11530,comedy
11531,documentary
11532,documentary
11533,drama
11534,documentary
11535,drama
11536,comedy
11537,drama
11538,drama
11539,comedy
11540,drama
11541,documentary
11542,horror
11543,drama
11544,drama
11545,drama
11546,documentary
11547,documentary
11548,documentary
11549,drama
11550,drama
11551,comedy
11552,documentary
11553,drama
11554,thriller
11555,drama
11556,horror
11557,drama
11558,horror
11559,drama
11560,documentary
11561,drama
11562,drama
11563,documentary
11564,drama
11565,western
11566,documentary
11567,documentary
11568,comedy
11569,drama
11570,drama
11571,short
11572,drama
11573,sci-fi
11574,family
11575,drama
11576,documentary
11577,drama
11578,reality-tv
11579,drama
11580,documentary
11581,documentary
11582,documentary
11583,drama
11584,comedy
11585,comedy
11586,drama
11587,comedy
11588,drama
11589,documentary
11590,documentary
11591,drama
11592,sci-fi
11593,drama
11594,documentary
11595,comedy
11596,horror
11597,drama
11598,drama
11599,comedy
11600,documentary
11601,family
11602,drama
11603,documentary
11604,comedy
11605,drama
11606,drama
11607,documentary
11608,drama
11609,drama
11610,drama
11611,drama
11612,drama
11613,drama
11614,drama
11615,comedy
11616,documentary
11617,documentary
11618,documentary
11619,documentary
11620,short
11621,comedy
11622,drama
11623,documentary
11624,music
11625,thriller
11626,drama
11627,documentary
11628,drama
11629,comedy
11630,drama
11631,documentary
11632,comedy
11633,horror
11634,drama
11635,drama
11636,documentary
11637,documentary
11638,documentary
11639,drama
11640,action
11641,drama
11642,drama
11643,sport
11644,documentary
11645,drama
11646,talk-show
11647,horror
11648,drama
11649,comedy
11650,action
11651,short
11652,documentary
11653,comedy
11654,comedy
11655,horror
11656,comedy
11657,game-show
11658,drama
11659,drama
11660,short
11661,documentary
11662,drama
11663,drama
11664,horror
11665,reality-tv
11666,documentary
11667,drama
11668,documentary
11669,music
11670,drama
11671,documentary
11672,documentary
11673,western
11674,drama
11675,game-show
11676,drama
11677,comedy
11678,action
11679,drama
11680,short
11681,documentary
11682,documentary
11683,documentary
11684,documentary
11685,action
11686,documentary
11687,documentary
11688,documentary
11689,drama
11690,documentary
11691,documentary
11692,drama
11693,drama
11694,action
11695,documentary
11696,documentary
11697,horror
11698,drama
11699,short
11700,documentary
11701,drama
11702,comedy
11703,comedy
11704,drama
11705,sci-fi
11706,documentary
11707,comedy
11708,drama
11709,drama
11710,documentary
11711,comedy
11712,documentary
11713,drama
11714,documentary
11715,drama
11716,documentary
11717,drama
11718,drama
11719,documentary
11720,documentary
11721,comedy
11722,sport
11723,drama
11724,comedy
11725,documentary
11726,comedy
11727,drama
11728,documentary
11729,drama
11730,documentary
11731,documentary
11732,comedy
11733,drama
11734,documentary
11735,drama
11736,comedy
11737,drama
11738,short
11739,drama
11740,drama
11741,documentary
11742,drama
11743,documentary
11744,drama
11745,drama
11746,drama
11747,comedy
11748,comedy
11749,drama
11750,comedy
11751,comedy
11752,drama
11753,thriller
11754,comedy
11755,comedy
11756,documentary
11757,documentary
11758,short
11759,short
11760,horror
11761,documentary
11762,drama
11763,documentary
11764,comedy
11765,drama
11766,drama
11767,drama
11768,documentary
11769,comedy
11770,documentary
11771,comedy
11772,drama
11773,drama
11774,drama
11775,reality-tv
11776,horror
11777,drama
11778,documentary
11779,comedy
11780,documentary
11781,thriller
11782,horror
11783,documentary
11784,drama
11785,drama
11786,drama
11787,short
11788,documentary
11789,horror
11790,documentary
11791,horror
11792,comedy
11793,drama
11794,drama
11795,documentary
11796,drama
11797,documentary
11798,comedy
11799,documentary
11800,comedy
11801,thriller
11802,documentary
11803,sport
11804,sport
11805,drama
11806,drama
11807,drama
11808,documentary
11809,western
11810,documentary
11811,drama
11812,documentary
11813,documentary
11814,comedy
11815,comedy
11816,drama
11817,documentary
11818,adventure
11819,horror
11820,documentary
11821,drama
11822,drama
11823,documentary
11824,drama
11825,documentary
11826,drama
11827,short
11828,short
11829,family
11830,comedy
11831,short
11832,short
11833,reality-tv
11834,drama
11835,short
11836,drama
11837,horror
11838,drama
11839,documentary
11840,documentary
11841,documentary
11842,drama
11843,drama
11844,comedy
11845,short
11846,documentary
11847,drama
11848,documentary
11849,documentary
11850,short
11851,short
11852,documentary
11853,documentary
11854,thriller
11855,horror
11856,comedy
11857,comedy
11858,drama
11859,comedy
11860,documentary
11861,drama
11862,game-show
11863,drama
11864,documentary
11865,documentary
11866,drama
11867,drama
11868,documentary
11869,documentary
11870,documentary
11871,comedy
11872,comedy
11873,documentary
11874,drama
11875,drama
11876,documentary
11877,documentary
11878,drama
11879,action
11880,documentary
11881,thriller
11882,documentary
11883,drama
11884,documentary
11885,documentary
11886,documentary
11887,drama
11888,adult
11889,drama
11890,horror
11891,documentary
11892,comedy
11893,adult
11894,documentary
11895,drama
11896,drama
11897,documentary
11898,documentary
11899,documentary
11900,western
11901,sport
11902,drama
11903,documentary
11904,comedy
11905,drama
11906,documentary
11907,comedy
11908,talk-show
11909,drama
11910,drama
11911,short
11912,drama
11913,documentary
11914,drama
11915,comedy
11916,documentary
11917,documentary
11918,comedy
11919,drama
11920,drama
11921,short
11922,documentary
11923,short
11924,drama
11925,drama
11926,comedy
11927,documentary
11928,documentary
11929,drama
11930,comedy
11931,comedy
11932,sci-fi
11933,documentary
11934,documentary
11935,drama
11936,documentary
11937,horror
11938,drama
11939,music
11940,documentary
11941,drama
11942,drama
11943,documentary
11944,drama
11945,drama
11946,horror
11947,documentary
11948,sport
11949,documentary
11950,comedy
11951,western
11952,short
11953,drama
11954,drama
11955,drama
11956,horror
11957,music
11958,documentary
11959,reality-tv
11960,adventure
11961,comedy
11962,documentary
11963,documentary
11964,documentary
11965,documentary
11966,comedy
11967,drama
11968,documentary
11969,documentary
11970,drama
11971,drama
11972,comedy
11973,action
11974,western
11975,documentary
11976,documentary
11977,comedy
11978,comedy
11979,documentary
11980,documentary
11981,short
11982,drama
11983,drama
11984,horror
11985,comedy
11986,documentary
11987,comedy
11988,documentary
11989,drama
11990,documentary
11991,drama
11992,documentary
11993,drama
11994,drama
11995,drama
11996,comedy
11997,comedy
11998,comedy
11999,drama
12000,documentary
12001,drama
12002,documentary
12003,short
12004,short
12005,documentary
12006,drama
12007,drama
12008,documentary
12009,western
12010,drama
12011,short
12012,documentary
12013,comedy
12014,comedy
12015,comedy
12016,drama
12017,short
12018,game-show
12019,comedy
12020,documentary
12021,drama
12022,drama
12023,horror
12024,drama
12025,comedy
12026,drama
12027,drama
12028,adult
12029,sci-fi
12030,documentary
12031,comedy
12032,action
12033,drama
12034,drama
12035,documentary
12036,comedy
12037,documentary
12038,documentary
12039,drama
12040,comedy
12041,drama
12042,documentary
12043,drama
12044,comedy
12045,drama
12046,drama
12047,drama
12048,talk-show
12049,documentary
12050,comedy
12051,drama
12052,drama
12053,drama
12054,horror
12055,drama
12056,drama
12057,drama
12058,comedy
12059,documentary
12060,documentary
12061,drama
12062,drama
12063,comedy
12064,documentary
12065,comedy
12066,drama
12067,comedy
12068,documentary
12069,drama
12070,comedy
12071,drama
12072,documentary
12073,horror
12074,drama
12075,short
12076,documentary
12077,drama
12078,documentary
12079,documentary
12080,drama
12081,drama
12082,comedy
12083,drama
12084,comedy
12085,drama
12086,comedy
12087,drama
12088,drama
12089,drama
12090,drama
12091,documentary
12092,documentary
12093,documentary
12094,drama
12095,action
12096,documentary
12097,documentary
12098,drama
12099,drama
12100,comedy
12101,documentary
12102,drama
12103,documentary
12104,horror
12105,short
12106,music
12107,drama
12108,drama
12109,action
12110,horror
12111,music
12112,drama
12113,documentary
12114,short
12115,drama
12116,short
12117,drama
12118,comedy
12119,drama
12120,short
12121,talk-show
12122,action
12123,horror
12124,drama
12125,documentary
12126,comedy
12127,drama
12128,documentary
12129,short
12130,thriller
12131,drama
12132,drama
12133,horror
12134,comedy
12135,comedy
12136,short
12137,drama
12138,horror
12139,documentary
12140,documentary
12141,documentary
12142,drama
12143,documentary
12144,drama
12145,comedy
12146,reality-tv
12147,drama
12148,documentary
12149,drama
12150,drama
12151,drama
12152,documentary
12153,drama
12154,drama
12155,documentary
12156,drama
12157,drama
12158,drama
12159,drama
12160,comedy
12161,horror
12162,short
12163,family
12164,short
12165,documentary
12166,short
12167,documentary
12168,documentary
12169,music
12170,comedy
12171,drama
12172,documentary
12173,comedy
12174,documentary
12175,drama
12176,sport
12177,documentary
12178,drama
12179,documentary
12180,drama
12181,drama
12182,documentary
12183,documentary
12184,reality-tv
12185,drama
12186,comedy
12187,drama
12188,drama
12189,drama
12190,short
12191,horror
12192,documentary
12193,drama
12194,western
12195,comedy
12196,action
12197,drama
12198,comedy
12199,drama
12200,documentary
12201,drama
12202,horror
12203,short
12204,comedy
12205,short
12206,documentary
12207,documentary
12208,drama
12209,drama
12210,drama
12211,comedy
12212,drama
12213,music
12214,documentary
12215,short
12216,music
12217,drama
12218,western
12219,drama
12220,documentary
12221,short
12222,short
12223,documentary
12224,short
12225,documentary
12226,comedy
12227,documentary
12228,documentary
12229,documentary
12230,documentary
12231,short
12232,documentary
12233,western
12234,documentary
12235,action
12236,drama
12237,drama
12238,documentary
12239,comedy
12240,documentary
12241,documentary
12242,documentary
12243,documentary
12244,documentary
12245,documentary
12246,drama
12247,short
12248,drama
12249,drama
12250,comedy
12251,documentary
12252,documentary
12253,documentary
12254,drama
12255,drama
12256,drama
12257,drama
12258,documentary
12259,comedy
12260,drama
12261,thriller
12262,drama
12263,documentary
12264,documentary
12265,documentary
12266,animation
12267,comedy
12268,drama
12269,comedy
12270,drama
12271,drama
12272,drama
12273,drama
12274,comedy
12275,documentary
12276,documentary
12277,action
12278,drama
12279,drama
12280,drama
12281,documentary
12282,comedy
12283,documentary
12284,documentary
12285,sci-fi
12286,horror
12287,documentary
12288,drama
12289,documentary
12290,comedy
12291,drama
12292,drama
12293,short
12294,drama
12295,drama
12296,thriller
12297,short
12298,documentary
12299,documentary
12300,drama
12301,drama
12302,documentary
12303,drama
12304,comedy
12305,documentary
12306,drama
12307,horror
12308,horror
12309,documentary
12310,drama
12311,adventure
12312,comedy
12313,comedy
12314,drama
12315,drama
12316,reality-tv
12317,reality-tv
12318,short
12319,drama
12320,sci-fi
12321,drama
12322,documentary
12323,documentary
12324,western
12325,documentary
12326,short
12327,drama
12328,drama
12329,drama
12330,documentary
12331,documentary
12332,drama
12333,documentary
12334,reality-tv
12335,comedy
12336,documentary
12337,drama
12338,drama
12339,comedy
12340,drama
12341,musical
12342,drama
12343,documentary
12344,short
12345,documentary
12346,documentary
12347,drama
12348,horror
12349,drama
12350,short
12351,drama
12352,drama
12353,drama
12354,short
12355,comedy
12356,sci-fi
12357,drama
12358,documentary
12359,documentary
12360,adult
12361,drama
12362,game-show
12363,drama
12364,documentary
12365,comedy
12366,short
12367,horror
12368,documentary
12369,documentary
12370,drama
12371,documentary
12372,comedy
12373,short
12374,comedy
12375,documentary
12376,drama
12377,documentary
12378,reality-tv
12379,comedy
12380,biography
12381,documentary
12382,documentary
12383,drama
12384,comedy
12385,drama
12386,horror
12387,drama
12388,adult
12389,drama
12390,documentary
12391,comedy
12392,documentary
12393,comedy
12394,drama
12395,drama
12396,documentary
12397,drama
12398,comedy
12399,documentary
12400,drama
12401,drama
12402,drama
12403,drama
12404,documentary
12405,drama
12406,adventure
12407,western
12408,comedy
12409,comedy
12410,drama
12411,drama
12412,drama
12413,short
12414,drama
12415,drama
12416,documentary
12417,documentary
12418,drama
12419,sci-fi
12420,documentary
12421,documentary
12422,drama
12423,animation
12424,comedy
12425,comedy
12426,drama
12427,comedy
12428,comedy
12429,documentary
12430,western
12431,drama
12432,reality-tv
12433,horror
12434,comedy
12435,documentary
12436,comedy
12437,drama
12438,documentary
12439,documentary
12440,comedy
12441,documentary
12442,drama
12443,thriller
12444,comedy
12445,comedy
12446,drama
12447,comedy
12448,comedy
12449,documentary
12450,drama
12451,documentary
12452,drama
12453,comedy
12454,drama
12455,comedy
12456,sci-fi
12457,drama
12458,drama
12459,drama
12460,documentary
12461,drama
12462,horror
12463,drama
12464,music
12465,drama
12466,comedy
12467,documentary
12468,drama
12469,drama
12470,short
12471,short
12472,short
12473,thriller
12474,documentary
12475,drama
12476,documentary
12477,drama
12478,western
12479,drama
12480,western
12481,documentary
12482,drama
12483,drama
12484,drama
12485,documentary
12486,documentary
12487,adventure
12488,documentary
12489,documentary
12490,comedy
12491,drama
12492,reality-tv
12493,sci-fi
12494,documentary
12495,drama
12496,short
12497,short
12498,drama
12499,drama
12500,drama
12501,drama
12502,documentary
12503,drama
12504,comedy
12505,short
12506,drama
12507,drama
12508,drama
12509,short
12510,drama
12511,documentary
12512,documentary
12513,drama
12514,drama
12515,documentary
12516,comedy
12517,drama
12518,drama
12519,short
12520,drama
12521,drama
12522,drama
12523,short
12524,western
12525,documentary
12526,documentary
12527,documentary
12528,comedy
12529,horror
12530,drama
12531,animation
12532,comedy
12533,comedy
12534,documentary
12535,comedy
12536,documentary
12537,documentary
12538,drama
12539,documentary
12540,drama
12541,horror
12542,documentary
12543,documentary
12544,documentary
12545,drama
12546,drama
12547,documentary
12548,music
12549,documentary
12550,documentary
12551,drama
12552,music
12553,drama
12554,comedy
12555,drama
12556,documentary
12557,documentary
12558,drama
12559,comedy
12560,drama
12561,documentary
12562,drama
12563,comedy
12564,sci-fi
12565,documentary
12566,documentary
12567,drama
12568,short
12569,documentary
12570,documentary
12571,drama
12572,drama
12573,drama
12574,horror
12575,short
12576,horror
12577,documentary
12578,documentary
12579,drama
12580,documentary
12581,documentary
12582,drama
12583,drama
12584,documentary
12585,drama
12586,drama
12587,western
12588,drama
12589,documentary
12590,drama
12591,reality-tv
12592,comedy
12593,game-show
12594,documentary
12595,comedy
12596,comedy
12597,short
12598,documentary
12599,short
12600,adult
12601,documentary
12602,drama
12603,horror
12604,crime
12605,documentary
12606,drama
12607,drama
12608,documentary
12609,drama
12610,comedy
12611,comedy
12612,sport
12613,documentary
12614,comedy
12615,comedy
12616,drama
12617,drama
12618,drama
12619,short
12620,documentary
12621,documentary
12622,documentary
12623,documentary
12624,drama
12625,documentary
12626,documentary
12627,documentary
12628,drama
12629,drama
12630,documentary
12631,short
12632,drama
12633,drama
12634,drama
12635,animation
12636,documentary
12637,sci-fi
12638,documentary
12639,drama
12640,short
12641,comedy
12642,documentary
12643,comedy
12644,drama
12645,comedy
12646,music
12647,reality-tv
12648,documentary
12649,drama
12650,comedy
12651,documentary
12652,documentary
12653,drama
12654,western
12655,drama
12656,drama
12657,drama
12658,documentary
12659,drama
12660,comedy
12661,drama
12662,comedy
12663,comedy
12664,drama
12665,drama
12666,comedy
12667,drama
12668,drama
12669,comedy
12670,documentary
12671,drama
12672,action
12673,documentary
12674,drama
12675,documentary
12676,drama
12677,drama
12678,comedy
12679,horror
12680,drama
12681,drama
12682,documentary
12683,drama
12684,drama
12685,documentary
12686,drama
12687,drama
12688,comedy
12689,adult
12690,drama
12691,drama
12692,comedy
12693,comedy
12694,comedy
12695,documentary
12696,drama
12697,documentary
12698,sci-fi
12699,horror
12700,documentary
12701,short
12702,comedy
12703,documentary
12704,documentary
12705,drama
12706,comedy
12707,comedy
12708,drama
12709,comedy
12710,drama
12711,drama
12712,comedy
12713,documentary
12714,comedy
12715,reality-tv
12716,drama
12717,horror
12718,documentary
12719,documentary
12720,documentary
12721,documentary
12722,reality-tv
12723,comedy
12724,documentary
12725,documentary
12726,documentary
12727,sport
12728,comedy
12729,comedy
12730,adult
12731,music
12732,comedy
12733,documentary
12734,horror
12735,drama
12736,documentary
12737,drama
12738,drama
12739,documentary
12740,drama
12741,horror
12742,drama
12743,drama
12744,music
12745,horror
12746,drama
12747,documentary
12748,comedy
12749,comedy
12750,drama
12751,comedy
12752,documentary
12753,short
12754,drama
12755,drama
12756,short
12757,comedy
12758,drama
12759,drama
12760,drama
12761,drama
12762,drama
12763,drama
12764,drama
12765,documentary
12766,action
12767,documentary
12768,documentary
12769,drama
12770,short
12771,documentary
12772,documentary
12773,drama
12774,comedy
12775,drama
12776,documentary
12777,drama
12778,comedy
12779,short
12780,documentary
12781,short
12782,drama
12783,drama
12784,drama
12785,documentary
12786,short
12787,drama
12788,short
12789,documentary
12790,documentary
12791,comedy
12792,documentary
12793,drama
12794,drama
12795,documentary
12796,short
12797,drama
12798,drama
12799,drama
12800,documentary
12801,documentary
12802,documentary
12803,drama
12804,horror
12805,drama
12806,drama
12807,drama
12808,documentary
12809,drama
12810,documentary
12811,documentary
12812,short
12813,documentary
12814,short
12815,drama
12816,short
12817,short
12818,drama
12819,documentary
12820,documentary
12821,documentary
12822,drama
12823,action
12824,comedy
12825,documentary
12826,documentary
12827,thriller
12828,documentary
12829,documentary
12830,comedy
12831,drama
12832,drama
12833,drama
12834,drama
12835,short
12836,western
12837,comedy
12838,drama
12839,drama
12840,documentary
12841,documentary
12842,horror
12843,documentary
12844,documentary
12845,documentary
12846,documentary
12847,comedy
12848,documentary
12849,drama
12850,comedy
12851,drama
12852,drama
12853,documentary
12854,comedy
12855,documentary
12856,thriller
12857,drama
12858,sport
12859,drama
12860,short
12861,comedy
12862,thriller
12863,drama
12864,documentary
12865,comedy
12866,comedy
12867,comedy
12868,music
12869,comedy
12870,adventure
12871,drama
12872,drama
12873,drama
12874,drama
12875,drama
12876,comedy
12877,horror
12878,drama
12879,documentary
12880,drama
12881,documentary
12882,action
12883,documentary
12884,drama
12885,short
12886,drama
12887,drama
12888,drama
12889,drama
12890,documentary
12891,drama
12892,documentary
12893,drama
12894,drama
12895,comedy
12896,horror
12897,documentary
12898,drama
12899,drama
12900,documentary
12901,drama
12902,documentary
12903,comedy
12904,comedy
12905,drama
12906,documentary
12907,drama
12908,drama
12909,short
12910,comedy
12911,documentary
12912,drama
12913,documentary
12914,drama
12915,documentary
12916,drama
12917,documentary
12918,comedy
12919,music
12920,documentary
12921,adult
12922,drama
12923,drama
12924,documentary
12925,comedy
12926,short
12927,comedy
12928,documentary
12929,drama
12930,documentary
12931,documentary
12932,family
12933,drama
12934,comedy
12935,short
12936,short
12937,drama
12938,drama
12939,documentary
12940,short
12941,comedy
12942,drama
12943,adult
12944,comedy
12945,documentary
12946,music
12947,documentary
12948,documentary
12949,drama
12950,comedy
12951,documentary
12952,documentary
12953,sport
12954,documentary
12955,drama
12956,western
12957,short
12958,drama
12959,sci-fi
12960,documentary
12961,drama
12962,drama
12963,drama
12964,drama
12965,music
12966,comedy
12967,documentary
12968,short
12969,short
12970,thriller
12971,drama
12972,documentary
12973,documentary
12974,drama
12975,drama
12976,comedy
12977,drama
12978,documentary
12979,documentary
12980,drama
12981,documentary
12982,comedy
12983,comedy
12984,drama
12985,short
12986,drama
12987,comedy
12988,adult
12989,comedy
12990,comedy
12991,drama
12992,music
12993,drama
12994,documentary
12995,documentary
12996,drama
12997,drama
12998,drama
12999,drama
13000,comedy
13001,documentary
13002,documentary
13003,drama
13004,documentary
13005,comedy
13006,documentary
13007,documentary
13008,drama
13009,drama
13010,action
13011,thriller
13012,documentary
13013,drama
13014,animation
13015,drama
13016,drama
13017,documentary
13018,documentary
13019,drama
13020,drama
13021,documentary
13022,western
13023,drama
13024,drama
13025,drama
13026,music
13027,documentary
13028,fantasy
13029,family
13030,horror
13031,documentary
13032,drama
13033,drama
13034,documentary
13035,documentary
13036,documentary
13037,western
13038,drama
13039,drama
13040,drama
13041,drama
13042,comedy
13043,documentary
13044,drama
13045,short
13046,comedy
13047,horror
13048,documentary
13049,drama
13050,horror
13051,crime
13052,drama
13053,adventure
13054,documentary
13055,drama
13056,comedy
13057,music
13058,drama
13059,comedy
13060,drama
13061,documentary
13062,drama
13063,family
13064,comedy
13065,drama
13066,short
13067,drama
13068,drama
13069,horror
13070,drama
13071,comedy
13072,documentary
13073,drama
13074,animation
13075,documentary
13076,documentary
13077,action
13078,horror
13079,action
13080,drama
13081,drama
13082,drama
13083,documentary
13084,short
13085,comedy
13086,documentary
13087,comedy
13088,drama
13089,documentary
13090,drama
13091,documentary
13092,drama
13093,comedy
13094,short
13095,drama
13096,short
13097,documentary
13098,documentary
13099,drama
13100,drama
13101,comedy
13102,comedy
13103,short
13104,short
13105,adult
13106,documentary
13107,thriller
13108,drama
13109,drama
13110,drama
13111,drama
13112,comedy
13113,drama
13114,documentary
13115,drama
13116,comedy
13117,drama
13118,drama
13119,documentary
13120,drama
13121,game-show
13122,drama
13123,comedy
13124,short
13125,drama
13126,comedy
13127,comedy
13128,drama
13129,documentary
13130,short
13131,drama
13132,drama
13133,documentary
13134,comedy
13135,drama
13136,documentary
13137,drama
13138,documentary
13139,drama
13140,drama
13141,comedy
13142,drama
13143,documentary
13144,documentary
13145,comedy
13146,drama
13147,documentary
13148,action
13149,short
13150,documentary
13151,documentary
13152,comedy
13153,drama
13154,drama
13155,reality-tv
13156,drama
13157,drama
13158,comedy
13159,drama
13160,action
13161,thriller
13162,drama
13163,documentary
13164,comedy
13165,documentary
13166,documentary
13167,horror
13168,documentary
13169,documentary
13170,comedy
13171,documentary
13172,documentary
13173,documentary
13174,drama
13175,short
13176,documentary
13177,drama
13178,comedy
13179,documentary
13180,action
13181,drama
13182,comedy
13183,comedy
13184,thriller
13185,drama
13186,documentary
13187,comedy
13188,documentary
13189,horror
13190,drama
13191,game-show
13192,drama
13193,comedy
13194,documentary
13195,drama
13196,drama
13197,documentary
13198,horror
13199,comedy
13200,horror
13201,short
13202,drama
13203,drama
13204,short
13205,drama
13206,drama
13207,drama
13208,short
13209,horror
13210,drama
13211,documentary
13212,drama
13213,drama
13214,comedy
13215,documentary
13216,drama
13217,thriller
13218,action
13219,drama
13220,drama
13221,documentary
13222,documentary
13223,reality-tv
13224,drama
13225,western
13226,comedy
13227,drama
13228,comedy
13229,documentary
13230,comedy
13231,reality-tv
13232,horror
13233,drama
13234,documentary
13235,documentary
13236,western
13237,documentary
13238,drama
13239,reality-tv
13240,documentary
13241,drama
13242,documentary
13243,horror
13244,documentary
13245,documentary
13246,comedy
13247,documentary
13248,thriller
13249,documentary
13250,thriller
13251,drama
13252,short
13253,documentary
13254,short
13255,comedy
13256,documentary
13257,comedy
13258,drama
13259,comedy
13260,documentary
13261,comedy
13262,documentary
13263,documentary
13264,documentary
13265,documentary
13266,short
13267,horror
13268,comedy
13269,documentary
13270,western
13271,documentary
13272,comedy
13273,drama
13274,drama
13275,comedy
13276,comedy
13277,drama
13278,drama
13279,comedy
13280,drama
13281,drama
13282,drama
13283,comedy
13284,drama
13285,documentary
13286,drama
13287,documentary
13288,comedy
13289,drama
13290,family
13291,drama
13292,horror
13293,documentary
13294,documentary
13295,documentary
13296,drama
13297,documentary
13298,comedy
13299,comedy
13300,family
13301,music
13302,adventure
13303,drama
13304,comedy
13305,documentary
13306,documentary
13307,drama
13308,drama
13309,documentary
13310,documentary
13311,drama
13312,documentary
13313,drama
13314,documentary
13315,drama
13316,drama
13317,drama
13318,documentary
13319,drama
13320,drama
13321,horror
13322,drama
13323,documentary
13324,drama
13325,drama
13326,documentary
13327,western
13328,drama
13329,drama
13330,drama
13331,documentary
13332,documentary
13333,documentary
13334,short
13335,documentary
13336,horror
13337,documentary
13338,drama
13339,documentary
13340,drama
13341,documentary
13342,comedy
13343,drama
13344,drama
13345,documentary
13346,documentary
13347,documentary
13348,short
13349,documentary
13350,comedy
13351,documentary
13352,drama
13353,drama
13354,drama
13355,short
13356,adult
13357,drama
13358,horror
13359,comedy
13360,documentary
13361,documentary
13362,drama
13363,documentary
13364,drama
13365,drama
13366,documentary
13367,short
13368,documentary
13369,documentary
13370,documentary
13371,drama
13372,drama
13373,drama
13374,documentary
13375,western
13376,comedy
13377,comedy
13378,drama
13379,romance
13380,horror
13381,short
13382,horror
13383,short
13384,drama
13385,documentary
13386,reality-tv
13387,drama
13388,documentary
13389,comedy
13390,comedy
13391,documentary
13392,comedy
13393,documentary
13394,comedy
13395,drama
13396,drama
13397,drama
13398,drama
13399,western
13400,adult
13401,drama
13402,documentary
13403,comedy
13404,horror
13405,drama
13406,drama
13407,documentary
13408,drama
13409,drama
13410,comedy
13411,drama
13412,short
13413,documentary
13414,comedy
13415,documentary
13416,comedy
13417,thriller
13418,mystery
13419,drama
13420,comedy
13421,drama
13422,horror
13423,comedy
13424,documentary
13425,documentary
13426,documentary
13427,documentary
13428,documentary
13429,documentary
13430,short
13431,drama
13432,documentary
13433,drama
13434,comedy
13435,comedy
13436,drama
13437,drama
13438,documentary
13439,drama
13440,drama
13441,drama
13442,documentary
13443,comedy
13444,comedy
13445,horror
13446,drama
13447,documentary
13448,comedy
13449,documentary
13450,documentary
13451,comedy
13452,drama
13453,drama
13454,western
13455,drama
13456,comedy
13457,western
13458,documentary
13459,comedy
13460,horror
13461,drama
13462,comedy
13463,drama
13464,documentary
13465,drama
13466,drama
13467,drama
13468,documentary
13469,documentary
13470,comedy
13471,documentary
13472,western
13473,documentary
13474,drama
13475,drama
13476,drama
13477,comedy
13478,drama
13479,drama
13480,documentary
13481,comedy
13482,documentary
13483,drama
13484,drama
13485,documentary
13486,documentary
13487,sport
13488,documentary
13489,comedy
13490,drama
13491,documentary
13492,comedy
13493,drama
13494,comedy
13495,comedy
13496,drama
13497,adventure
13498,drama
13499,drama
13500,documentary
13501,documentary
13502,drama
13503,comedy
13504,short
13505,comedy
13506,short
13507,drama
13508,documentary
13509,drama
13510,comedy
13511,documentary
13512,short
13513,drama
13514,drama
13515,drama
13516,short
13517,western
13518,documentary
13519,documentary
13520,documentary
13521,drama
13522,documentary
13523,war
13524,horror
13525,short
13526,documentary
13527,drama
13528,drama
13529,adventure
13530,documentary
13531,horror
13532,documentary
13533,documentary
13534,drama
13535,drama
13536,action
13537,documentary
13538,drama
13539,comedy
13540,drama
13541,comedy
13542,thriller
13543,drama
13544,drama
13545,comedy
13546,comedy
13547,documentary
13548,game-show
13549,adult
13550,drama
13551,horror
13552,action
13553,drama
13554,drama
13555,drama
13556,drama
13557,drama
13558,action
13559,documentary
13560,documentary
13561,comedy
13562,drama
13563,thriller
13564,drama
13565,western
13566,comedy
13567,documentary
13568,drama
13569,drama
13570,drama
13571,action
13572,documentary
13573,drama
13574,documentary
13575,documentary
13576,documentary
13577,music
13578,drama
13579,drama
13580,documentary
13581,documentary
13582,documentary
13583,documentary
13584,documentary
13585,drama
13586,drama
13587,comedy
13588,documentary
13589,action
13590,documentary
13591,drama
13592,drama
13593,comedy
13594,documentary
13595,documentary
13596,documentary
13597,documentary
13598,drama
13599,documentary
13600,documentary
13601,drama
13602,documentary
13603,drama
13604,comedy
13605,drama
13606,drama
13607,comedy
13608,drama
13609,comedy
13610,reality-tv
13611,documentary
13612,drama
13613,drama
13614,drama
13615,documentary
13616,drama
13617,drama
13618,drama
13619,documentary
13620,documentary
13621,horror
13622,comedy
13623,drama
13624,documentary
13625,short
13626,comedy
13627,drama
13628,drama
13629,documentary
13630,drama
13631,documentary
13632,comedy
13633,documentary
13634,comedy
13635,drama
13636,documentary
13637,comedy
13638,action
13639,documentary
13640,documentary
13641,game-show
13642,comedy
13643,western
13644,drama
13645,short
13646,comedy
13647,documentary
13648,documentary
13649,drama
13650,drama
13651,comedy
13652,drama
13653,documentary
13654,drama
13655,documentary
13656,drama
13657,comedy
13658,drama
13659,short
13660,documentary
13661,documentary
13662,thriller
13663,drama
13664,drama
13665,documentary
13666,comedy
13667,comedy
13668,documentary
13669,drama
13670,drama
13671,short
13672,comedy
13673,comedy
13674,thriller
13675,documentary
13676,drama
13677,action
13678,drama
13679,drama
13680,documentary
13681,horror
13682,drama
13683,comedy
13684,fantasy
13685,comedy
13686,western
13687,documentary
13688,documentary
13689,documentary
13690,documentary
13691,drama
13692,drama
13693,short
13694,drama
13695,comedy
13696,drama
13697,drama
13698,documentary
13699,drama
13700,action
13701,documentary
13702,comedy
13703,documentary
13704,short
13705,documentary
13706,documentary
13707,documentary
13708,comedy
13709,documentary
13710,short
13711,drama
13712,documentary
13713,documentary
13714,horror
13715,documentary
13716,documentary
13717,drama
13718,drama
13719,drama
13720,drama
13721,drama
13722,documentary
13723,documentary
13724,horror
13725,documentary
13726,drama
13727,documentary
13728,drama
13729,comedy
13730,fantasy
13731,documentary
13732,thriller
13733,drama
13734,horror
13735,documentary
13736,documentary
13737,drama
13738,drama
13739,drama
13740,documentary
13741,drama
13742,short
13743,horror
13744,drama
13745,documentary
13746,drama
13747,horror
13748,documentary
13749,drama
13750,western
13751,sport
13752,action
13753,comedy
13754,documentary
13755,drama
13756,comedy
13757,drama
13758,drama
13759,documentary
13760,comedy
13761,documentary
13762,horror
13763,comedy
13764,drama
13765,comedy
13766,western
13767,short
13768,reality-tv
13769,drama
13770,drama
13771,documentary
13772,drama
13773,drama
13774,documentary
13775,short
13776,drama
13777,documentary
13778,documentary
13779,western
13780,drama
13781,drama
13782,drama
13783,thriller
13784,documentary
13785,drama
13786,drama
13787,drama
13788,drama
13789,documentary
13790,comedy
13791,drama
13792,horror
13793,action
13794,documentary
13795,drama
13796,documentary
13797,drama
13798,documentary
13799,comedy
13800,drama
13801,drama
13802,documentary
13803,drama
13804,drama
13805,documentary
13806,sci-fi
13807,comedy
13808,documentary
13809,music
13810,drama
13811,short
13812,drama
13813,documentary
13814,drama
13815,documentary
13816,drama
13817,documentary
13818,documentary
13819,family
13820,drama
13821,drama
13822,drama
13823,documentary
13824,sci-fi
13825,documentary
13826,horror
13827,short
13828,comedy
13829,drama
13830,drama
13831,thriller
13832,adult
13833,drama
13834,documentary
13835,comedy
13836,western
13837,drama
13838,adventure
13839,horror
13840,drama
13841,documentary
13842,short
13843,sport
13844,drama
13845,drama
13846,drama
13847,documentary
13848,drama
13849,drama
13850,short
13851,documentary
13852,short
13853,drama
13854,documentary
13855,documentary
13856,horror
13857,documentary
13858,drama
13859,drama
13860,drama
13861,drama
13862,documentary
13863,documentary
13864,drama
13865,drama
13866,short
13867,drama
13868,western
13869,drama
13870,drama
13871,talk-show
13872,action
13873,short
13874,horror
13875,documentary
13876,adventure
13877,documentary
13878,comedy
13879,drama
13880,comedy
13881,documentary
13882,western
13883,documentary
13884,western
13885,comedy
13886,documentary
13887,drama
13888,drama
13889,documentary
13890,drama
13891,documentary
13892,horror
13893,documentary
13894,documentary
13895,drama
13896,drama
13897,documentary
13898,drama
13899,comedy
13900,drama
13901,horror
13902,drama
13903,drama
13904,documentary
13905,short
13906,documentary
13907,documentary
13908,comedy
13909,documentary
13910,drama
13911,drama
13912,drama
13913,comedy
13914,drama
13915,short
13916,horror
13917,documentary
13918,music
13919,comedy
13920,documentary
13921,drama
13922,horror
13923,short
13924,horror
13925,comedy
13926,drama
13927,action
13928,documentary
13929,drama
13930,drama
13931,documentary
13932,documentary
13933,western
13934,documentary
13935,drama
13936,documentary
13937,drama
13938,documentary
13939,comedy
13940,drama
13941,documentary
13942,documentary
13943,comedy
13944,comedy
13945,drama
13946,drama
13947,documentary
13948,documentary
13949,drama
13950,drama
13951,drama
13952,comedy
13953,drama
13954,drama
13955,drama
13956,documentary
13957,documentary
13958,comedy
13959,drama
13960,documentary
13961,comedy
13962,music
13963,documentary
13964,drama
13965,drama
13966,documentary
13967,horror
13968,drama
13969,short
13970,drama
13971,documentary
13972,drama
13973,comedy
13974,documentary
13975,drama
13976,documentary
13977,drama
13978,comedy
13979,drama
13980,adventure
13981,drama
13982,drama
13983,comedy
13984,music
13985,horror
13986,drama
13987,documentary
13988,comedy
13989,comedy
13990,drama
13991,documentary
13992,western
13993,comedy
13994,comedy
13995,documentary
13996,documentary
13997,drama
13998,documentary
13999,short
14000,drama
14001,horror
14002,documentary
14003,documentary
14004,drama
14005,drama
14006,drama
14007,drama
14008,comedy
14009,comedy
14010,documentary
14011,short
14012,drama
14013,action
14014,comedy
14015,documentary
14016,drama
14017,horror
14018,drama
14019,drama
14020,documentary
14021,romance
14022,drama
14023,documentary
14024,documentary
14025,drama
14026,comedy
14027,documentary
14028,documentary
14029,comedy
14030,drama
14031,drama
14032,documentary
14033,short
14034,documentary
14035,documentary
14036,documentary
14037,documentary
14038,drama
14039,documentary
14040,documentary
14041,comedy
14042,comedy
14043,documentary
14044,documentary
14045,documentary
14046,drama
14047,sci-fi
14048,action
14049,comedy
14050,horror
14051,documentary
14052,thriller
14053,drama
14054,music
14055,comedy
14056,documentary
14057,drama
14058,documentary
14059,drama
14060,drama
14061,documentary
14062,short
14063,comedy
14064,drama
14065,drama
14066,drama
14067,western
14068,drama
14069,western
14070,short
14071,documentary
14072,western
14073,drama
14074,adventure
14075,drama
14076,documentary
14077,documentary
14078,documentary
14079,documentary
14080,documentary
14081,horror
14082,drama
14083,documentary
14084,comedy
14085,drama
14086,adult
14087,short
14088,drama
14089,documentary
14090,sci-fi
14091,documentary
14092,documentary
14093,drama
14094,comedy
14095,drama
14096,documentary
14097,adult
14098,drama
14099,documentary
14100,western
14101,drama
14102,documentary
14103,documentary
14104,thriller
14105,documentary
14106,drama
14107,documentary
14108,drama
14109,documentary
14110,horror
14111,comedy
14112,documentary
14113,comedy
14114,documentary
14115,documentary
14116,drama
14117,drama
14118,thriller
14119,horror
14120,western
14121,short
14122,comedy
14123,drama
14124,drama
14125,drama
14126,documentary
14127,documentary
14128,drama
14129,documentary
14130,comedy
14131,documentary
14132,drama
14133,short
14134,documentary
14135,documentary
14136,action
14137,documentary
14138,documentary
14139,drama
14140,documentary
14141,documentary
14142,documentary
14143,thriller
14144,documentary
14145,documentary
14146,documentary
14147,short
14148,comedy
14149,documentary
14150,comedy
14151,drama
14152,documentary
14153,drama
14154,documentary
14155,documentary
14156,comedy
14157,drama
14158,drama
14159,documentary
14160,drama
14161,documentary
14162,drama
14163,western
14164,comedy
14165,documentary
14166,drama
14167,action
14168,documentary
14169,short
14170,western
14171,comedy
14172,documentary
14173,documentary
14174,documentary
14175,music
14176,documentary
14177,drama
14178,comedy
14179,drama
14180,reality-tv
14181,documentary
14182,drama
14183,drama
14184,comedy
14185,comedy
14186,documentary
14187,comedy
14188,drama
14189,drama
14190,documentary
14191,drama
14192,comedy
14193,drama
14194,documentary
14195,adult
14196,short
14197,comedy
14198,documentary
14199,comedy
14200,documentary
14201,drama
14202,drama
14203,documentary
14204,short
14205,drama
14206,comedy
14207,comedy
14208,drama
14209,comedy
14210,family
14211,documentary
14212,comedy
14213,drama
14214,comedy
14215,horror
14216,documentary
14217,documentary
14218,comedy
14219,comedy
14220,action
14221,action
14222,horror
14223,documentary
14224,documentary
14225,drama
14226,drama
14227,drama
14228,documentary
14229,documentary
14230,short
14231,short
14232,comedy
14233,documentary
14234,comedy
14235,documentary
14236,drama
14237,drama
14238,drama
14239,drama
14240,comedy
14241,documentary
14242,documentary
14243,documentary
14244,drama
14245,comedy
14246,comedy
14247,music
14248,drama
14249,horror
14250,drama
14251,short
14252,drama
14253,drama
14254,adventure
14255,comedy
14256,drama
14257,drama
14258,documentary
14259,drama
14260,animation
14261,documentary
14262,documentary
14263,documentary
14264,fantasy
14265,drama
14266,horror
14267,drama
14268,drama
14269,drama
14270,documentary
14271,drama
14272,comedy
14273,documentary
14274,documentary
14275,sci-fi
14276,documentary
14277,drama
14278,comedy
14279,drama
14280,drama
14281,short
14282,thriller
14283,drama
14284,music
14285,western
14286,documentary
14287,documentary
14288,drama
14289,music
14290,documentary
14291,drama
14292,documentary
14293,drama
14294,drama
14295,drama
14296,comedy
14297,documentary
14298,documentary
14299,family
14300,documentary
14301,comedy
14302,documentary
14303,documentary
14304,documentary
14305,drama
14306,documentary
14307,drama
14308,drama
14309,documentary
14310,drama
14311,comedy
14312,documentary
14313,horror
14314,documentary
14315,drama
14316,short
14317,documentary
14318,documentary
14319,documentary
14320,drama
14321,documentary
14322,drama
14323,documentary
14324,documentary
14325,drama
14326,documentary
14327,drama
14328,documentary
14329,drama
14330,drama
14331,documentary
14332,documentary
14333,short
14334,comedy
14335,drama
14336,drama
14337,drama
14338,drama
14339,short
14340,drama
14341,documentary
14342,drama
14343,western
14344,documentary
14345,drama
14346,horror
14347,comedy
14348,drama
14349,short
14350,documentary
14351,documentary
14352,short
14353,drama
14354,horror
14355,thriller
14356,comedy
14357,documentary
14358,documentary
14359,comedy
14360,drama
14361,documentary
14362,drama
14363,action
14364,documentary
14365,adventure
14366,documentary
14367,comedy
14368,comedy
14369,horror
14370,documentary
14371,drama
14372,documentary
14373,documentary
14374,western
14375,sci-fi
14376,comedy
14377,short
14378,horror
14379,comedy
14380,comedy
14381,documentary
14382,drama
14383,documentary
14384,drama
14385,documentary
14386,documentary
14387,drama
14388,documentary
14389,drama
14390,documentary
14391,comedy
14392,talk-show
14393,drama
14394,documentary
14395,drama
14396,drama
14397,short
14398,documentary
14399,documentary
14400,comedy
14401,thriller
14402,thriller
14403,thriller
14404,adventure
14405,western
14406,comedy
14407,drama
14408,short
14409,comedy
14410,drama
14411,drama
14412,documentary
14413,short
14414,documentary
14415,documentary
14416,documentary
14417,sci-fi
14418,documentary
14419,comedy
14420,drama
14421,drama
14422,horror
14423,drama
14424,short
14425,drama
14426,documentary
14427,documentary
14428,sci-fi
14429,western
14430,drama
14431,short
14432,comedy
14433,drama
14434,documentary
14435,documentary
14436,horror
14437,thriller
14438,drama
14439,documentary
14440,drama
14441,drama
14442,documentary
14443,comedy
14444,short
14445,music
14446,drama
14447,documentary
14448,comedy
14449,drama
14450,drama
14451,short
14452,documentary
14453,drama
14454,documentary
14455,drama
14456,drama
14457,documentary
14458,documentary
14459,short
14460,documentary
14461,documentary
14462,music
14463,horror
14464,drama
14465,documentary
14466,documentary
14467,reality-tv
14468,documentary
14469,drama
14470,drama
14471,drama
14472,documentary
14473,documentary
14474,comedy
14475,action
14476,drama
14477,comedy
14478,drama
14479,comedy
14480,drama
14481,short
14482,drama
14483,comedy
14484,documentary
14485,drama
14486,drama
14487,reality-tv
14488,documentary
14489,drama
14490,horror
14491,comedy
14492,documentary
14493,drama
14494,horror
14495,drama
14496,short
14497,drama
14498,drama
14499,comedy
14500,documentary
14501,drama
14502,drama
14503,documentary
14504,documentary
14505,game-show
14506,action
14507,drama
14508,short
14509,documentary
14510,drama
14511,documentary
14512,documentary
14513,drama
14514,drama
14515,drama
14516,comedy
14517,family
14518,drama
14519,reality-tv
14520,comedy
14521,action
14522,drama
14523,drama
14524,documentary
14525,drama
14526,documentary
14527,documentary
14528,horror
14529,music
14530,documentary
14531,short
14532,documentary
14533,western
14534,documentary
14535,documentary
14536,comedy
14537,western
14538,adventure
14539,drama
14540,comedy
14541,documentary
14542,documentary
14543,documentary
14544,drama
14545,drama
14546,comedy
14547,documentary
14548,drama
14549,drama
14550,drama
14551,documentary
14552,drama
14553,sci-fi
14554,documentary
14555,short
14556,drama
14557,documentary
14558,comedy
14559,documentary
14560,documentary
14561,comedy
14562,documentary
14563,short
14564,documentary
14565,documentary
14566,drama
14567,adult
14568,drama
14569,documentary
14570,sci-fi
14571,drama
14572,documentary
14573,short
14574,drama
14575,drama
14576,documentary
14577,short
14578,drama
14579,short
14580,documentary
14581,comedy
14582,documentary
14583,documentary
14584,drama
14585,drama
14586,documentary
14587,drama
14588,drama
14589,documentary
14590,documentary
14591,documentary
14592,drama
14593,drama
14594,documentary
14595,documentary
14596,drama
14597,documentary
14598,drama
14599,documentary
14600,documentary
14601,short
14602,documentary
14603,documentary
14604,documentary
14605,drama
14606,drama
14607,drama
14608,comedy
14609,documentary
14610,drama
14611,short
14612,comedy
14613,short
14614,documentary
14615,western
14616,documentary
14617,documentary
14618,documentary
14619,horror
14620,documentary
14621,game-show
14622,documentary
14623,documentary
14624,documentary
14625,action
14626,documentary
14627,documentary
14628,documentary
14629,drama
14630,short
14631,comedy
14632,drama
14633,documentary
14634,documentary
14635,western
14636,action
14637,horror
14638,documentary
14639,drama
14640,thriller
14641,drama
14642,drama
14643,documentary
14644,comedy
14645,drama
14646,documentary
14647,documentary
14648,comedy
14649,adult
14650,short
14651,comedy
14652,drama
14653,comedy
14654,drama
14655,comedy
14656,drama
14657,drama
14658,comedy
14659,short
14660,horror
14661,drama
14662,documentary
14663,documentary
14664,documentary
14665,drama
14666,drama
14667,documentary
14668,drama
14669,short
14670,thriller
14671,horror
14672,comedy
14673,documentary
14674,horror
14675,documentary
14676,comedy
14677,drama
14678,drama
14679,comedy
14680,documentary
14681,drama
14682,drama
14683,documentary
14684,western
14685,documentary
14686,comedy
14687,documentary
14688,comedy
14689,drama
14690,comedy
14691,documentary
14692,drama
14693,comedy
14694,documentary
14695,drama
14696,game-show
14697,horror
14698,documentary
14699,comedy
14700,comedy
14701,drama
14702,talk-show
14703,documentary
14704,short
14705,documentary
14706,documentary
14707,horror
14708,documentary
14709,drama
14710,thriller
14711,western
14712,documentary
14713,drama
14714,action
14715,drama
14716,comedy
14717,drama
14718,documentary
14719,music
14720,action
14721,drama
14722,drama
14723,documentary
14724,sport
14725,drama
14726,drama
14727,documentary
14728,documentary
14729,drama
14730,western
14731,comedy
14732,documentary
14733,music
14734,drama
14735,sci-fi
14736,adventure
14737,music
14738,drama
14739,drama
14740,comedy
14741,comedy
14742,drama
14743,drama
14744,documentary
14745,documentary
14746,drama
14747,documentary
14748,documentary
14749,drama
14750,drama
14751,music
14752,documentary
14753,action
14754,western
14755,drama
14756,comedy
14757,documentary
14758,documentary
14759,western
14760,documentary
14761,comedy
14762,short
14763,action
14764,thriller
14765,drama
14766,documentary
14767,documentary
14768,documentary
14769,short
14770,documentary
14771,documentary
14772,drama
14773,comedy
14774,documentary
14775,documentary
14776,family
14777,comedy
14778,documentary
14779,documentary
14780,comedy
14781,documentary
14782,documentary
14783,drama
14784,drama
14785,drama
14786,thriller
14787,drama
14788,short
14789,comedy
14790,drama
14791,documentary
14792,music
14793,reality-tv
14794,drama
14795,drama
14796,comedy
14797,comedy
14798,documentary
14799,drama
14800,drama
14801,drama
14802,western
14803,documentary
14804,drama
14805,horror
14806,horror
14807,documentary
14808,drama
14809,comedy
14810,drama
14811,western
14812,comedy
14813,documentary
14814,documentary
14815,music
14816,short
14817,comedy
14818,short
14819,documentary
14820,sport
14821,drama
14822,documentary
14823,thriller
14824,drama
14825,comedy
14826,comedy
14827,drama
14828,drama
14829,drama
14830,drama
14831,music
14832,documentary
14833,drama
14834,documentary
14835,drama
14836,comedy
14837,drama
14838,comedy
14839,short
14840,action
14841,drama
14842,drama
14843,documentary
14844,documentary
14845,drama
14846,sci-fi
14847,horror
14848,documentary
14849,comedy
14850,drama
14851,documentary
14852,adventure
14853,drama
14854,drama
14855,fantasy
14856,documentary
14857,family
14858,documentary
14859,drama
14860,drama
14861,documentary
14862,drama
14863,short
14864,documentary
14865,comedy
14866,comedy
14867,short
14868,documentary
14869,thriller
14870,documentary
14871,music
14872,documentary
14873,documentary
14874,comedy
14875,documentary
14876,documentary
14877,drama
14878,documentary
14879,drama
14880,short
14881,comedy
14882,drama
14883,game-show
14884,documentary
14885,sport
14886,documentary
14887,documentary
14888,drama
14889,comedy
14890,western
14891,documentary
14892,drama
14893,drama
14894,drama
14895,horror
14896,horror
14897,sport
14898,drama
14899,drama
14900,drama
14901,drama
14902,comedy
14903,horror
14904,comedy
14905,documentary
14906,thriller
14907,comedy
14908,comedy
14909,drama
14910,documentary
14911,documentary
14912,drama
14913,comedy
14914,documentary
14915,comedy
14916,documentary
14917,short
14918,documentary
14919,drama
14920,documentary
14921,drama
14922,sci-fi
14923,documentary
14924,drama
14925,documentary
14926,comedy
14927,drama
14928,adult
14929,drama
14930,drama
14931,comedy
14932,drama
14933,documentary
14934,documentary
14935,drama
14936,game-show
14937,documentary
14938,comedy
14939,horror
14940,comedy
14941,thriller
14942,drama
14943,documentary
14944,drama
14945,documentary
14946,drama
14947,documentary
14948,horror
14949,documentary
14950,documentary
14951,drama
14952,drama
14953,documentary
14954,comedy
14955,drama
14956,drama
14957,western
14958,drama
14959,comedy
14960,documentary
14961,drama
14962,drama
14963,drama
14964,comedy
14965,comedy
14966,horror
14967,drama
14968,documentary
14969,documentary
14970,documentary
14971,drama
14972,drama
14973,short
14974,comedy
14975,documentary
14976,documentary
14977,drama
14978,documentary
14979,drama
14980,comedy
14981,music
14982,drama
14983,drama
14984,short
14985,documentary
14986,sci-fi
14987,short
14988,comedy
14989,drama
14990,documentary
14991,comedy
14992,drama
14993,animation
14994,documentary
14995,drama
14996,short
14997,short
14998,horror
14999,drama
15000,drama
15001,documentary
15002,drama
15003,action
15004,comedy
15005,drama
15006,comedy
15007,documentary
15008,documentary
15009,short
15010,documentary
15011,documentary
15012,comedy
15013,documentary
15014,comedy
15015,comedy
15016,horror
15017,documentary
15018,comedy
15019,drama
15020,documentary
15021,documentary
15022,short
15023,family
15024,horror
15025,documentary
15026,documentary
15027,horror
15028,drama
15029,short
15030,drama
15031,comedy
15032,comedy
15033,documentary
15034,documentary
15035,documentary
15036,comedy
15037,documentary
15038,crime
15039,documentary
15040,short
15041,drama
15042,adventure
15043,drama
15044,comedy
15045,comedy
15046,drama
15047,comedy
15048,drama
15049,comedy
15050,drama
15051,drama
15052,documentary
15053,drama
15054,documentary
15055,drama
15056,short
15057,documentary
15058,documentary
15059,documentary
15060,horror
15061,drama
15062,documentary
15063,horror
15064,documentary
15065,drama
15066,drama
15067,comedy
15068,family
15069,documentary
15070,adventure
15071,documentary
15072,drama
15073,short
15074,comedy
15075,drama
15076,documentary
15077,documentary
15078,documentary
15079,documentary
15080,comedy
15081,drama
15082,horror
15083,comedy
15084,documentary
15085,drama
15086,comedy
15087,comedy
15088,comedy
15089,horror
15090,documentary
15091,documentary
15092,short
15093,short
15094,comedy
15095,comedy
15096,drama
15097,drama
15098,horror
15099,drama
15100,documentary
15101,documentary
15102,comedy
15103,documentary
15104,comedy
15105,documentary
15106,documentary
15107,comedy
15108,drama
15109,drama
15110,drama
15111,thriller
15112,documentary
15113,western
15114,horror
15115,drama
15116,horror
15117,documentary
15118,drama
15119,short
15120,documentary
15121,documentary
15122,comedy
15123,short
15124,thriller
15125,action
15126,comedy
15127,documentary
15128,short
15129,comedy
15130,short
15131,drama
15132,comedy
15133,documentary
15134,comedy
15135,short
15136,documentary
15137,comedy
15138,drama
15139,drama
15140,short
15141,documentary
15142,documentary
15143,drama
15144,short
15145,documentary
15146,drama
15147,drama
15148,talk-show
15149,comedy
15150,drama
15151,comedy
15152,drama
15153,comedy
15154,drama
15155,comedy
15156,drama
15157,reality-tv
15158,drama
15159,action
15160,drama
15161,comedy
15162,documentary
15163,drama
15164,drama
15165,drama
15166,horror
15167,western
15168,documentary
15169,drama
15170,documentary
15171,action
15172,western
15173,drama
15174,documentary
15175,comedy
15176,comedy
15177,documentary
15178,documentary
15179,comedy
15180,drama
15181,drama
15182,drama
15183,documentary
15184,drama
15185,documentary
15186,drama
15187,thriller
15188,animation
15189,drama
15190,drama
15191,documentary
15192,documentary
15193,documentary
15194,drama
15195,western
15196,documentary
15197,horror
15198,short
15199,comedy
15200,comedy
15201,horror
15202,drama
15203,documentary
15204,comedy
15205,documentary
15206,documentary
15207,short
15208,documentary
15209,drama
15210,comedy
15211,documentary
15212,talk-show
15213,documentary
15214,short
15215,documentary
15216,drama
15217,drama
15218,comedy
15219,horror
15220,comedy
15221,documentary
15222,documentary
15223,drama
15224,documentary
15225,documentary
15226,documentary
15227,drama
15228,action
15229,drama
15230,drama
15231,drama
15232,documentary
15233,drama
15234,drama
15235,short
15236,news
15237,reality-tv
15238,documentary
15239,action
15240,documentary
15241,documentary
15242,documentary
15243,drama
15244,documentary
15245,documentary
15246,horror
15247,short
15248,documentary
15249,comedy
15250,drama
15251,drama
15252,documentary
15253,short
15254,adventure
15255,documentary
15256,drama
15257,documentary
15258,documentary
15259,documentary
15260,short
15261,drama
15262,short
15263,drama
15264,documentary
15265,documentary
15266,drama
15267,thriller
15268,drama
15269,short
15270,documentary
15271,comedy
15272,documentary
15273,drama
15274,documentary
15275,documentary
15276,drama
15277,drama
15278,short
15279,comedy
15280,short
15281,drama
15282,comedy
15283,drama
15284,drama
15285,drama
15286,short
15287,short
15288,horror
15289,horror
15290,drama
15291,drama
15292,reality-tv
15293,drama
15294,documentary
15295,drama
15296,drama
15297,adult
15298,comedy
15299,drama
15300,adult
15301,drama
15302,documentary
15303,short
15304,documentary
15305,drama
15306,drama
15307,adventure
15308,drama
15309,drama
15310,drama
15311,documentary
15312,comedy
15313,drama
15314,drama
15315,documentary
15316,action
15317,talk-show
15318,documentary
15319,comedy
15320,drama
15321,drama
15322,crime
15323,drama
15324,drama
15325,documentary
15326,drama
15327,documentary
15328,documentary
15329,comedy
15330,comedy
15331,documentary
15332,drama
15333,documentary
15334,documentary
15335,short
15336,drama
15337,comedy
15338,horror
15339,documentary
15340,comedy
15341,drama
15342,drama
15343,documentary
15344,drama
15345,drama
15346,drama
15347,comedy
15348,short
15349,comedy
15350,drama
15351,drama
15352,documentary
15353,documentary
15354,western
15355,documentary
15356,horror
15357,documentary
15358,documentary
15359,drama
15360,documentary
15361,drama
15362,drama
15363,comedy
15364,documentary
15365,documentary
15366,drama
15367,horror
15368,documentary
15369,drama
15370,drama
15371,horror
15372,documentary
15373,drama
15374,drama
15375,comedy
15376,horror
15377,horror
15378,comedy
15379,drama
15380,drama
15381,game-show
15382,documentary
15383,short
15384,comedy
15385,documentary
15386,documentary
15387,documentary
15388,documentary
15389,comedy
15390,action
15391,comedy
15392,documentary
15393,documentary
15394,documentary
15395,comedy
15396,documentary
15397,drama
15398,drama
15399,drama
15400,drama
15401,action
15402,documentary
15403,documentary
15404,documentary
15405,comedy
15406,drama
15407,crime
15408,drama
15409,drama
15410,comedy
15411,short
15412,drama
15413,documentary
15414,documentary
15415,drama
15416,drama
15417,drama
15418,documentary
15419,drama
15420,drama
15421,short
15422,drama
15423,comedy
15424,comedy
15425,comedy
15426,drama
15427,horror
15428,drama
15429,documentary
15430,documentary
15431,documentary
15432,documentary
15433,documentary
15434,horror
15435,drama
15436,documentary
15437,documentary
15438,documentary
15439,drama
15440,drama
15441,drama
15442,comedy
15443,thriller
15444,comedy
15445,comedy
15446,drama
15447,short
15448,drama
15449,drama
15450,action
15451,documentary
15452,short
15453,drama
15454,short
15455,comedy
15456,short
15457,documentary
15458,drama
15459,documentary
15460,drama
15461,comedy
15462,short
15463,drama
15464,drama
15465,comedy
15466,drama
15467,documentary
15468,documentary
15469,sci-fi
15470,drama
15471,short
15472,drama
15473,drama
15474,comedy
15475,documentary
15476,documentary
15477,documentary
15478,comedy
15479,drama
15480,comedy
15481,reality-tv
15482,comedy
15483,drama
15484,documentary
15485,documentary
15486,documentary
15487,adult
15488,drama
15489,documentary
15490,action
15491,drama
15492,drama
15493,drama
15494,horror
15495,drama
15496,drama
15497,drama
15498,comedy
15499,documentary
15500,short
15501,documentary
15502,drama
15503,crime
15504,drama
15505,documentary
15506,documentary
15507,horror
15508,comedy
15509,documentary
15510,short
15511,drama
15512,western
15513,short
15514,documentary
15515,horror
15516,documentary
15517,documentary
15518,drama
15519,drama
15520,drama
15521,drama
15522,drama
15523,horror
15524,short
15525,horror
15526,drama
15527,drama
15528,comedy
15529,documentary
15530,short
15531,drama
15532,documentary
15533,short
15534,documentary
15535,drama
15536,drama
15537,comedy
15538,adult
15539,documentary
15540,drama
15541,documentary
15542,documentary
15543,horror
15544,drama
15545,drama
15546,documentary
15547,comedy
15548,comedy
15549,drama
15550,comedy
15551,documentary
15552,horror
15553,drama
15554,short
15555,thriller
15556,documentary
15557,documentary
15558,documentary
15559,documentary
15560,documentary
15561,drama
15562,short
15563,drama
15564,comedy
15565,comedy
15566,drama
15567,drama
15568,documentary
15569,documentary
15570,documentary
15571,short
15572,documentary
15573,comedy
15574,comedy
15575,drama
15576,documentary
15577,documentary
15578,documentary
15579,documentary
15580,documentary
15581,comedy
15582,drama
15583,drama
15584,drama
15585,documentary
15586,documentary
15587,comedy
15588,documentary
15589,game-show
15590,horror
15591,comedy
15592,documentary
15593,drama
15594,drama
15595,western
15596,documentary
15597,game-show
15598,drama
15599,drama
15600,drama
15601,short
15602,documentary
15603,action
15604,short
15605,short
15606,documentary
15607,comedy
15608,drama
15609,comedy
15610,documentary
15611,music
15612,family
15613,thriller
15614,short
15615,short
15616,documentary
15617,documentary
15618,documentary
15619,drama
15620,action
15621,thriller
15622,drama
15623,drama
15624,documentary
15625,drama
15626,documentary
15627,comedy
15628,drama
15629,drama
15630,documentary
15631,drama
15632,documentary
15633,documentary
15634,drama
15635,documentary
15636,drama
15637,drama
15638,comedy
15639,documentary
15640,documentary
15641,drama
15642,comedy
15643,drama
15644,horror
15645,drama
15646,documentary
15647,documentary
15648,comedy
15649,documentary
15650,comedy
15651,drama
15652,comedy
15653,drama
15654,drama
15655,drama
15656,drama
15657,short
15658,talk-show
15659,short
15660,drama
15661,drama
15662,documentary
15663,documentary
15664,drama
15665,short
15666,game-show
15667,drama
15668,action
15669,drama
15670,documentary
15671,comedy
15672,documentary
15673,action
15674,horror
15675,drama
15676,documentary
15677,comedy
15678,short
15679,comedy
15680,drama
15681,drama
15682,drama
15683,drama
15684,drama
15685,drama
15686,short
15687,documentary
15688,comedy
15689,short
15690,documentary
15691,comedy
15692,drama
15693,drama
15694,comedy
15695,drama
15696,documentary
15697,drama
15698,drama
15699,drama
15700,adult
15701,drama
15702,drama
15703,documentary
15704,documentary
15705,documentary
15706,documentary
15707,documentary
15708,documentary
15709,comedy
15710,documentary
15711,drama
15712,western
15713,action
15714,action
15715,drama
15716,drama
15717,documentary
15718,short
15719,drama
15720,drama
15721,comedy
15722,comedy
15723,documentary
15724,documentary
15725,documentary
15726,horror
15727,documentary
15728,drama
15729,documentary
15730,drama
15731,drama
15732,western
15733,comedy
15734,action
15735,documentary
15736,drama
15737,short
15738,documentary
15739,short
15740,drama
15741,drama
15742,comedy
15743,drama
15744,documentary
15745,horror
15746,documentary
15747,western
15748,short
15749,documentary
15750,short
15751,short
15752,drama
15753,action
15754,comedy
15755,documentary
15756,sci-fi
15757,documentary
15758,comedy
15759,documentary
15760,drama
15761,documentary
15762,comedy
15763,documentary
15764,documentary
15765,documentary
15766,documentary
15767,drama
15768,documentary
15769,documentary
15770,drama
15771,drama
15772,documentary
15773,comedy
15774,drama
15775,short
15776,short
15777,documentary
15778,drama
15779,comedy
15780,drama
15781,documentary
15782,short
15783,documentary
15784,short
15785,documentary
15786,sci-fi
15787,music
15788,drama
15789,drama
15790,drama
15791,documentary
15792,action
15793,comedy
15794,documentary
15795,drama
15796,drama
15797,drama
15798,sci-fi
15799,drama
15800,documentary
15801,action
15802,documentary
15803,comedy
15804,short
15805,documentary
15806,comedy
15807,drama
15808,comedy
15809,comedy
15810,talk-show
15811,drama
15812,comedy
15813,comedy
15814,drama
15815,action
15816,documentary
15817,comedy
15818,drama
15819,comedy
15820,drama
15821,comedy
15822,drama
15823,drama
15824,documentary
15825,drama
15826,documentary
15827,comedy
15828,comedy
15829,drama
15830,drama
15831,documentary
15832,short
15833,documentary
15834,documentary
15835,documentary
15836,drama
15837,comedy
15838,adult
15839,drama
15840,drama
15841,drama
15842,documentary
15843,short
15844,adventure
15845,drama
15846,documentary
15847,short
15848,documentary
15849,documentary
15850,drama
15851,documentary
15852,drama
15853,documentary
15854,drama
15855,documentary
15856,documentary
15857,comedy
15858,comedy
15859,drama
15860,drama
15861,short
15862,family
15863,drama
15864,drama
15865,documentary
15866,documentary
15867,action
15868,documentary
15869,drama
15870,drama
15871,drama
15872,documentary
15873,western
15874,drama
15875,drama
15876,drama
15877,comedy
15878,drama
15879,documentary
15880,documentary
15881,documentary
15882,thriller
15883,comedy
15884,drama
15885,comedy
15886,drama
15887,drama
15888,short
15889,documentary
15890,drama
15891,documentary
15892,thriller
15893,drama
15894,drama
15895,documentary
15896,drama
15897,drama
15898,documentary
15899,documentary
15900,drama
15901,drama
15902,comedy
15903,action
15904,drama
15905,drama
15906,documentary
15907,adventure
15908,documentary
15909,documentary
15910,drama
15911,comedy
15912,western
15913,short
15914,sci-fi
15915,comedy
15916,comedy
15917,comedy
15918,documentary
15919,comedy
15920,drama
15921,drama
15922,horror
15923,animation
15924,action
15925,drama
15926,documentary
15927,drama
15928,drama
15929,documentary
15930,drama
15931,crime
15932,documentary
15933,comedy
15934,music
15935,reality-tv
15936,sci-fi
15937,thriller
15938,horror
15939,drama
15940,documentary
15941,drama
15942,drama
15943,documentary
15944,drama
15945,sci-fi
15946,documentary
15947,comedy
15948,comedy
15949,documentary
15950,drama
15951,comedy
15952,documentary
15953,documentary
15954,comedy
15955,drama
15956,documentary
15957,drama
15958,drama
15959,drama
15960,animation
15961,documentary
15962,short
15963,action
15964,documentary
15965,documentary
15966,drama
15967,drama
15968,documentary
15969,comedy
15970,documentary
15971,comedy
15972,thriller
15973,thriller
15974,documentary
15975,documentary
15976,comedy
15977,drama
15978,drama
15979,drama
15980,documentary
15981,crime
15982,short
15983,drama
15984,short
15985,horror
15986,documentary
15987,drama
15988,drama
15989,sport
15990,documentary
15991,drama
15992,music
15993,comedy
15994,short
15995,comedy
15996,drama
15997,horror
15998,thriller
15999,comedy
16000,comedy
16001,horror
16002,drama
16003,drama
16004,horror
16005,drama
16006,drama
16007,short
16008,comedy
16009,short
16010,documentary
16011,western
16012,documentary
16013,drama
16014,drama
16015,comedy
16016,documentary
16017,documentary
16018,documentary
16019,documentary
16020,documentary
16021,short
16022,drama
16023,drama
16024,drama
16025,drama
16026,comedy
16027,documentary
16028,drama
16029,drama
16030,drama
16031,drama
16032,drama
16033,drama
16034,documentary
16035,music
16036,drama
16037,drama
16038,western
16039,documentary
16040,documentary
16041,documentary
16042,drama
16043,drama
16044,drama
16045,drama
16046,short
16047,documentary
16048,documentary
16049,drama
16050,comedy
16051,drama
16052,short
16053,drama
16054,drama
16055,comedy
16056,documentary
16057,comedy
16058,drama
16059,documentary
16060,documentary
16061,comedy
16062,action
16063,western
16064,drama
16065,drama
16066,drama
16067,comedy
16068,drama
16069,comedy
16070,documentary
16071,drama
16072,drama
16073,documentary
16074,comedy
16075,animation
16076,short
16077,horror
16078,comedy
16079,drama
16080,documentary
16081,drama
16082,drama
16083,drama
16084,documentary
16085,drama
16086,comedy
16087,drama
16088,drama
16089,drama
16090,horror
16091,drama
16092,documentary
16093,adventure
16094,documentary
16095,drama
16096,documentary
16097,music
16098,drama
16099,adventure
16100,drama
16101,drama
16102,comedy
16103,drama
16104,drama
16105,drama
16106,western
16107,comedy
16108,drama
16109,documentary
16110,drama
16111,animation
16112,comedy
16113,documentary
16114,drama
16115,comedy
16116,documentary
16117,thriller
16118,documentary
16119,animation
16120,drama
16121,sci-fi
16122,comedy
16123,documentary
16124,animation
16125,documentary
16126,drama
16127,horror
16128,sport
16129,drama
16130,horror
16131,drama
16132,short
16133,documentary
16134,horror
16135,drama
16136,drama
16137,comedy
16138,horror
16139,comedy
16140,drama
16141,documentary
16142,documentary
16143,comedy
16144,comedy
16145,short
16146,drama
16147,drama
16148,short
16149,horror
16150,comedy
16151,drama
16152,documentary
16153,drama
16154,comedy
16155,drama
16156,documentary
16157,drama
16158,documentary
16159,comedy
16160,drama
16161,drama
16162,documentary
16163,drama
16164,documentary
16165,drama
16166,documentary
16167,documentary
16168,drama
16169,comedy
16170,documentary
16171,short
16172,horror
16173,family
16174,western
16175,animation
16176,comedy
16177,documentary
16178,documentary
16179,comedy
16180,comedy
16181,documentary
16182,comedy
16183,drama
16184,short
16185,drama
16186,news
16187,horror
16188,drama
16189,western
16190,documentary
16191,documentary
16192,talk-show
16193,drama
16194,drama
16195,documentary
16196,comedy
16197,documentary
16198,short
16199,drama
16200,comedy
16201,music
16202,documentary
16203,short
16204,documentary
16205,comedy
16206,game-show
16207,family
16208,documentary
16209,documentary
16210,comedy
16211,drama
16212,comedy
16213,action
16214,romance
16215,documentary
16216,comedy
16217,drama
16218,drama
16219,drama
16220,drama
16221,western
16222,documentary
16223,drama
16224,drama
16225,drama
16226,documentary
16227,drama
16228,documentary
16229,documentary
16230,drama
16231,drama
16232,comedy
16233,western
16234,comedy
16235,comedy
16236,comedy
16237,drama
16238,documentary
16239,music
16240,comedy
16241,drama
16242,documentary
16243,documentary
16244,short
16245,drama
16246,drama
16247,documentary
16248,short
16249,documentary
16250,western
16251,thriller
16252,drama
16253,short
16254,drama
16255,documentary
16256,documentary
16257,music
16258,adventure
16259,drama
16260,drama
16261,comedy
16262,documentary
16263,drama
16264,documentary
16265,short
16266,short
16267,adventure
16268,documentary
16269,documentary
16270,drama
16271,drama
16272,drama
16273,reality-tv
16274,drama
16275,western
16276,drama
16277,comedy
16278,animation
16279,action
16280,short
16281,drama
16282,documentary
16283,comedy
16284,drama
16285,horror
16286,drama
16287,documentary
16288,drama
16289,drama
16290,documentary
16291,documentary
16292,documentary
16293,documentary
16294,comedy
16295,horror
16296,horror
16297,comedy
16298,drama
16299,drama
16300,short
16301,drama
16302,documentary
16303,documentary
16304,drama
16305,documentary
16306,short
16307,drama
16308,documentary
16309,drama
16310,documentary
16311,documentary
16312,documentary
16313,drama
16314,comedy
16315,reality-tv
16316,documentary
16317,comedy
16318,reality-tv
16319,drama
16320,documentary
16321,western
16322,action
16323,horror
16324,horror
16325,documentary
16326,short
16327,comedy
16328,horror
16329,drama
16330,comedy
16331,drama
16332,documentary
16333,comedy
16334,drama
16335,drama
16336,drama
16337,horror
16338,documentary
16339,short
16340,drama
16341,documentary
16342,comedy
16343,action
16344,drama
16345,short
16346,drama
16347,documentary
16348,documentary
16349,drama
16350,documentary
16351,drama
16352,drama
16353,documentary
16354,documentary
16355,documentary
16356,drama
16357,documentary
16358,documentary
16359,comedy
16360,documentary
16361,documentary
16362,comedy
16363,documentary
16364,thriller
16365,documentary
16366,drama
16367,drama
16368,short
16369,horror
16370,documentary
16371,comedy
16372,drama
16373,comedy
16374,documentary
16375,drama
16376,comedy
16377,thriller
16378,drama
16379,documentary
16380,documentary
16381,drama
16382,documentary
16383,documentary
16384,documentary
16385,drama
16386,drama
16387,action
16388,drama
16389,mystery
16390,drama
16391,drama
16392,music
16393,short
16394,drama
16395,drama
16396,drama
16397,documentary
16398,short
16399,drama
16400,comedy
16401,drama
16402,documentary
16403,comedy
16404,short
16405,drama
16406,comedy
16407,comedy
16408,sci-fi
16409,drama
16410,documentary
16411,comedy
16412,documentary
16413,short
16414,documentary
16415,drama
16416,documentary
16417,drama
16418,comedy
16419,drama
16420,horror
16421,drama
16422,drama
16423,drama
16424,drama
16425,documentary
16426,comedy
16427,comedy
16428,documentary
16429,drama
16430,drama
16431,documentary
16432,drama
16433,drama
16434,documentary
16435,comedy
16436,documentary
16437,drama
16438,action
16439,drama
16440,comedy
16441,drama
16442,documentary
16443,drama
16444,short
16445,documentary
16446,drama
16447,documentary
16448,comedy
16449,drama
16450,documentary
16451,documentary
16452,short
16453,drama
16454,documentary
16455,documentary
16456,drama
16457,documentary
16458,drama
16459,drama
16460,sci-fi
16461,drama
16462,comedy
16463,drama
16464,short
16465,drama
16466,drama
16467,documentary
16468,documentary
16469,short
16470,documentary
16471,documentary
16472,drama
16473,short
16474,drama
16475,music
16476,documentary
16477,documentary
16478,sport
16479,documentary
16480,comedy
16481,documentary
16482,documentary
16483,drama
16484,short
16485,documentary
16486,documentary
16487,documentary
16488,drama
16489,drama
16490,documentary
16491,thriller
16492,documentary
16493,documentary
16494,documentary
16495,documentary
16496,documentary
16497,drama
16498,horror
16499,drama
16500,western
16501,documentary
16502,documentary
16503,documentary
16504,documentary
16505,documentary
16506,documentary
16507,reality-tv
16508,comedy
16509,comedy
16510,documentary
16511,short
16512,action
16513,horror
16514,drama
16515,documentary
16516,comedy
16517,documentary
16518,sci-fi
16519,documentary
16520,drama
16521,comedy
16522,documentary
16523,documentary
16524,drama
16525,drama
16526,drama
16527,drama
16528,horror
16529,documentary
16530,drama
16531,western
16532,adult
16533,drama
16534,animation
16535,short
16536,drama
16537,comedy
16538,short
16539,documentary
16540,drama
16541,drama
16542,comedy
16543,drama
16544,drama
16545,adult
16546,documentary
16547,documentary
16548,drama
16549,drama
16550,documentary
16551,sport
16552,drama
16553,drama
16554,drama
16555,drama
16556,comedy
16557,comedy
16558,documentary
16559,horror
16560,action
16561,documentary
16562,drama
16563,adult
16564,action
16565,drama
16566,drama
16567,western
16568,short
16569,short
16570,comedy
16571,documentary
16572,thriller
16573,documentary
16574,comedy
16575,drama
16576,comedy
16577,drama
16578,drama
16579,documentary
16580,game-show
16581,drama
16582,comedy
16583,short
16584,comedy
16585,drama
16586,drama
16587,drama
16588,drama
16589,comedy
16590,reality-tv
16591,horror
16592,drama
16593,drama
16594,documentary
16595,drama
16596,drama
16597,drama
16598,comedy
16599,comedy
16600,drama
16601,animation
16602,drama
16603,short
16604,drama
16605,action
16606,sci-fi
16607,reality-tv
16608,short
16609,drama
16610,documentary
16611,drama
16612,documentary
16613,drama
16614,short
16615,documentary
16616,drama
16617,comedy
16618,documentary
16619,comedy
16620,short
16621,documentary
16622,documentary
16623,drama
16624,documentary
16625,comedy
16626,drama
16627,comedy
16628,drama
16629,drama
16630,fantasy
16631,drama
16632,comedy
16633,comedy
16634,drama
16635,drama
16636,short
16637,short
16638,documentary
16639,documentary
16640,comedy
16641,documentary
16642,drama
16643,comedy
16644,drama
16645,drama
16646,documentary
16647,comedy
16648,documentary
16649,drama
16650,western
16651,documentary
16652,drama
16653,comedy
16654,drama
16655,drama
16656,documentary
16657,comedy
16658,drama
16659,comedy
16660,drama
16661,comedy
16662,documentary
16663,drama
16664,documentary
16665,drama
16666,drama
16667,documentary
16668,drama
16669,drama
16670,drama
16671,drama
16672,documentary
16673,short
16674,documentary
16675,drama
16676,horror
16677,drama
16678,drama
16679,drama
16680,documentary
16681,documentary
16682,documentary
16683,documentary
16684,drama
16685,drama
16686,sci-fi
16687,drama
16688,documentary
16689,drama
16690,documentary
16691,drama
16692,documentary
16693,comedy
16694,comedy
16695,talk-show
16696,documentary
16697,documentary
16698,comedy
16699,talk-show
16700,drama
16701,drama
16702,documentary
16703,documentary
16704,comedy
16705,drama
16706,documentary
16707,drama
16708,documentary
16709,drama
16710,western
16711,drama
16712,drama
16713,documentary
16714,thriller
16715,drama
16716,short
16717,documentary
16718,adventure
16719,reality-tv
16720,comedy
16721,documentary
16722,drama
16723,documentary
16724,documentary
16725,talk-show
16726,drama
16727,comedy
16728,drama
16729,horror
16730,drama
16731,documentary
16732,comedy
16733,comedy
16734,short
16735,short
16736,drama
16737,drama
16738,drama
16739,documentary
16740,documentary
16741,comedy
16742,documentary
16743,short
16744,comedy
16745,drama
16746,drama
16747,drama
16748,drama
16749,comedy
16750,documentary
16751,drama
16752,drama
16753,musical
16754,comedy
16755,documentary
16756,comedy
16757,western
16758,short
16759,comedy
16760,documentary
16761,comedy
16762,drama
16763,drama
16764,documentary
16765,documentary
16766,documentary
16767,drama
16768,documentary
16769,western
16770,documentary
16771,short
16772,short
16773,comedy
16774,drama
16775,short
16776,drama
16777,drama
16778,short
16779,documentary
16780,documentary
16781,drama
16782,sport
16783,comedy
16784,horror
16785,documentary
16786,drama
16787,drama
16788,documentary
16789,documentary
16790,action
16791,short
16792,short
16793,documentary
16794,comedy
16795,documentary
16796,short
16797,action
16798,drama
16799,documentary
16800,documentary
16801,action
16802,documentary
16803,drama
16804,documentary
16805,documentary
16806,documentary
16807,documentary
16808,comedy
16809,history
16810,documentary
16811,horror
16812,drama
16813,drama
16814,drama
16815,documentary
16816,drama
16817,comedy
16818,short
16819,comedy
16820,documentary
16821,drama
16822,documentary
16823,drama
16824,western
16825,drama
16826,documentary
16827,documentary
16828,drama
16829,comedy
16830,drama
16831,western
16832,horror
16833,documentary
16834,comedy
16835,short
16836,action
16837,drama
16838,documentary
16839,documentary
16840,documentary
16841,documentary
16842,drama
16843,documentary
16844,drama
16845,documentary
16846,documentary
16847,documentary
16848,documentary
16849,drama
16850,short
16851,music
16852,horror
16853,drama
16854,drama
16855,drama
16856,drama
16857,documentary
16858,documentary
16859,comedy
16860,drama
16861,documentary
16862,drama
16863,family
16864,action
16865,drama
16866,drama
16867,horror
16868,documentary
16869,action
16870,comedy
16871,drama
16872,game-show
16873,drama
16874,documentary
16875,drama
16876,documentary
16877,sport
16878,documentary
16879,documentary
16880,comedy
16881,documentary
16882,comedy
16883,documentary
16884,drama
16885,comedy
16886,drama
16887,drama
16888,drama
16889,drama
16890,drama
16891,documentary
16892,documentary
16893,comedy
16894,documentary
16895,comedy
16896,documentary
16897,drama
16898,drama
16899,western
16900,drama
16901,talk-show
16902,drama
16903,crime
16904,comedy
16905,thriller
16906,action
16907,drama
16908,horror
16909,horror
16910,drama
16911,family
16912,sport
16913,documentary
16914,drama
16915,short
16916,comedy
16917,horror
16918,drama
16919,drama
16920,comedy
16921,short
16922,documentary
16923,reality-tv
16924,drama
16925,adventure
16926,documentary
16927,horror
16928,drama
16929,drama
16930,horror
16931,horror
16932,comedy
16933,documentary
16934,documentary
16935,documentary
16936,documentary
16937,drama
16938,western
16939,short
16940,comedy
16941,drama
16942,action
16943,documentary
16944,comedy
16945,drama
16946,drama
16947,talk-show
16948,drama
16949,comedy
16950,documentary
16951,documentary
16952,drama
16953,documentary
16954,horror
16955,horror
16956,documentary
16957,comedy
16958,drama
16959,drama
16960,drama
16961,drama
16962,documentary
16963,short
16964,drama
16965,drama
16966,comedy
16967,documentary
16968,drama
16969,drama
16970,documentary
16971,drama
16972,music
16973,short
16974,drama
16975,drama
16976,comedy
16977,documentary
16978,documentary
16979,documentary
16980,documentary
16981,drama
16982,documentary
16983,documentary
16984,western
16985,drama
16986,documentary
16987,comedy
16988,comedy
16989,comedy
16990,horror
16991,documentary
16992,documentary
16993,short
16994,comedy
16995,thriller
16996,short
16997,documentary
16998,drama
16999,documentary
17000,drama
17001,drama
17002,romance
17003,drama
17004,documentary
17005,horror
17006,drama
17007,short
17008,documentary
17009,drama
17010,documentary
17011,drama
17012,documentary
17013,comedy
17014,comedy
17015,horror
17016,drama
17017,documentary
17018,documentary
17019,documentary
17020,comedy
17021,drama
17022,drama
17023,comedy
17024,crime
17025,drama
17026,documentary
17027,drama
17028,comedy
17029,documentary
17030,drama
17031,documentary
17032,drama
17033,drama
17034,drama
17035,sci-fi
17036,drama
17037,short
17038,drama
17039,drama
17040,documentary
17041,drama
17042,drama
17043,documentary
17044,comedy
17045,drama
17046,drama
17047,drama
17048,documentary
17049,documentary
17050,music
17051,documentary
17052,documentary
17053,documentary
17054,drama
17055,documentary
17056,action
17057,comedy
17058,horror
17059,comedy
17060,short
17061,drama
17062,documentary
17063,comedy
17064,drama
17065,comedy
17066,comedy
17067,short
17068,western
17069,documentary
17070,drama
17071,short
17072,comedy
17073,documentary
17074,drama
17075,documentary
17076,documentary
17077,documentary
17078,drama
17079,horror
17080,documentary
17081,short
17082,action
17083,western
17084,documentary
17085,drama
17086,documentary
17087,horror
17088,romance
17089,comedy
17090,music
17091,comedy
17092,thriller
17093,documentary
17094,comedy
17095,short
17096,documentary
17097,drama
17098,documentary
17099,drama
17100,comedy
17101,documentary
17102,drama
17103,drama
17104,comedy
17105,drama
17106,comedy
17107,documentary
17108,documentary
17109,drama
17110,drama
17111,documentary
17112,horror
17113,comedy
17114,horror
17115,music
17116,short
17117,documentary
17118,drama
17119,drama
17120,short
17121,documentary
17122,drama
17123,comedy
17124,documentary
17125,documentary
17126,drama
17127,documentary
17128,comedy
17129,drama
17130,documentary
17131,short
17132,comedy
17133,drama
17134,documentary
17135,western
17136,drama
17137,action
17138,drama
17139,drama
17140,documentary
17141,reality-tv
17142,documentary
17143,western
17144,horror
17145,romance
17146,documentary
17147,comedy
17148,western
17149,drama
17150,drama
17151,documentary
17152,documentary
17153,documentary
17154,drama
17155,drama
17156,drama
17157,documentary
17158,comedy
17159,documentary
17160,drama
17161,horror
17162,drama
17163,documentary
17164,adventure
17165,comedy
17166,sci-fi
17167,short
17168,comedy
17169,horror
17170,drama
17171,sci-fi
17172,drama
17173,documentary
17174,mystery
17175,short
17176,drama
17177,documentary
17178,horror
17179,documentary
17180,documentary
17181,documentary
17182,documentary
17183,documentary
17184,romance
17185,comedy
17186,short
17187,documentary
17188,drama
17189,documentary
17190,action
17191,documentary
17192,drama
17193,drama
17194,drama
17195,drama
17196,comedy
17197,short
17198,documentary
17199,horror
17200,comedy
17201,adult
17202,documentary
17203,drama
17204,comedy
17205,horror
17206,drama
17207,drama
17208,horror
17209,documentary
17210,drama
17211,drama
17212,documentary
17213,documentary
17214,horror
17215,horror
17216,drama
17217,drama
17218,drama
17219,drama
17220,drama
17221,documentary
17222,documentary
17223,comedy
17224,drama
17225,drama
17226,comedy
17227,documentary
17228,documentary
17229,comedy
17230,documentary
17231,documentary
17232,horror
17233,documentary
17234,short
17235,documentary
17236,documentary
17237,documentary
17238,documentary
17239,comedy
17240,drama
17241,documentary
17242,drama
17243,comedy
17244,documentary
17245,drama
17246,documentary
17247,drama
17248,documentary
17249,drama
17250,documentary
17251,documentary
17252,drama
17253,drama
17254,drama
17255,documentary
17256,documentary
17257,drama
17258,documentary
17259,documentary
17260,drama
17261,comedy
17262,documentary
17263,action
17264,drama
17265,documentary
17266,drama
17267,documentary
17268,documentary
17269,drama
17270,comedy
17271,documentary
17272,comedy
17273,drama
17274,documentary
17275,comedy
17276,comedy
17277,documentary
17278,documentary
17279,documentary
17280,drama
17281,drama
17282,comedy
17283,comedy
17284,drama
17285,documentary
17286,documentary
17287,drama
17288,western
17289,drama
17290,documentary
17291,documentary
17292,documentary
17293,comedy
17294,documentary
17295,drama
17296,comedy
17297,documentary
17298,horror
17299,short
17300,sci-fi
17301,documentary
17302,drama
17303,crime
17304,documentary
17305,documentary
17306,documentary
17307,documentary
17308,documentary
17309,comedy
17310,documentary
17311,action
17312,documentary
17313,drama
17314,comedy
17315,comedy
17316,documentary
17317,documentary
17318,western
17319,drama
17320,comedy
17321,documentary
17322,comedy
17323,drama
17324,comedy
17325,drama
17326,horror
17327,drama
17328,documentary
17329,action
17330,documentary
17331,documentary
17332,documentary
17333,drama
17334,drama
17335,family
17336,western
17337,comedy
17338,documentary
17339,horror
17340,documentary
17341,drama
17342,documentary
17343,drama
17344,drama
17345,drama
17346,drama
17347,western
17348,action
17349,action
17350,horror
17351,fantasy
17352,documentary
17353,documentary
17354,music
17355,drama
17356,drama
17357,drama
17358,documentary
17359,drama
17360,drama
17361,drama
17362,comedy
17363,adventure
17364,drama
17365,documentary
17366,documentary
17367,documentary
17368,comedy
17369,drama
17370,drama
17371,documentary
17372,documentary
17373,documentary
17374,horror
17375,horror
17376,drama
17377,drama
17378,documentary
17379,comedy
17380,drama
17381,documentary
17382,documentary
17383,documentary
17384,documentary
17385,drama
17386,comedy
17387,drama
17388,horror
17389,documentary
17390,documentary
17391,documentary
17392,drama
17393,documentary
17394,drama
17395,documentary
17396,adventure
17397,short
17398,documentary
17399,drama
17400,drama
17401,drama
17402,documentary
17403,drama
17404,drama
17405,documentary
17406,drama
17407,documentary
17408,drama
17409,short
17410,short
17411,sci-fi
17412,drama
17413,comedy
17414,documentary
17415,drama
17416,documentary
17417,horror
17418,drama
17419,drama
17420,short
17421,short
17422,comedy
17423,drama
17424,drama
17425,documentary
17426,documentary
17427,drama
17428,drama
17429,western
17430,documentary
17431,documentary
17432,drama
17433,drama
17434,horror
17435,horror
17436,documentary
17437,reality-tv
17438,documentary
17439,drama
17440,horror
17441,drama
17442,short
17443,documentary
17444,drama
17445,comedy
17446,adult
17447,documentary
17448,action
17449,documentary
17450,short
17451,short
17452,drama
17453,documentary
17454,comedy
17455,drama
17456,animation
17457,documentary
17458,drama
17459,documentary
17460,comedy
17461,horror
17462,drama
17463,documentary
17464,drama
17465,short
17466,sci-fi
17467,music
17468,action
17469,romance
17470,drama
17471,documentary
17472,horror
17473,drama
17474,comedy
17475,horror
17476,crime
17477,drama
17478,western
17479,documentary
17480,drama
17481,drama
17482,comedy
17483,drama
17484,drama
17485,drama
17486,drama
17487,drama
17488,drama
17489,documentary
17490,documentary
17491,documentary
17492,drama
17493,drama
17494,drama
17495,drama
17496,comedy
17497,documentary
17498,documentary
17499,documentary
17500,documentary
17501,comedy
17502,documentary
17503,documentary
17504,sci-fi
17505,drama
17506,drama
17507,reality-tv
17508,drama
17509,documentary
17510,drama
17511,documentary
17512,family
17513,horror
17514,action
17515,documentary
17516,drama
17517,western
17518,drama
17519,drama
17520,drama
17521,drama
17522,documentary
17523,adventure
17524,horror
17525,drama
17526,comedy
17527,drama
17528,documentary
17529,horror
17530,comedy
17531,comedy
17532,drama
17533,comedy
17534,comedy
17535,comedy
17536,comedy
17537,drama
17538,drama
17539,documentary
17540,comedy
17541,drama
17542,documentary
17543,sci-fi
17544,horror
17545,documentary
17546,comedy
17547,drama
17548,drama
17549,documentary
17550,documentary
17551,documentary
17552,comedy
17553,comedy
17554,drama
17555,comedy
17556,documentary
17557,drama
17558,comedy
17559,comedy
17560,drama
17561,drama
17562,drama
17563,drama
17564,comedy
17565,drama
17566,drama
17567,documentary
17568,drama
17569,drama
17570,documentary
17571,documentary
17572,comedy
17573,drama
17574,documentary
17575,comedy
17576,comedy
17577,drama
17578,drama
17579,drama
17580,comedy
17581,short
17582,comedy
17583,drama
17584,drama
17585,horror
17586,documentary
17587,drama
17588,western
17589,documentary
17590,drama
17591,drama
17592,comedy
17593,comedy
17594,documentary
17595,drama
17596,comedy
17597,documentary
17598,drama
17599,comedy
17600,drama
17601,horror
17602,drama
17603,comedy
17604,horror
17605,comedy
17606,documentary
17607,crime
17608,documentary
17609,drama
17610,documentary
17611,drama
17612,documentary
17613,documentary
17614,documentary
17615,documentary
17616,drama
17617,documentary
17618,drama
17619,short
17620,drama
17621,drama
17622,comedy
17623,drama
17624,drama
17625,documentary
17626,documentary
17627,drama
17628,drama
17629,drama
17630,western
17631,documentary
17632,drama
17633,comedy
17634,comedy
17635,drama
17636,drama
17637,drama
17638,documentary
17639,comedy
17640,documentary
17641,comedy
17642,drama
17643,comedy
17644,documentary
17645,drama
17646,drama
17647,comedy
17648,action
17649,drama
17650,documentary
17651,documentary
17652,documentary
17653,documentary
17654,short
17655,short
17656,documentary
17657,drama
17658,comedy
17659,comedy
17660,documentary
17661,drama
17662,drama
17663,documentary
17664,short
17665,comedy
17666,documentary
17667,documentary
17668,drama
17669,documentary
17670,comedy
17671,documentary
17672,drama
17673,comedy
17674,drama
17675,drama
17676,comedy
17677,documentary
17678,documentary
17679,short
17680,sport
17681,drama
17682,short
17683,reality-tv
17684,comedy
17685,drama
17686,documentary
17687,documentary
17688,drama
17689,comedy
17690,documentary
17691,comedy
17692,documentary
17693,drama
17694,drama
17695,drama
17696,drama
17697,drama
17698,comedy
17699,thriller
17700,mystery
17701,short
17702,documentary
17703,documentary
17704,drama
17705,comedy
17706,comedy
17707,comedy
17708,documentary
17709,drama
17710,adult
17711,documentary
17712,drama
17713,drama
17714,documentary
17715,horror
17716,drama
17717,horror
17718,drama
17719,drama
17720,documentary
17721,documentary
17722,comedy
17723,documentary
17724,drama
17725,comedy
17726,drama
17727,comedy
17728,documentary
17729,drama
17730,documentary
17731,documentary
17732,documentary
17733,drama
17734,thriller
17735,documentary
17736,documentary
17737,comedy
17738,drama
17739,drama
17740,documentary
17741,documentary
17742,drama
17743,documentary
17744,documentary
17745,documentary
17746,documentary
17747,comedy
17748,comedy
17749,drama
17750,documentary
17751,drama
17752,horror
17753,short
17754,comedy
17755,drama
17756,drama
17757,comedy
17758,action
17759,drama
17760,drama
17761,documentary
17762,drama
17763,comedy
17764,drama
17765,documentary
17766,comedy
17767,drama
17768,comedy
17769,documentary
17770,horror
17771,comedy
17772,comedy
17773,documentary
17774,action
17775,comedy
17776,drama
17777,documentary
17778,horror
17779,documentary
17780,drama
17781,documentary
17782,drama
17783,documentary
17784,comedy
17785,documentary
17786,drama
17787,documentary
17788,drama
17789,drama
17790,drama
17791,adventure
17792,drama
17793,action
17794,drama
17795,drama
17796,documentary
17797,drama
17798,documentary
17799,documentary
17800,documentary
17801,comedy
17802,documentary
17803,drama
17804,short
17805,drama
17806,comedy
17807,drama
17808,documentary
17809,drama
17810,drama
17811,drama
17812,horror
17813,documentary
17814,documentary
17815,documentary
17816,western
17817,sci-fi
17818,documentary
17819,adult
17820,documentary
17821,documentary
17822,drama
17823,documentary
17824,comedy
17825,drama
17826,drama
17827,documentary
17828,comedy
17829,adventure
17830,drama
17831,adventure
17832,comedy
17833,documentary
17834,documentary
17835,comedy
17836,drama
17837,documentary
17838,action
17839,short
17840,drama
17841,thriller
17842,reality-tv
17843,comedy
17844,documentary
17845,drama
17846,comedy
17847,drama
17848,comedy
17849,drama
17850,thriller
17851,documentary
17852,drama
17853,documentary
17854,drama
17855,comedy
17856,comedy
17857,documentary
17858,documentary
17859,documentary
17860,documentary
17861,comedy
17862,music
17863,comedy
17864,drama
17865,drama
17866,documentary
17867,short
17868,short
17869,drama
17870,documentary
17871,documentary
17872,documentary
17873,drama
17874,comedy
17875,drama
17876,drama
17877,drama
17878,adult
17879,documentary
17880,drama
17881,comedy
17882,documentary
17883,drama
17884,drama
17885,comedy
17886,drama
17887,short
17888,documentary
17889,drama
17890,adult
17891,comedy
17892,drama
17893,horror
17894,music
17895,documentary
17896,short
17897,thriller
17898,documentary
17899,documentary
17900,documentary
17901,comedy
17902,drama
17903,horror
17904,documentary
17905,comedy
17906,documentary
17907,documentary
17908,drama
17909,drama
17910,documentary
17911,horror
17912,drama
17913,adventure
17914,drama
17915,drama
17916,documentary
17917,drama
17918,documentary
17919,drama
17920,comedy
17921,documentary
17922,short
17923,comedy
17924,thriller
17925,drama
17926,drama
17927,documentary
17928,drama
17929,comedy
17930,documentary
17931,drama
17932,drama
17933,documentary
17934,drama
17935,drama
17936,thriller
17937,comedy
17938,drama
17939,comedy
17940,drama
17941,short
17942,comedy
17943,horror
17944,horror
17945,animation
17946,music
17947,drama
17948,drama
17949,short
17950,drama
17951,comedy
17952,horror
17953,comedy
17954,drama
17955,drama
17956,documentary
17957,drama
17958,western
17959,drama
17960,drama
17961,documentary
17962,documentary
17963,short
17964,drama
17965,drama
17966,drama
17967,adult
17968,documentary
17969,comedy
17970,documentary
17971,drama
17972,thriller
17973,documentary
17974,documentary
17975,drama
17976,short
17977,documentary
17978,drama
17979,drama
17980,documentary
17981,drama
17982,comedy
17983,comedy
17984,documentary
17985,short
17986,drama
17987,documentary
17988,drama
17989,documentary
17990,horror
17991,comedy
17992,documentary
17993,horror
17994,documentary
17995,comedy
17996,documentary
17997,documentary
17998,drama
17999,documentary
18000,animation
18001,short
18002,music
18003,drama
18004,talk-show
18005,documentary
18006,animation
18007,documentary
18008,comedy
18009,short
18010,drama
18011,drama
18012,drama
18013,documentary
18014,documentary
18015,documentary
18016,western
18017,horror
18018,western
18019,documentary
18020,short
18021,documentary
18022,horror
18023,drama
18024,documentary
18025,documentary
18026,documentary
18027,thriller
18028,documentary
18029,documentary
18030,drama
18031,documentary
18032,documentary
18033,documentary
18034,drama
18035,drama
18036,documentary
18037,horror
18038,drama
18039,documentary
18040,drama
18041,drama
18042,horror
18043,drama
18044,drama
18045,western
18046,drama
18047,drama
18048,comedy
18049,drama
18050,drama
18051,comedy
18052,western
18053,sport
18054,fantasy
18055,documentary
18056,documentary
18057,documentary
18058,short
18059,documentary
18060,short
18061,action
18062,documentary
18063,comedy
18064,horror
18065,drama
18066,drama
18067,short
18068,comedy
18069,documentary
18070,drama
18071,comedy
18072,documentary
18073,short
18074,comedy
18075,short
18076,drama
18077,drama
18078,documentary
18079,drama
18080,adult
18081,horror
18082,drama
18083,drama
18084,drama
18085,documentary
18086,comedy
18087,drama
18088,horror
18089,drama
18090,drama
18091,comedy
18092,drama
18093,documentary
18094,comedy
18095,documentary
18096,documentary
18097,documentary
18098,drama
18099,drama
18100,comedy
18101,sport
18102,horror
18103,drama
18104,comedy
18105,documentary
18106,drama
18107,documentary
18108,short
18109,drama
18110,documentary
18111,drama
18112,documentary
18113,drama
18114,documentary
18115,drama
18116,drama
18117,drama
18118,western
18119,drama
18120,documentary
18121,western
18122,drama
18123,western
18124,documentary
18125,documentary
18126,comedy
18127,music
18128,short
18129,drama
18130,documentary
18131,documentary
18132,comedy
18133,drama
18134,drama
18135,comedy
18136,horror
18137,drama
18138,comedy
18139,adventure
18140,comedy
18141,short
18142,western
18143,comedy
18144,drama
18145,action
18146,documentary
18147,documentary
18148,sport
18149,short
18150,drama
18151,drama
18152,documentary
18153,documentary
18154,western
18155,drama
18156,documentary
18157,documentary
18158,drama
18159,documentary
18160,comedy
18161,documentary
18162,short
18163,comedy
18164,short
18165,reality-tv
18166,drama
18167,drama
18168,documentary
18169,documentary
18170,horror
18171,documentary
18172,drama
18173,drama
18174,comedy
18175,documentary
18176,drama
18177,drama
18178,drama
18179,comedy
18180,drama
18181,drama
18182,drama
18183,drama
18184,documentary
18185,short
18186,drama
18187,documentary
18188,comedy
18189,drama
18190,drama
18191,documentary
18192,documentary
18193,drama
18194,drama
18195,drama
18196,horror
18197,drama
18198,short
18199,comedy
18200,reality-tv
18201,comedy
18202,horror
18203,short
18204,documentary
18205,documentary
18206,drama
18207,short
18208,crime
18209,drama
18210,animation
18211,documentary
18212,horror
18213,drama
18214,short
18215,drama
18216,comedy
18217,documentary
18218,documentary
18219,drama
18220,drama
18221,sci-fi
18222,drama
18223,documentary
18224,horror
18225,drama
18226,drama
18227,music
18228,drama
18229,drama
18230,documentary
18231,drama
18232,comedy
18233,reality-tv
18234,comedy
18235,drama
18236,documentary
18237,documentary
18238,drama
18239,drama
18240,documentary
18241,documentary
18242,documentary
18243,drama
18244,comedy
18245,documentary
18246,comedy
18247,western
18248,western
18249,horror
18250,drama
18251,drama
18252,documentary
18253,documentary
18254,drama
18255,drama
18256,drama
18257,drama
18258,documentary
18259,reality-tv
18260,thriller
18261,drama
18262,comedy
18263,drama
18264,documentary
18265,comedy
18266,comedy
18267,horror
18268,drama
18269,documentary
18270,drama
18271,drama
18272,documentary
18273,comedy
18274,drama
18275,drama
18276,western
18277,drama
18278,drama
18279,action
18280,drama
18281,short
18282,short
18283,horror
18284,drama
18285,drama
18286,comedy
18287,drama
18288,documentary
18289,mystery
18290,thriller
18291,drama
18292,comedy
18293,documentary
18294,drama
18295,drama
18296,horror
18297,documentary
18298,documentary
18299,documentary
18300,documentary
18301,drama
18302,documentary
18303,drama
18304,short
18305,short
18306,drama
18307,drama
18308,comedy
18309,documentary
18310,documentary
18311,drama
18312,comedy
18313,documentary
18314,drama
18315,documentary
18316,action
18317,horror
18318,drama
18319,documentary
18320,documentary
18321,comedy
18322,horror
18323,drama
18324,drama
18325,drama
18326,drama
18327,drama
18328,drama
18329,documentary
18330,drama
18331,comedy
18332,comedy
18333,documentary
18334,drama
18335,documentary
18336,drama
18337,action
18338,comedy
18339,drama
18340,comedy
18341,documentary
18342,drama
18343,documentary
18344,sci-fi
18345,crime
18346,western
18347,documentary
18348,drama
18349,documentary
18350,action
18351,drama
18352,drama
18353,short
18354,comedy
18355,drama
18356,comedy
18357,documentary
18358,documentary
18359,comedy
18360,comedy
18361,documentary
18362,documentary
18363,drama
18364,drama
18365,drama
18366,documentary
18367,drama
18368,comedy
18369,drama
18370,documentary
18371,thriller
18372,adult
18373,documentary
18374,drama
18375,documentary
18376,documentary
18377,comedy
18378,sci-fi
18379,documentary
18380,documentary
18381,comedy
18382,comedy
18383,drama
18384,music
18385,drama
18386,comedy
18387,documentary
18388,drama
18389,drama
18390,history
18391,drama
18392,drama
18393,comedy
18394,drama
18395,comedy
18396,drama
18397,adventure
18398,documentary
18399,comedy
18400,documentary
18401,documentary
18402,drama
18403,short
18404,comedy
18405,drama
18406,short
18407,drama
18408,drama
18409,documentary
18410,music
18411,talk-show
18412,drama
18413,documentary
18414,documentary
18415,action
18416,comedy
18417,horror
18418,documentary
18419,documentary
18420,documentary
18421,documentary
18422,comedy
18423,music
18424,drama
18425,drama
18426,drama
18427,documentary
18428,western
18429,drama
18430,drama
18431,drama
18432,horror
18433,adventure
18434,action
18435,drama
18436,comedy
18437,documentary
18438,action
18439,short
18440,documentary
18441,documentary
18442,documentary
18443,horror
18444,short
18445,horror
18446,comedy
18447,drama
18448,comedy
18449,documentary
18450,drama
18451,drama
18452,horror
18453,comedy
18454,documentary
18455,adult
18456,drama
18457,drama
18458,drama
18459,documentary
18460,documentary
18461,drama
18462,action
18463,drama
18464,documentary
18465,documentary
18466,drama
18467,documentary
18468,horror
18469,horror
18470,adult
18471,drama
18472,documentary
18473,drama
18474,documentary
18475,drama
18476,documentary
18477,documentary
18478,comedy
18479,thriller
18480,documentary
18481,comedy
18482,mystery
18483,comedy
18484,drama
18485,drama
18486,documentary
18487,documentary
18488,music
18489,documentary
18490,documentary
18491,short
18492,drama
18493,talk-show
18494,comedy
18495,action
18496,drama
18497,drama
18498,action
18499,drama
18500,horror
18501,sport
18502,documentary
18503,drama
18504,drama
18505,drama
18506,drama
18507,drama
18508,documentary
18509,drama
18510,western
18511,documentary
18512,thriller
18513,drama
18514,drama
18515,drama
18516,documentary
18517,documentary
18518,drama
18519,drama
18520,documentary
18521,drama
18522,drama
18523,drama
18524,drama
18525,action
18526,action
18527,short
18528,thriller
18529,documentary
18530,documentary
18531,comedy
18532,drama
18533,drama
18534,drama
18535,documentary
18536,documentary
18537,documentary
18538,western
18539,documentary
18540,short
18541,documentary
18542,comedy
18543,horror
18544,drama
18545,short
18546,comedy
18547,drama
18548,short
18549,documentary
18550,short
18551,documentary
18552,documentary
18553,drama
18554,drama
18555,comedy
18556,documentary
18557,western
18558,comedy
18559,documentary
18560,drama
18561,drama
18562,drama
18563,comedy
18564,documentary
18565,short
18566,short
18567,comedy
18568,short
18569,adventure
18570,drama
18571,family
18572,comedy
18573,comedy
18574,documentary
18575,documentary
18576,documentary
18577,drama
18578,horror
18579,drama
18580,short
18581,documentary
18582,fantasy
18583,drama
18584,drama
18585,drama
18586,short
18587,documentary
18588,drama
18589,documentary
18590,documentary
18591,documentary
18592,documentary
18593,adult
18594,comedy
18595,drama
18596,drama
18597,documentary
18598,documentary
18599,drama
18600,documentary
18601,documentary
18602,comedy
18603,documentary
18604,horror
18605,drama
18606,action
18607,comedy
18608,drama
18609,short
18610,horror
18611,comedy
18612,comedy
18613,drama
18614,documentary
18615,documentary
18616,documentary
18617,documentary
18618,short
18619,drama
18620,comedy
18621,documentary
18622,documentary
18623,drama
18624,drama
18625,thriller
18626,drama
18627,drama
18628,documentary
18629,action
18630,drama
18631,documentary
18632,documentary
18633,sci-fi
18634,documentary
18635,documentary
18636,drama
18637,documentary
18638,comedy
18639,horror
18640,drama
18641,drama
18642,documentary
18643,documentary
18644,drama
18645,drama
18646,comedy
18647,short
18648,drama
18649,drama
18650,drama
18651,documentary
18652,documentary
18653,documentary
18654,short
18655,drama
18656,documentary
18657,documentary
18658,horror
18659,documentary
18660,documentary
18661,horror
18662,drama
18663,comedy
18664,horror
18665,drama
18666,documentary
18667,drama
18668,drama
18669,drama
18670,music
18671,comedy
18672,short
18673,drama
18674,action
18675,drama
18676,short
18677,short
18678,comedy
18679,documentary
18680,drama
18681,documentary
18682,comedy
18683,documentary
18684,western
18685,comedy
18686,drama
18687,comedy
18688,music
18689,documentary
18690,documentary
18691,drama
18692,music
18693,drama
18694,drama
18695,short
18696,drama
18697,adult
18698,music
18699,documentary
18700,drama
18701,reality-tv
18702,drama
18703,drama
18704,documentary
18705,documentary
18706,documentary
18707,drama
18708,drama
18709,drama
18710,documentary
18711,drama
18712,comedy
18713,comedy
18714,reality-tv
18715,documentary
18716,drama
18717,action
18718,game-show
18719,horror
18720,drama
18721,horror
18722,documentary
18723,drama
18724,drama
18725,documentary
18726,western
18727,documentary
18728,drama
18729,drama
18730,drama
18731,horror
18732,drama
18733,horror
18734,documentary
18735,comedy
18736,drama
18737,short
18738,documentary
18739,documentary
18740,short
18741,documentary
18742,horror
18743,drama
18744,drama
18745,documentary
18746,horror
18747,documentary
18748,drama
18749,horror
18750,short
18751,documentary
18752,drama
18753,drama
18754,drama
18755,drama
18756,comedy
18757,drama
18758,drama
18759,comedy
18760,drama
18761,drama
18762,short
18763,horror
18764,drama
18765,short
18766,horror
18767,documentary
18768,documentary
18769,documentary
18770,reality-tv
18771,sci-fi
18772,documentary
18773,drama
18774,drama
18775,drama
18776,drama
18777,horror
18778,drama
18779,drama
18780,documentary
18781,drama
18782,family
18783,drama
18784,comedy
18785,short
18786,comedy
18787,documentary
18788,documentary
18789,drama
18790,comedy
18791,comedy
18792,comedy
18793,drama
18794,documentary
18795,horror
18796,drama
18797,drama
18798,drama
18799,short
18800,documentary
18801,drama
18802,short
18803,comedy
18804,comedy
18805,drama
18806,comedy
18807,documentary
18808,western
18809,comedy
18810,drama
18811,comedy
18812,drama
18813,drama
18814,adult
18815,drama
18816,drama
18817,drama
18818,documentary
18819,documentary
18820,documentary
18821,short
18822,drama
18823,documentary
18824,comedy
18825,documentary
18826,drama
18827,adult
18828,drama
18829,comedy
18830,comedy
18831,drama
18832,comedy
18833,documentary
18834,documentary
18835,war
18836,documentary
18837,short
18838,comedy
18839,documentary
18840,music
18841,documentary
18842,documentary
18843,documentary
18844,documentary
18845,drama
18846,comedy
18847,drama
18848,documentary
18849,documentary
18850,drama
18851,documentary
18852,drama
18853,documentary
18854,drama
18855,documentary
18856,documentary
18857,documentary
18858,documentary
18859,comedy
18860,drama
18861,documentary
18862,drama
18863,drama
18864,documentary
18865,drama
18866,horror
18867,short
18868,documentary
18869,drama
18870,short
18871,documentary
18872,action
18873,drama
18874,short
18875,adult
18876,drama
18877,documentary
18878,documentary
18879,documentary
18880,documentary
18881,drama
18882,music
18883,documentary
18884,crime
18885,drama
18886,documentary
18887,drama
18888,action
18889,short
18890,comedy
18891,drama
18892,drama
18893,short
18894,documentary
18895,documentary
18896,drama
18897,drama
18898,drama
18899,short
18900,comedy
18901,documentary
18902,drama
18903,adventure
18904,western
18905,documentary
18906,drama
18907,documentary
18908,drama
18909,comedy
18910,documentary
18911,drama
18912,drama
18913,thriller
18914,western
18915,documentary
18916,horror
18917,documentary
18918,drama
18919,horror
18920,comedy
18921,drama
18922,horror
18923,drama
18924,western
18925,documentary
18926,short
18927,documentary
18928,drama
18929,horror
18930,drama
18931,thriller
18932,short
18933,drama
18934,documentary
18935,comedy
18936,documentary
18937,drama
18938,drama
18939,sport
18940,short
18941,comedy
18942,documentary
18943,documentary
18944,drama
18945,game-show
18946,drama
18947,drama
18948,documentary
18949,drama
18950,drama
18951,drama
18952,comedy
18953,drama
18954,documentary
18955,documentary
18956,documentary
18957,documentary
18958,drama
18959,documentary
18960,documentary
18961,drama
18962,documentary
18963,drama
18964,documentary
18965,documentary
18966,documentary
18967,drama
18968,drama
18969,comedy
18970,horror
18971,drama
18972,drama
18973,documentary
18974,drama
18975,short
18976,drama
18977,drama
18978,comedy
18979,drama
18980,documentary
18981,short
18982,documentary
18983,documentary
18984,drama
18985,drama
18986,music
18987,talk-show
18988,drama
18989,sport
18990,documentary
18991,drama
18992,drama
18993,comedy
18994,documentary
18995,documentary
18996,game-show
18997,drama
18998,comedy
18999,documentary
19000,sport
19001,drama
19002,documentary
19003,drama
19004,comedy
19005,drama
19006,short
19007,documentary
19008,drama
19009,game-show
19010,comedy
19011,reality-tv
19012,comedy
19013,documentary
19014,documentary
19015,documentary
19016,comedy
19017,documentary
19018,action
19019,drama
19020,documentary
19021,documentary
19022,drama
19023,western
19024,drama
19025,documentary
19026,short
19027,short
19028,drama
19029,documentary
19030,drama
19031,documentary
19032,drama
19033,drama
19034,drama
19035,short
19036,comedy
19037,thriller
19038,documentary
19039,documentary
19040,documentary
19041,short
19042,drama
19043,drama
19044,western
19045,drama
19046,drama
19047,documentary
19048,drama
19049,crime
19050,drama
19051,comedy
19052,documentary
19053,thriller
19054,documentary
19055,documentary
19056,drama
19057,romance
19058,drama
19059,drama
19060,family
19061,thriller
19062,documentary
19063,comedy
19064,drama
19065,documentary
19066,drama
19067,drama
19068,drama
19069,drama
19070,short
19071,drama
19072,thriller
19073,horror
19074,documentary
19075,short
19076,drama
19077,action
19078,comedy
19079,documentary
19080,drama
19081,documentary
19082,short
19083,documentary
19084,action
19085,adventure
19086,drama
19087,documentary
19088,drama
19089,western
19090,drama
19091,documentary
19092,drama
19093,documentary
19094,documentary
19095,comedy
19096,documentary
19097,documentary
19098,comedy
19099,drama
19100,documentary
19101,documentary
19102,comedy
19103,drama
19104,thriller
19105,documentary
19106,drama
19107,drama
19108,documentary
19109,comedy
19110,drama
19111,comedy
19112,comedy
19113,drama
19114,game-show
19115,short
19116,drama
19117,animation
19118,documentary
19119,comedy
19120,documentary
19121,documentary
19122,documentary
19123,comedy
19124,documentary
19125,documentary
19126,drama
19127,documentary
19128,action
19129,drama
19130,short
19131,horror
19132,documentary
19133,short
19134,documentary
19135,comedy
19136,documentary
19137,documentary
19138,documentary
19139,documentary
19140,comedy
19141,drama
19142,documentary
19143,comedy
19144,documentary
19145,drama
19146,comedy
19147,documentary
19148,drama
19149,documentary
19150,western
19151,horror
19152,drama
19153,sci-fi
19154,documentary
19155,drama
19156,action
19157,drama
19158,documentary
19159,comedy
19160,horror
19161,sport
19162,documentary
19163,thriller
19164,documentary
19165,short
19166,drama
19167,documentary
19168,drama
19169,documentary
19170,drama
19171,documentary
19172,drama
19173,drama
19174,short
19175,sci-fi
19176,documentary
19177,short
19178,drama
19179,documentary
19180,drama
19181,sci-fi
19182,drama
19183,drama
19184,adventure
19185,drama
19186,drama
19187,drama
19188,drama
19189,documentary
19190,reality-tv
19191,drama
19192,documentary
19193,animation
19194,documentary
19195,drama
19196,drama
19197,drama
19198,documentary
19199,drama
19200,comedy
19201,drama
19202,drama
19203,comedy
19204,comedy
19205,drama
19206,documentary
19207,documentary
19208,drama
19209,documentary
19210,music
19211,reality-tv
19212,documentary
19213,documentary
19214,horror
19215,horror
19216,drama
19217,drama
19218,drama
19219,sci-fi
19220,comedy
19221,adventure
19222,family
19223,talk-show
19224,documentary
19225,documentary
19226,comedy
19227,comedy
19228,documentary
19229,documentary
19230,documentary
19231,documentary
19232,comedy
19233,comedy
19234,drama
19235,documentary
19236,comedy
19237,drama
19238,short
19239,comedy
19240,documentary
19241,short
19242,music
19243,horror
19244,short
19245,documentary
19246,drama
19247,horror
19248,drama
19249,documentary
19250,drama
19251,comedy
19252,short
19253,comedy
19254,drama
19255,drama
19256,documentary
19257,drama
19258,short
19259,documentary
19260,drama
19261,horror
19262,comedy
19263,drama
19264,horror
19265,documentary
19266,horror
19267,drama
19268,comedy
19269,drama
19270,horror
19271,music
19272,documentary
19273,drama
19274,documentary
19275,documentary
19276,documentary
19277,documentary
19278,documentary
19279,western
19280,documentary
19281,documentary
19282,documentary
19283,documentary
19284,documentary
19285,drama
19286,drama
19287,thriller
19288,talk-show
19289,short
19290,short
19291,horror
19292,short
19293,comedy
19294,drama
19295,documentary
19296,drama
19297,short
19298,drama
19299,horror
19300,drama
19301,drama
19302,thriller
19303,documentary
19304,comedy
19305,documentary
19306,drama
19307,documentary
19308,documentary
19309,documentary
19310,drama
19311,short
19312,drama
19313,documentary
19314,drama
19315,short
19316,documentary
19317,horror
19318,music
19319,short
19320,drama
19321,documentary
19322,action
19323,action
19324,western
19325,comedy
19326,documentary
19327,drama
19328,drama
19329,comedy
19330,drama
19331,sport
19332,drama
19333,adult
19334,documentary
19335,drama
19336,drama
19337,drama
19338,drama
19339,adult
19340,documentary
19341,comedy
19342,drama
19343,documentary
19344,comedy
19345,documentary
19346,documentary
19347,comedy
19348,documentary
19349,documentary
19350,documentary
19351,drama
19352,drama
19353,documentary
19354,comedy
19355,documentary
19356,short
19357,drama
19358,comedy
19359,drama
19360,comedy
19361,comedy
19362,drama
19363,music
19364,documentary
19365,documentary
19366,documentary
19367,talk-show
19368,documentary
19369,drama
19370,documentary
19371,comedy
19372,comedy
19373,horror
19374,horror
19375,family
19376,drama
19377,music
19378,sci-fi
19379,drama
19380,comedy
19381,documentary
19382,comedy
19383,documentary
19384,drama
19385,comedy
19386,drama
19387,drama
19388,adult
19389,comedy
19390,documentary
19391,drama
19392,short
19393,drama
19394,documentary
19395,comedy
19396,music
19397,drama
19398,documentary
19399,drama
19400,documentary
19401,drama
19402,documentary
19403,horror
19404,short
19405,documentary
19406,comedy
19407,music
19408,action
19409,documentary
19410,action
19411,drama
19412,documentary
19413,drama
19414,comedy
19415,short
19416,drama
19417,comedy
19418,drama
19419,short
19420,drama
19421,documentary
19422,short
19423,comedy
19424,documentary
19425,documentary
19426,drama
19427,drama
19428,drama
19429,drama
19430,drama
19431,comedy
19432,horror
19433,comedy
19434,drama
19435,drama
19436,documentary
19437,horror
19438,drama
19439,sci-fi
19440,documentary
19441,drama
19442,drama
19443,drama
19444,comedy
19445,drama
19446,documentary
19447,documentary
19448,comedy
19449,horror
19450,drama
19451,action
19452,horror
19453,documentary
19454,documentary
19455,drama
19456,action
19457,horror
19458,comedy
19459,comedy
19460,drama
19461,documentary
19462,horror
19463,documentary
19464,documentary
19465,adult
19466,comedy
19467,comedy
19468,thriller
19469,comedy
19470,drama
19471,documentary
19472,drama
19473,drama
19474,drama
19475,documentary
19476,documentary
19477,drama
19478,documentary
19479,short
19480,music
19481,comedy
19482,drama
19483,documentary
19484,comedy
19485,horror
19486,documentary
19487,drama
19488,drama
19489,comedy
19490,drama
19491,documentary
19492,documentary
19493,music
19494,drama
19495,sport
19496,documentary
19497,documentary
19498,drama
19499,documentary
19500,short
19501,drama
19502,comedy
19503,comedy
19504,documentary
19505,documentary
19506,short
19507,short
19508,documentary
19509,documentary
19510,drama
19511,short
19512,drama
19513,music
19514,drama
19515,drama
19516,documentary
19517,drama
19518,western
19519,documentary
19520,documentary
19521,documentary
19522,documentary
19523,comedy
19524,drama
19525,drama
19526,drama
19527,drama
19528,horror
19529,news
19530,short
19531,drama
19532,documentary
19533,documentary
19534,documentary
19535,documentary
19536,drama
19537,short
19538,documentary
19539,documentary
19540,comedy
19541,comedy
19542,short
19543,documentary
19544,western
19545,documentary
19546,comedy
19547,documentary
19548,drama
19549,music
19550,short
19551,documentary
19552,comedy
19553,comedy
19554,horror
19555,comedy
19556,drama
19557,talk-show
19558,documentary
19559,documentary
19560,drama
19561,sci-fi
19562,thriller
19563,comedy
19564,documentary
19565,drama
19566,documentary
19567,drama
19568,drama
19569,thriller
19570,horror
19571,drama
19572,documentary
19573,comedy
19574,documentary
19575,comedy
19576,documentary
19577,drama
19578,drama
19579,documentary
19580,thriller
19581,comedy
19582,comedy
19583,adventure
19584,documentary
19585,drama
19586,comedy
19587,drama
19588,documentary
19589,documentary
19590,drama
19591,drama
19592,comedy
19593,documentary
19594,drama
19595,drama
19596,drama
19597,short
19598,documentary
19599,documentary
19600,music
19601,drama
19602,drama
19603,drama
19604,comedy
19605,thriller
19606,comedy
19607,drama
19608,drama
19609,horror
19610,thriller
19611,documentary
19612,drama
19613,documentary
19614,drama
19615,action
19616,documentary
19617,sport
19618,short
19619,documentary
19620,drama
19621,comedy
19622,documentary
19623,drama
19624,drama
19625,drama
19626,drama
19627,horror
19628,documentary
19629,documentary
19630,horror
19631,comedy
19632,drama
19633,comedy
19634,documentary
19635,action
19636,drama
19637,family
19638,horror
19639,drama
19640,western
19641,documentary
19642,action
19643,drama
19644,short
19645,action
19646,drama
19647,horror
19648,documentary
19649,comedy
19650,sport
19651,drama
19652,drama
19653,drama
19654,documentary
19655,documentary
19656,music
19657,documentary
19658,comedy
19659,comedy
19660,drama
19661,documentary
19662,western
19663,short
19664,horror
19665,documentary
19666,drama
19667,short
19668,drama
19669,reality-tv
19670,comedy
19671,documentary
19672,documentary
19673,documentary
19674,comedy
19675,documentary
19676,documentary
19677,thriller
19678,drama
19679,drama
19680,comedy
19681,drama
19682,drama
19683,comedy
19684,documentary
19685,horror
19686,drama
19687,comedy
19688,documentary
19689,documentary
19690,drama
19691,documentary
19692,documentary
19693,documentary
19694,documentary
19695,drama
19696,comedy
19697,action
19698,comedy
19699,sport
19700,comedy
19701,horror
19702,comedy
19703,comedy
19704,drama
19705,documentary
19706,documentary
19707,documentary
19708,documentary
19709,drama
19710,drama
19711,documentary
19712,horror
19713,drama
19714,drama
19715,drama
19716,comedy
19717,documentary
19718,documentary
19719,reality-tv
19720,comedy
19721,documentary
19722,documentary
19723,comedy
19724,drama
19725,drama
19726,documentary
19727,drama
19728,drama
19729,drama
19730,documentary
19731,comedy
19732,drama
19733,documentary
19734,documentary
19735,drama
19736,drama
19737,comedy
19738,drama
19739,horror
19740,drama
19741,drama
19742,talk-show
19743,western
19744,drama
19745,drama
19746,drama
19747,short
19748,drama
19749,thriller
19750,drama
19751,comedy
19752,western
19753,drama
19754,drama
19755,comedy
19756,documentary
19757,comedy
19758,drama
19759,drama
19760,drama
19761,documentary
19762,documentary
19763,drama
19764,short
19765,documentary
19766,documentary
19767,drama
19768,drama
19769,drama
19770,sci-fi
19771,drama
19772,documentary
19773,comedy
19774,thriller
19775,drama
19776,drama
19777,drama
19778,drama
19779,drama
19780,comedy
19781,drama
19782,documentary
19783,comedy
19784,documentary
19785,documentary
19786,documentary
19787,drama
19788,drama
19789,documentary
19790,comedy
19791,horror
19792,documentary
19793,drama
19794,drama
19795,drama
19796,drama
19797,documentary
19798,drama
19799,comedy
19800,drama
19801,documentary
19802,documentary
19803,drama
19804,drama
19805,documentary
19806,documentary
19807,comedy
19808,drama
19809,documentary
19810,drama
19811,comedy
19812,drama
19813,western
19814,documentary
19815,documentary
19816,short
19817,documentary
19818,western
19819,documentary
19820,drama
19821,documentary
19822,documentary
19823,documentary
19824,drama
19825,comedy
19826,drama
19827,thriller
19828,comedy
19829,comedy
19830,short
19831,drama
19832,documentary
19833,documentary
19834,thriller
19835,documentary
19836,drama
19837,comedy
19838,documentary
19839,documentary
19840,drama
19841,documentary
19842,comedy
19843,drama
19844,comedy
19845,documentary
19846,drama
19847,drama
19848,thriller
19849,documentary
19850,adventure
19851,talk-show
19852,thriller
19853,western
19854,adventure
19855,drama
19856,western
19857,documentary
19858,horror
19859,short
19860,documentary
19861,drama
19862,drama
19863,documentary
19864,drama
19865,documentary
19866,documentary
19867,drama
19868,documentary
19869,documentary
19870,documentary
19871,short
19872,documentary
19873,documentary
19874,short
19875,drama
19876,documentary
19877,drama
19878,comedy
19879,documentary
19880,documentary
19881,drama
19882,horror
19883,drama
19884,comedy
19885,documentary
19886,drama
19887,thriller
19888,comedy
19889,comedy
19890,drama
19891,documentary
19892,documentary
19893,fantasy
19894,documentary
19895,drama
19896,animation
19897,action
19898,documentary
19899,documentary
19900,horror
19901,documentary
19902,drama
19903,western
19904,drama
19905,drama
19906,comedy
19907,drama
19908,documentary
19909,documentary
19910,documentary
19911,comedy
19912,drama
19913,drama
19914,documentary
19915,drama
19916,comedy
19917,comedy
19918,drama
19919,drama
19920,horror
19921,comedy
19922,drama
19923,short
19924,documentary
19925,short
19926,documentary
19927,action
19928,documentary
19929,comedy
19930,drama
19931,drama
19932,animation
19933,comedy
19934,short
19935,comedy
19936,horror
19937,documentary
19938,drama
19939,drama
19940,drama
19941,documentary
19942,documentary
19943,documentary
19944,documentary
19945,comedy
19946,drama
19947,short
19948,drama
19949,short
19950,horror
19951,thriller
19952,drama
19953,short
19954,horror
19955,documentary
19956,comedy
19957,drama
19958,documentary
19959,drama
19960,documentary
19961,drama
19962,documentary
19963,drama
19964,documentary
19965,drama
19966,documentary
19967,documentary
19968,comedy
19969,drama
19970,short
19971,documentary
19972,drama
19973,documentary
19974,drama
19975,short
19976,drama
19977,comedy
19978,documentary
19979,drama
19980,drama
19981,drama
19982,drama
19983,sci-fi
19984,comedy
19985,drama
19986,documentary
19987,documentary
19988,drama
19989,drama
19990,drama
19991,documentary
19992,sport
19993,comedy
19994,horror
19995,horror
19996,short
19997,documentary
19998,comedy
19999,short
20000,comedy
20001,drama
20002,comedy
20003,documentary
20004,documentary
20005,comedy
20006,documentary
20007,documentary
20008,comedy
20009,short
20010,sci-fi
20011,drama
20012,documentary
20013,short
20014,documentary
20015,documentary
20016,comedy
20017,drama
20018,documentary
20019,drama
20020,documentary
20021,documentary
20022,documentary
20023,documentary
20024,documentary
20025,documentary
20026,comedy
20027,drama
20028,drama
20029,short
20030,documentary
20031,drama
20032,drama
20033,short
20034,documentary
20035,documentary
20036,drama
20037,documentary
20038,drama
20039,documentary
20040,drama
20041,thriller
20042,documentary
20043,drama
20044,documentary
20045,game-show
20046,drama
20047,drama
20048,drama
20049,adult
20050,documentary
20051,documentary
20052,documentary
20053,short
20054,documentary
20055,drama
20056,documentary
20057,drama
20058,comedy
20059,documentary
20060,drama
20061,drama
20062,documentary
20063,comedy
20064,comedy
20065,drama
20066,drama
20067,drama
20068,action
20069,documentary
20070,talk-show
20071,drama
20072,documentary
20073,drama
20074,documentary
20075,drama
20076,drama
20077,documentary
20078,comedy
20079,reality-tv
20080,documentary
20081,documentary
20082,documentary
20083,short
20084,drama
20085,horror
20086,documentary
20087,documentary
20088,horror
20089,drama
20090,documentary
20091,drama
20092,drama
20093,documentary
20094,drama
20095,drama
20096,comedy
20097,documentary
20098,short
20099,western
20100,documentary
20101,documentary
20102,drama
20103,drama
20104,documentary
20105,short
20106,documentary
20107,documentary
20108,mystery
20109,short
20110,thriller
20111,drama
20112,documentary
20113,drama
20114,drama
20115,documentary
20116,drama
20117,western
20118,drama
20119,short
20120,drama
20121,documentary
20122,drama
20123,documentary
20124,comedy
20125,drama
20126,drama
20127,short
20128,drama
20129,documentary
20130,comedy
20131,drama
20132,documentary
20133,horror
20134,action
20135,drama
20136,short
20137,drama
20138,drama
20139,documentary
20140,drama
20141,documentary
20142,documentary
20143,comedy
20144,drama
20145,music
20146,short
20147,documentary
20148,drama
20149,documentary
20150,drama
20151,comedy
20152,sci-fi
20153,drama
20154,horror
20155,documentary
20156,drama
20157,documentary
20158,drama
20159,drama
20160,drama
20161,documentary
20162,drama
20163,documentary
20164,documentary
20165,short
20166,documentary
20167,drama
20168,comedy
20169,documentary
20170,documentary
20171,mystery
20172,drama
20173,documentary
20174,documentary
20175,comedy
20176,documentary
20177,short
20178,drama
20179,documentary
20180,drama
20181,comedy
20182,drama
20183,drama
20184,documentary
20185,drama
20186,comedy
20187,documentary
20188,drama
20189,drama
20190,music
20191,documentary
20192,horror
20193,drama
20194,documentary
20195,horror
20196,horror
20197,documentary
20198,drama
20199,drama
20200,drama
20201,short
20202,horror
20203,documentary
20204,drama
20205,documentary
20206,drama
20207,drama
20208,drama
20209,documentary
20210,documentary
20211,drama
20212,reality-tv
20213,comedy
20214,drama
20215,adventure
20216,drama
20217,comedy
20218,western
20219,documentary
20220,documentary
20221,drama
20222,documentary
20223,short
20224,documentary
20225,comedy
20226,drama
20227,reality-tv
20228,documentary
20229,drama
20230,documentary
20231,horror
20232,drama
20233,drama
20234,comedy
20235,documentary
20236,documentary
20237,drama
20238,horror
20239,comedy
20240,action
20241,drama
20242,drama
20243,documentary
20244,short
20245,comedy
20246,drama
20247,horror
20248,drama
20249,documentary
20250,drama
20251,documentary
20252,drama
20253,documentary
20254,thriller
20255,documentary
20256,documentary
20257,documentary
20258,documentary
20259,documentary
20260,documentary
20261,short
20262,drama
20263,drama
20264,documentary
20265,documentary
20266,horror
20267,documentary
20268,horror
20269,reality-tv
20270,reality-tv
20271,drama
20272,drama
20273,action
20274,short
20275,drama
20276,drama
20277,short
20278,short
20279,comedy
20280,documentary
20281,drama
20282,drama
20283,drama
20284,drama
20285,short
20286,drama
20287,documentary
20288,drama
20289,western
20290,drama
20291,documentary
20292,documentary
20293,drama
20294,comedy
20295,drama
20296,drama
20297,animation
20298,drama
20299,drama
20300,documentary
20301,documentary
20302,adult
20303,comedy
20304,documentary
20305,music
20306,drama
20307,comedy
20308,documentary
20309,comedy
20310,documentary
20311,drama
20312,short
20313,comedy
20314,comedy
20315,drama
20316,documentary
20317,drama
20318,documentary
20319,drama
20320,drama
20321,documentary
20322,documentary
20323,drama
20324,comedy
20325,drama
20326,drama
20327,drama
20328,documentary
20329,drama
20330,drama
20331,drama
20332,comedy
20333,documentary
20334,comedy
20335,drama
20336,drama
20337,documentary
20338,documentary
20339,documentary
20340,music
20341,drama
20342,documentary
20343,fantasy
20344,drama
20345,drama
20346,comedy
20347,drama
20348,documentary
20349,drama
20350,documentary
20351,drama
20352,drama
20353,documentary
20354,short
20355,drama
20356,drama
20357,music
20358,short
20359,drama
20360,comedy
20361,documentary
20362,comedy
20363,drama
20364,horror
20365,documentary
20366,drama
20367,drama
20368,drama
20369,reality-tv
20370,short
20371,drama
20372,western
20373,drama
20374,comedy
20375,short
20376,short
20377,documentary
20378,drama
20379,comedy
20380,drama
20381,drama
20382,drama
20383,documentary
20384,documentary
20385,comedy
20386,drama
20387,drama
20388,documentary
20389,drama
20390,drama
20391,game-show
20392,drama
20393,documentary
20394,comedy
20395,documentary
20396,drama
20397,horror
20398,documentary
20399,drama
20400,drama
20401,short
20402,western
20403,comedy
20404,documentary
20405,documentary
20406,documentary
20407,documentary
20408,drama
20409,reality-tv
20410,documentary
20411,documentary
20412,documentary
20413,reality-tv
20414,documentary
20415,drama
20416,documentary
20417,drama
20418,documentary
20419,documentary
20420,documentary
20421,documentary
20422,comedy
20423,comedy
20424,documentary
20425,drama
20426,documentary
20427,drama
20428,comedy
20429,short
20430,drama
20431,drama
20432,fantasy
20433,reality-tv
20434,documentary
20435,comedy
20436,documentary
20437,documentary
20438,comedy
20439,thriller
20440,drama
20441,comedy
20442,documentary
20443,comedy
20444,documentary
20445,documentary
20446,drama
20447,drama
20448,documentary
20449,comedy
20450,documentary
20451,drama
20452,comedy
20453,drama
20454,thriller
20455,documentary
20456,documentary
20457,comedy
20458,drama
20459,drama
20460,adult
20461,drama
20462,comedy
20463,drama
20464,short
20465,animation
20466,documentary
20467,drama
20468,sci-fi
20469,short
20470,sci-fi
20471,horror
20472,short
20473,drama
20474,short
20475,horror
20476,documentary
20477,drama
20478,documentary
20479,documentary
20480,documentary
20481,drama
20482,documentary
20483,animation
20484,documentary
20485,comedy
20486,drama
20487,drama
20488,documentary
20489,drama
20490,drama
20491,documentary
20492,drama
20493,documentary
20494,drama
20495,horror
20496,documentary
20497,western
20498,short
20499,documentary
20500,drama
20501,family
20502,comedy
20503,horror
20504,documentary
20505,drama
20506,drama
20507,short
20508,drama
20509,drama
20510,drama
20511,drama
20512,documentary
20513,short
20514,documentary
20515,short
20516,documentary
20517,short
20518,drama
20519,drama
20520,comedy
20521,drama
20522,horror
20523,drama
20524,drama
20525,drama
20526,comedy
20527,comedy
20528,documentary
20529,thriller
20530,drama
20531,documentary
20532,documentary
20533,comedy
20534,documentary
20535,drama
20536,comedy
20537,drama
20538,drama
20539,documentary
20540,documentary
20541,comedy
20542,comedy
20543,thriller
20544,documentary
20545,reality-tv
20546,comedy
20547,horror
20548,drama
20549,drama
20550,comedy
20551,drama
20552,comedy
20553,comedy
20554,documentary
20555,documentary
20556,documentary
20557,drama
20558,drama
20559,comedy
20560,documentary
20561,horror
20562,drama
20563,documentary
20564,comedy
20565,documentary
20566,documentary
20567,drama
20568,horror
20569,documentary
20570,drama
20571,documentary
20572,drama
20573,drama
20574,drama
20575,comedy
20576,adventure
20577,documentary
20578,documentary
20579,comedy
20580,comedy
20581,thriller
20582,documentary
20583,comedy
20584,documentary
20585,drama
20586,drama
20587,drama
20588,drama
20589,documentary
20590,comedy
20591,comedy
20592,horror
20593,sport
20594,drama
20595,short
20596,comedy
20597,horror
20598,drama
20599,drama
20600,documentary
20601,documentary
20602,comedy
20603,drama
20604,documentary
20605,animation
20606,short
20607,drama
20608,music
20609,drama
20610,documentary
20611,thriller
20612,documentary
20613,documentary
20614,comedy
20615,documentary
20616,music
20617,drama
20618,drama
20619,drama
20620,documentary
20621,drama
20622,documentary
20623,horror
20624,drama
20625,drama
20626,drama
20627,drama
20628,drama
20629,short
20630,short
20631,drama
20632,short
20633,music
20634,short
20635,drama
20636,documentary
20637,short
20638,comedy
20639,comedy
20640,drama
20641,drama
20642,documentary
20643,drama
20644,music
20645,comedy
20646,drama
20647,drama
20648,drama
20649,documentary
20650,comedy
20651,comedy
20652,comedy
20653,western
20654,horror
20655,comedy
20656,documentary
20657,drama
20658,comedy
20659,drama
20660,drama
20661,reality-tv
20662,animation
20663,horror
20664,documentary
20665,documentary
20666,drama
20667,documentary
20668,comedy
20669,comedy
20670,horror
20671,sci-fi
20672,documentary
20673,music
20674,comedy
20675,documentary
20676,short
20677,music
20678,comedy
20679,documentary
20680,documentary
20681,drama
20682,drama
20683,comedy
20684,drama
20685,documentary
20686,documentary
20687,documentary
20688,short
20689,documentary
20690,documentary
20691,drama
20692,documentary
20693,documentary
20694,documentary
20695,drama
20696,drama
20697,horror
20698,comedy
20699,drama
20700,drama
20701,documentary
20702,drama
20703,documentary
20704,short
20705,horror
20706,drama
20707,drama
20708,short
20709,comedy
20710,documentary
20711,documentary
20712,short
20713,western
20714,action
20715,horror
20716,horror
20717,documentary
20718,documentary
20719,comedy
20720,drama
20721,documentary
20722,drama
20723,drama
20724,documentary
20725,drama
20726,reality-tv
20727,short
20728,drama
20729,reality-tv
20730,drama
20731,drama
20732,drama
20733,short
20734,documentary
20735,documentary
20736,adventure
20737,drama
20738,drama
20739,documentary
20740,short
20741,sport
20742,drama
20743,comedy
20744,comedy
20745,short
20746,drama
20747,comedy
20748,comedy
20749,action
20750,drama
20751,drama
20752,comedy
20753,western
20754,drama
20755,drama
20756,comedy
20757,documentary
20758,drama
20759,drama
20760,documentary
20761,short
20762,drama
20763,drama
20764,drama
20765,documentary
20766,drama
20767,documentary
20768,drama
20769,short
20770,documentary
20771,horror
20772,documentary
20773,comedy
20774,comedy
20775,drama
20776,family
20777,comedy
20778,horror
20779,drama
20780,documentary
20781,drama
20782,documentary
20783,drama
20784,thriller
20785,documentary
20786,drama
20787,documentary
20788,documentary
20789,drama
20790,drama
20791,documentary
20792,horror
20793,documentary
20794,documentary
20795,documentary
20796,comedy
20797,drama
20798,comedy
20799,comedy
20800,short
20801,documentary
20802,drama
20803,comedy
20804,short
20805,documentary
20806,documentary
20807,documentary
20808,documentary
20809,drama
20810,documentary
20811,comedy
20812,documentary
20813,thriller
20814,documentary
20815,comedy
20816,comedy
20817,drama
20818,documentary
20819,documentary
20820,drama
20821,documentary
20822,documentary
20823,drama
20824,horror
20825,documentary
20826,drama
20827,music
20828,music
20829,western
20830,documentary
20831,documentary
20832,documentary
20833,comedy
20834,drama
20835,comedy
20836,drama
20837,reality-tv
20838,documentary
20839,comedy
20840,drama
20841,drama
20842,drama
20843,drama
20844,drama
20845,short
20846,drama
20847,documentary
20848,sci-fi
20849,drama
20850,drama
20851,horror
20852,drama
20853,drama
20854,drama
20855,drama
20856,drama
20857,documentary
20858,drama
20859,action
20860,drama
20861,comedy
20862,game-show
20863,thriller
20864,drama
20865,comedy
20866,documentary
20867,drama
20868,documentary
20869,music
20870,comedy
20871,horror
20872,documentary
20873,drama
20874,drama
20875,documentary
20876,comedy
20877,drama
20878,documentary
20879,comedy
20880,documentary
20881,adventure
20882,drama
20883,reality-tv
20884,animation
20885,documentary
20886,drama
20887,short
20888,horror
20889,documentary
20890,drama
20891,documentary
20892,documentary
20893,documentary
20894,drama
20895,documentary
20896,comedy
20897,reality-tv
20898,documentary
20899,documentary
20900,drama
20901,drama
20902,documentary
20903,documentary
20904,adventure
20905,comedy
20906,drama
20907,documentary
20908,documentary
20909,drama
20910,documentary
20911,comedy
20912,documentary
20913,drama
20914,short
20915,drama
20916,comedy
20917,drama
20918,documentary
20919,drama
20920,drama
20921,comedy
20922,drama
20923,documentary
20924,short
20925,drama
20926,family
20927,comedy
20928,documentary
20929,documentary
20930,comedy
20931,documentary
20932,documentary
20933,comedy
20934,drama
20935,thriller
20936,documentary
20937,documentary
20938,documentary
20939,drama
20940,action
20941,documentary
20942,drama
20943,sport
20944,drama
20945,comedy
20946,documentary
20947,short
20948,documentary
20949,western
20950,documentary
20951,documentary
20952,documentary
20953,documentary
20954,drama
20955,drama
20956,drama
20957,comedy
20958,documentary
20959,documentary
20960,documentary
20961,drama
20962,documentary
20963,crime
20964,drama
20965,comedy
20966,drama
20967,documentary
20968,documentary
20969,documentary
20970,drama
20971,documentary
20972,drama
20973,adventure
20974,documentary
20975,documentary
20976,comedy
20977,documentary
20978,documentary
20979,drama
20980,comedy
20981,documentary
20982,documentary
20983,drama
20984,documentary
20985,horror
20986,action
20987,documentary
20988,documentary
20989,documentary
20990,drama
20991,comedy
20992,drama
20993,documentary
20994,documentary
20995,documentary
20996,documentary
20997,comedy
20998,short
20999,documentary
21000,drama
21001,drama
21002,documentary
21003,documentary
21004,comedy
21005,documentary
21006,documentary
21007,drama
21008,drama
21009,drama
21010,documentary
21011,drama
21012,drama
21013,western
21014,drama
21015,adventure
21016,drama
21017,comedy
21018,drama
21019,drama
21020,comedy
21021,short
21022,documentary
21023,adventure
21024,documentary
21025,comedy
21026,drama
21027,horror
21028,documentary
21029,documentary
21030,thriller
21031,comedy
21032,thriller
21033,documentary
21034,documentary
21035,documentary
21036,documentary
21037,animation
21038,adult
21039,documentary
21040,documentary
21041,drama
21042,drama
21043,drama
21044,drama
21045,adult
21046,horror
21047,documentary
21048,drama
21049,drama
21050,documentary
21051,drama
21052,comedy
21053,documentary
21054,documentary
21055,drama
21056,documentary
21057,drama
21058,documentary
21059,drama
21060,documentary
21061,comedy
21062,action
21063,drama
21064,drama
21065,comedy
21066,sport
21067,animation
21068,drama
21069,drama
21070,drama
21071,documentary
21072,drama
21073,documentary
21074,drama
21075,documentary
21076,thriller
21077,documentary
21078,drama
21079,documentary
21080,drama
21081,horror
21082,action
21083,documentary
21084,drama
21085,comedy
21086,drama
21087,drama
21088,comedy
21089,talk-show
21090,drama
21091,comedy
21092,comedy
21093,action
21094,short
21095,documentary
21096,documentary
21097,documentary
21098,sci-fi
21099,documentary
21100,documentary
21101,horror
21102,drama
21103,drama
21104,comedy
21105,comedy
21106,drama
21107,short
21108,documentary
21109,western
21110,documentary
21111,short
21112,documentary
21113,documentary
21114,family
21115,drama
21116,horror
21117,talk-show
21118,short
21119,talk-show
21120,drama
21121,documentary
21122,drama
21123,drama
21124,documentary
21125,short
21126,comedy
21127,drama
21128,drama
21129,drama
21130,drama
21131,drama
21132,drama
21133,short
21134,drama
21135,documentary
21136,documentary
21137,documentary
21138,drama
21139,drama
21140,documentary
21141,documentary
21142,documentary
21143,documentary
21144,documentary
21145,comedy
21146,horror
21147,documentary
21148,documentary
21149,action
21150,horror
21151,comedy
21152,thriller
21153,horror
21154,comedy
21155,short
21156,documentary
21157,comedy
21158,documentary
21159,comedy
21160,drama
21161,drama
21162,documentary
21163,drama
21164,reality-tv
21165,documentary
21166,drama
21167,drama
21168,drama
21169,drama
21170,drama
21171,drama
21172,documentary
21173,war
21174,comedy
21175,horror
21176,comedy
21177,drama
21178,drama
21179,comedy
21180,drama
21181,drama
21182,documentary
21183,drama
21184,drama
21185,documentary
21186,drama
21187,drama
21188,documentary
21189,horror
21190,drama
21191,documentary
21192,horror
21193,documentary
21194,drama
21195,documentary
21196,documentary
21197,thriller
21198,drama
21199,drama
21200,drama
21201,short
21202,western
21203,drama
21204,documentary
21205,comedy
21206,documentary
21207,drama
21208,drama
21209,drama
21210,drama
21211,documentary
21212,documentary
21213,documentary
21214,drama
21215,drama
21216,documentary
21217,comedy
21218,drama
21219,drama
21220,horror
21221,documentary
21222,documentary
21223,drama
21224,drama
21225,short
21226,drama
21227,comedy
21228,drama
21229,western
21230,drama
21231,drama
21232,documentary
21233,documentary
21234,drama
21235,drama
21236,comedy
21237,drama
21238,documentary
21239,drama
21240,drama
21241,documentary
21242,comedy
21243,drama
21244,drama
21245,documentary
21246,documentary
21247,action
21248,drama
21249,reality-tv
21250,drama
21251,drama
21252,comedy
21253,comedy
21254,documentary
21255,drama
21256,drama
21257,comedy
21258,drama
21259,short
21260,documentary
21261,short
21262,comedy
21263,drama
21264,drama
21265,documentary
21266,drama
21267,short
21268,drama
21269,drama
21270,crime
21271,comedy
21272,drama
21273,drama
21274,drama
21275,horror
21276,comedy
21277,reality-tv
21278,drama
21279,documentary
21280,documentary
21281,drama
21282,comedy
21283,short
21284,comedy
21285,drama
21286,drama
21287,documentary
21288,documentary
21289,sport
21290,short
21291,documentary
21292,drama
21293,drama
21294,documentary
21295,horror
21296,documentary
21297,drama
21298,comedy
21299,documentary
21300,drama
21301,action
21302,short
21303,documentary
21304,documentary
21305,short
21306,documentary
21307,drama
21308,documentary
21309,comedy
21310,documentary
21311,drama
21312,horror
21313,short
21314,reality-tv
21315,drama
21316,documentary
21317,drama
21318,documentary
21319,documentary
21320,short
21321,drama
21322,comedy
21323,drama
21324,comedy
21325,western
21326,documentary
21327,documentary
21328,drama
21329,drama
21330,drama
21331,drama
21332,comedy
21333,documentary
21334,drama
21335,music
21336,drama
21337,drama
21338,documentary
21339,documentary
21340,comedy
21341,documentary
21342,comedy
21343,documentary
21344,western
21345,documentary
21346,music
21347,documentary
21348,short
21349,comedy
21350,documentary
21351,drama
21352,short
21353,drama
21354,documentary
21355,adventure
21356,drama
21357,documentary
21358,horror
21359,documentary
21360,documentary
21361,short
21362,documentary
21363,drama
21364,horror
21365,documentary
21366,western
21367,documentary
21368,drama
21369,comedy
21370,documentary
21371,drama
21372,thriller
21373,comedy
21374,drama
21375,drama
21376,drama
21377,thriller
21378,documentary
21379,comedy
21380,documentary
21381,drama
21382,comedy
21383,documentary
21384,comedy
21385,comedy
21386,drama
21387,documentary
21388,western
21389,talk-show
21390,documentary
21391,drama
21392,drama
21393,documentary
21394,drama
21395,documentary
21396,drama
21397,documentary
21398,comedy
21399,comedy
21400,music
21401,western
21402,documentary
21403,documentary
21404,comedy
21405,drama
21406,comedy
21407,comedy
21408,documentary
21409,documentary
21410,comedy
21411,documentary
21412,drama
21413,drama
21414,documentary
21415,western
21416,drama
21417,drama
21418,sci-fi
21419,comedy
21420,documentary
21421,comedy
21422,comedy
21423,short
21424,documentary
21425,documentary
21426,drama
21427,drama
21428,drama
21429,reality-tv
21430,documentary
21431,drama
21432,documentary
21433,documentary
21434,drama
21435,drama
21436,documentary
21437,documentary
21438,documentary
21439,documentary
21440,family
21441,music
21442,comedy
21443,horror
21444,documentary
21445,horror
21446,horror
21447,short
21448,western
21449,documentary
21450,drama
21451,drama
21452,horror
21453,drama
21454,western
21455,family
21456,sci-fi
21457,comedy
21458,comedy
21459,documentary
21460,documentary
21461,documentary
21462,drama
21463,documentary
21464,drama
21465,comedy
21466,drama
21467,short
21468,short
21469,documentary
21470,documentary
21471,sci-fi
21472,documentary
21473,drama
21474,drama
21475,western
21476,documentary
21477,documentary
21478,drama
21479,adult
21480,action
21481,documentary
21482,short
21483,drama
21484,comedy
21485,documentary
21486,drama
21487,music
21488,romance
21489,drama
21490,documentary
21491,drama
21492,documentary
21493,short
21494,action
21495,documentary
21496,action
21497,drama
21498,comedy
21499,comedy
21500,documentary
21501,drama
21502,thriller
21503,drama
21504,drama
21505,drama
21506,sci-fi
21507,drama
21508,short
21509,drama
21510,drama
21511,documentary
21512,drama
21513,documentary
21514,drama
21515,drama
21516,documentary
21517,drama
21518,comedy
21519,comedy
21520,documentary
21521,drama
21522,documentary
21523,documentary
21524,documentary
21525,adventure
21526,western
21527,adult
21528,documentary
21529,drama
21530,thriller
21531,drama
21532,comedy
21533,sci-fi
21534,drama
21535,adult
21536,short
21537,documentary
21538,documentary
21539,documentary
21540,western
21541,drama
21542,drama
21543,documentary
21544,short
21545,drama
21546,short
21547,comedy
21548,comedy
21549,adult
21550,family
21551,horror
21552,documentary
21553,music
21554,drama
21555,comedy
21556,thriller
21557,documentary
21558,game-show
21559,documentary
21560,comedy
21561,comedy
21562,documentary
21563,documentary
21564,action
21565,comedy
21566,documentary
21567,documentary
21568,drama
21569,documentary
21570,documentary
21571,documentary
21572,comedy
21573,comedy
21574,drama
21575,documentary
21576,music
21577,game-show
21578,comedy
21579,reality-tv
21580,short
21581,documentary
21582,documentary
21583,drama
21584,comedy
21585,action
21586,western
21587,adventure
21588,drama
21589,documentary
21590,short
21591,drama
21592,documentary
21593,drama
21594,drama
21595,drama
21596,drama
21597,comedy
21598,documentary
21599,drama
21600,drama
21601,documentary
21602,documentary
21603,drama
21604,short
21605,documentary
21606,documentary
21607,drama
21608,comedy
21609,reality-tv
21610,documentary
21611,documentary
21612,drama
21613,documentary
21614,action
21615,documentary
21616,drama
21617,drama
21618,drama
21619,drama
21620,short
21621,comedy
21622,comedy
21623,documentary
21624,drama
21625,documentary
21626,animation
21627,comedy
21628,western
21629,documentary
21630,comedy
21631,comedy
21632,drama
21633,short
21634,drama
21635,documentary
21636,drama
21637,comedy
21638,romance
21639,drama
21640,drama
21641,drama
21642,comedy
21643,short
21644,music
21645,comedy
21646,drama
21647,drama
21648,drama
21649,adventure
21650,drama
21651,drama
21652,comedy
21653,documentary
21654,drama
21655,documentary
21656,drama
21657,drama
21658,comedy
21659,drama
21660,documentary
21661,comedy
21662,drama
21663,documentary
21664,horror
21665,documentary
21666,drama
21667,reality-tv
21668,music
21669,comedy
21670,comedy
21671,western
21672,drama
21673,documentary
21674,comedy
21675,drama
21676,drama
21677,drama
21678,western
21679,documentary
21680,documentary
21681,drama
21682,drama
21683,drama
21684,horror
21685,comedy
21686,drama
21687,drama
21688,comedy
21689,comedy
21690,drama
21691,thriller
21692,comedy
21693,documentary
21694,drama
21695,documentary
21696,comedy
21697,drama
21698,documentary
21699,horror
21700,comedy
21701,documentary
21702,documentary
21703,documentary
21704,drama
21705,short
21706,comedy
21707,drama
21708,short
21709,comedy
21710,documentary
21711,western
21712,drama
21713,drama
21714,thriller
21715,drama
21716,drama
21717,horror
21718,drama
21719,documentary
21720,documentary
21721,drama
21722,drama
21723,documentary
21724,documentary
21725,drama
21726,western
21727,short
21728,drama
21729,western
21730,comedy
21731,comedy
21732,documentary
21733,comedy
21734,drama
21735,comedy
21736,comedy
21737,documentary
21738,documentary
21739,western
21740,documentary
21741,family
21742,comedy
21743,drama
21744,western
21745,comedy
21746,documentary
21747,drama
21748,drama
21749,drama
21750,drama
21751,documentary
21752,sport
21753,adventure
21754,documentary
21755,documentary
21756,documentary
21757,comedy
21758,documentary
21759,drama
21760,comedy
21761,drama
21762,comedy
21763,short
21764,documentary
21765,short
21766,drama
21767,drama
21768,comedy
21769,reality-tv
21770,drama
21771,documentary
21772,drama
21773,drama
21774,drama
21775,documentary
21776,comedy
21777,drama
21778,short
21779,short
21780,documentary
21781,drama
21782,drama
21783,drama
21784,drama
21785,drama
21786,drama
21787,drama
21788,western
21789,comedy
21790,documentary
21791,drama
21792,drama
21793,documentary
21794,horror
21795,action
21796,documentary
21797,documentary
21798,comedy
21799,documentary
21800,documentary
21801,drama
21802,comedy
21803,short
21804,drama
21805,drama
21806,comedy
21807,documentary
21808,documentary
21809,comedy
21810,horror
21811,drama
21812,documentary
21813,documentary
21814,documentary
21815,drama
21816,drama
21817,short
21818,documentary
21819,documentary
21820,thriller
21821,drama
21822,drama
21823,drama
21824,action
21825,drama
21826,western
21827,drama
21828,thriller
21829,comedy
21830,comedy
21831,drama
21832,documentary
21833,sci-fi
21834,comedy
21835,comedy
21836,short
21837,drama
21838,drama
21839,documentary
21840,music
21841,documentary
21842,comedy
21843,comedy
21844,comedy
21845,comedy
21846,documentary
21847,documentary
21848,comedy
21849,drama
21850,documentary
21851,short
21852,drama
21853,documentary
21854,drama
21855,comedy
21856,drama
21857,drama
21858,documentary
21859,documentary
21860,documentary
21861,drama
21862,drama
21863,documentary
21864,adventure
21865,documentary
21866,comedy
21867,short
21868,documentary
21869,documentary
21870,action
21871,drama
21872,western
21873,drama
21874,documentary
21875,documentary
21876,drama
21877,documentary
21878,documentary
21879,drama
21880,drama
21881,drama
21882,drama
21883,talk-show
21884,music
21885,documentary
21886,comedy
21887,drama
21888,short
21889,reality-tv
21890,short
21891,drama
21892,drama
21893,short
21894,drama
21895,horror
21896,comedy
21897,drama
21898,documentary
21899,comedy
21900,western
21901,comedy
21902,short
21903,documentary
21904,drama
21905,documentary
21906,music
21907,comedy
21908,documentary
21909,drama
21910,action
21911,drama
21912,documentary
21913,comedy
21914,crime
21915,comedy
21916,documentary
21917,drama
21918,comedy
21919,music
21920,drama
21921,documentary
21922,comedy
21923,drama
21924,drama
21925,comedy
21926,drama
21927,comedy
21928,drama
21929,thriller
21930,documentary
21931,adventure
21932,western
21933,western
21934,documentary
21935,adult
21936,horror
21937,drama
21938,drama
21939,drama
21940,comedy
21941,horror
21942,drama
21943,thriller
21944,comedy
21945,sci-fi
21946,horror
21947,drama
21948,documentary
21949,drama
21950,thriller
21951,documentary
21952,documentary
21953,drama
21954,documentary
21955,documentary
21956,documentary
21957,drama
21958,documentary
21959,thriller
21960,comedy
21961,western
21962,action
21963,drama
21964,drama
21965,documentary
21966,drama
21967,short
21968,drama
21969,documentary
21970,drama
21971,comedy
21972,documentary
21973,drama
21974,talk-show
21975,documentary
21976,documentary
21977,comedy
21978,short
21979,documentary
21980,documentary
21981,short
21982,sci-fi
21983,drama
21984,music
21985,documentary
21986,drama
21987,thriller
21988,drama
21989,drama
21990,comedy
21991,drama
21992,short
21993,drama
21994,drama
21995,drama
21996,drama
21997,documentary
21998,documentary
21999,comedy
22000,comedy
22001,drama
22002,comedy
22003,adult
22004,western
22005,drama
22006,drama
22007,drama
22008,drama
22009,drama
22010,documentary
22011,drama
22012,comedy
22013,comedy
22014,documentary
22015,drama
22016,short
22017,drama
22018,drama
22019,drama
22020,documentary
22021,documentary
22022,documentary
22023,comedy
22024,documentary
22025,drama
22026,drama
22027,drama
22028,drama
22029,drama
22030,drama
22031,drama
22032,comedy
22033,documentary
22034,documentary
22035,drama
22036,documentary
22037,documentary
22038,documentary
22039,comedy
22040,comedy
22041,family
22042,thriller
22043,comedy
22044,documentary
22045,adventure
22046,drama
22047,drama
22048,documentary
22049,drama
22050,comedy
22051,documentary
22052,drama
22053,comedy
22054,documentary
22055,comedy
22056,documentary
22057,documentary
22058,documentary
22059,documentary
22060,documentary
22061,comedy
22062,documentary
22063,comedy
22064,documentary
22065,comedy
22066,short
22067,comedy
22068,drama
22069,documentary
22070,drama
22071,documentary
22072,documentary
22073,short
22074,horror
22075,drama
22076,comedy
22077,horror
22078,western
22079,drama
22080,documentary
22081,drama
22082,documentary
22083,animation
22084,documentary
22085,documentary
22086,drama
22087,drama
22088,comedy
22089,drama
22090,drama
22091,documentary
22092,comedy
22093,drama
22094,documentary
22095,short
22096,drama
22097,horror
22098,documentary
22099,documentary
22100,horror
22101,adult
22102,comedy
22103,drama
22104,drama
22105,drama
22106,music
22107,documentary
22108,documentary
22109,drama
22110,short
22111,drama
22112,short
22113,comedy
22114,drama
22115,documentary
22116,documentary
22117,comedy
22118,thriller
22119,comedy
22120,drama
22121,drama
22122,comedy
22123,comedy
22124,comedy
22125,documentary
22126,comedy
22127,drama
22128,drama
22129,short
22130,horror
22131,documentary
22132,short
22133,documentary
22134,drama
22135,comedy
22136,comedy
22137,drama
22138,documentary
22139,horror
22140,documentary
22141,documentary
22142,drama
22143,documentary
22144,comedy
22145,comedy
22146,documentary
22147,drama
22148,comedy
22149,documentary
22150,documentary
22151,drama
22152,adult
22153,short
22154,adventure
22155,drama
22156,comedy
22157,comedy
22158,documentary
22159,drama
22160,drama
22161,drama
22162,documentary
22163,drama
22164,horror
22165,comedy
22166,documentary
22167,documentary
22168,horror
22169,drama
22170,documentary
22171,documentary
22172,documentary
22173,documentary
22174,comedy
22175,drama
22176,drama
22177,drama
22178,documentary
22179,drama
22180,documentary
22181,drama
22182,short
22183,western
22184,drama
22185,fantasy
22186,sport
22187,drama
22188,drama
22189,war
22190,comedy
22191,comedy
22192,drama
22193,drama
22194,comedy
22195,thriller
22196,comedy
22197,short
22198,documentary
22199,comedy
22200,horror
22201,comedy
22202,drama
22203,drama
22204,drama
22205,documentary
22206,game-show
22207,documentary
22208,documentary
22209,comedy
22210,comedy
22211,western
22212,drama
22213,documentary
22214,documentary
22215,documentary
22216,comedy
22217,documentary
22218,comedy
22219,comedy
22220,drama
22221,thriller
22222,action
22223,drama
22224,western
22225,horror
22226,drama
22227,documentary
22228,short
22229,documentary
22230,comedy
22231,documentary
22232,documentary
22233,drama
22234,short
22235,drama
22236,short
22237,drama
22238,drama
22239,drama
22240,documentary
22241,documentary
22242,documentary
22243,drama
22244,horror
22245,reality-tv
22246,documentary
22247,documentary
22248,short
22249,drama
22250,drama
22251,drama
22252,drama
22253,comedy
22254,documentary
22255,comedy
22256,documentary
22257,comedy
22258,comedy
22259,comedy
22260,documentary
22261,drama
22262,documentary
22263,documentary
22264,documentary
22265,documentary
22266,documentary
22267,documentary
22268,comedy
22269,drama
22270,drama
22271,documentary
22272,drama
22273,documentary
22274,documentary
22275,documentary
22276,drama
22277,documentary
22278,action
22279,drama
22280,reality-tv
22281,comedy
22282,adventure
22283,documentary
22284,drama
22285,drama
22286,documentary
22287,documentary
22288,documentary
22289,drama
22290,documentary
22291,drama
22292,documentary
22293,drama
22294,horror
22295,drama
22296,documentary
22297,documentary
22298,comedy
22299,drama
22300,comedy
22301,western
22302,documentary
22303,drama
22304,drama
22305,drama
22306,music
22307,drama
22308,horror
22309,documentary
22310,comedy
22311,drama
22312,drama
22313,action
22314,documentary
22315,documentary
22316,documentary
22317,documentary
22318,comedy
22319,comedy
22320,documentary
22321,comedy
22322,documentary
22323,documentary
22324,comedy
22325,documentary
22326,drama
22327,drama
22328,short
22329,horror
22330,drama
22331,comedy
22332,comedy
22333,documentary
22334,documentary
22335,drama
22336,sci-fi
22337,drama
22338,comedy
22339,drama
22340,horror
22341,fantasy
22342,documentary
22343,drama
22344,sci-fi
22345,comedy
22346,documentary
22347,drama
22348,drama
22349,drama
22350,comedy
22351,comedy
22352,horror
22353,documentary
22354,short
22355,thriller
22356,documentary
22357,drama
22358,drama
22359,comedy
22360,documentary
22361,comedy
22362,comedy
22363,documentary
22364,drama
22365,drama
22366,drama
22367,documentary
22368,drama
22369,comedy
22370,short
22371,comedy
22372,horror
22373,documentary
22374,documentary
22375,drama
22376,comedy
22377,documentary
22378,short
22379,drama
22380,drama
22381,drama
22382,action
22383,drama
22384,documentary
22385,documentary
22386,comedy
22387,comedy
22388,comedy
22389,documentary
22390,drama
22391,documentary
22392,reality-tv
22393,drama
22394,comedy
22395,comedy
22396,comedy
22397,drama
22398,drama
22399,drama
22400,horror
22401,horror
22402,drama
22403,comedy
22404,documentary
22405,comedy
22406,comedy
22407,drama
22408,drama
22409,comedy
22410,documentary
22411,drama
22412,documentary
22413,documentary
22414,documentary
22415,drama
22416,drama
22417,drama
22418,horror
22419,documentary
22420,comedy
22421,comedy
22422,drama
22423,comedy
22424,documentary
22425,documentary
22426,documentary
22427,drama
22428,documentary
22429,documentary
22430,documentary
22431,documentary
22432,documentary
22433,comedy
22434,drama
22435,horror
22436,drama
22437,documentary
22438,documentary
22439,short
22440,short
22441,documentary
22442,drama
22443,short
22444,action
22445,comedy
22446,horror
22447,documentary
22448,documentary
22449,horror
22450,documentary
22451,drama
22452,horror
22453,drama
22454,documentary
22455,documentary
22456,documentary
22457,documentary
22458,news
22459,thriller
22460,drama
22461,comedy
22462,comedy
22463,comedy
22464,drama
22465,documentary
22466,short
22467,family
22468,comedy
22469,documentary
22470,drama
22471,drama
22472,documentary
22473,short
22474,drama
22475,documentary
22476,documentary
22477,drama
22478,short
22479,short
22480,drama
22481,short
22482,adventure
22483,documentary
22484,drama
22485,documentary
22486,drama
22487,documentary
22488,documentary
22489,documentary
22490,documentary
22491,horror
22492,drama
22493,drama
22494,drama
22495,drama
22496,documentary
22497,documentary
22498,horror
22499,drama
22500,documentary
22501,comedy
22502,documentary
22503,drama
22504,comedy
22505,western
22506,comedy
22507,drama
22508,family
22509,documentary
22510,documentary
22511,short
22512,game-show
22513,drama
22514,documentary
22515,short
22516,drama
22517,documentary
22518,drama
22519,documentary
22520,documentary
22521,drama
22522,documentary
22523,drama
22524,documentary
22525,comedy
22526,comedy
22527,horror
22528,drama
22529,documentary
22530,documentary
22531,documentary
22532,comedy
22533,short
22534,horror
22535,comedy
22536,comedy
22537,comedy
22538,documentary
22539,drama
22540,documentary
22541,documentary
22542,short
22543,drama
22544,short
22545,documentary
22546,drama
22547,documentary
22548,horror
22549,comedy
22550,comedy
22551,documentary
22552,documentary
22553,documentary
22554,drama
22555,documentary
22556,documentary
22557,drama
22558,action
22559,drama
22560,comedy
22561,drama
22562,drama
22563,family
22564,documentary
22565,comedy
22566,thriller
22567,drama
22568,drama
22569,drama
22570,sci-fi
22571,documentary
22572,horror
22573,comedy
22574,comedy
22575,drama
22576,drama
22577,drama
22578,short
22579,documentary
22580,sci-fi
22581,documentary
22582,drama
22583,comedy
22584,documentary
22585,documentary
22586,comedy
22587,documentary
22588,short
22589,documentary
22590,documentary
22591,drama
22592,sci-fi
22593,comedy
22594,documentary
22595,drama
22596,reality-tv
22597,documentary
22598,drama
22599,documentary
22600,drama
22601,documentary
22602,documentary
22603,drama
22604,drama
22605,documentary
22606,drama
22607,reality-tv
22608,drama
22609,documentary
22610,drama
22611,comedy
22612,drama
22613,action
22614,documentary
22615,comedy
22616,documentary
22617,comedy
22618,short
22619,horror
22620,documentary
22621,comedy
22622,drama
22623,short
22624,drama
22625,documentary
22626,drama
22627,documentary
22628,comedy
22629,comedy
22630,drama
22631,music
22632,drama
22633,drama
22634,horror
22635,drama
22636,drama
22637,drama
22638,drama
22639,thriller
22640,documentary
22641,comedy
22642,drama
22643,documentary
22644,documentary
22645,drama
22646,drama
22647,drama
22648,documentary
22649,drama
22650,horror
22651,war
22652,drama
22653,drama
22654,comedy
22655,short
22656,drama
22657,drama
22658,short
22659,drama
22660,documentary
22661,comedy
22662,short
22663,comedy
22664,adventure
22665,documentary
22666,comedy
22667,documentary
22668,short
22669,drama
22670,documentary
22671,thriller
22672,documentary
22673,short
22674,documentary
22675,action
22676,short
22677,western
22678,drama
22679,action
22680,documentary
22681,short
22682,comedy
22683,comedy
22684,short
22685,documentary
22686,drama
22687,documentary
22688,drama
22689,drama
22690,drama
22691,comedy
22692,documentary
22693,documentary
22694,documentary
22695,documentary
22696,comedy
22697,news
22698,drama
22699,drama
22700,documentary
22701,sci-fi
22702,adult
22703,horror
22704,drama
22705,drama
22706,short
22707,drama
22708,documentary
22709,drama
22710,documentary
22711,documentary
22712,documentary
22713,drama
22714,comedy
22715,documentary
22716,documentary
22717,short
22718,music
22719,drama
22720,documentary
22721,short
22722,comedy
22723,documentary
22724,documentary
22725,documentary
22726,music
22727,documentary
22728,drama
22729,documentary
22730,documentary
22731,documentary
22732,drama
22733,documentary
22734,documentary
22735,drama
22736,documentary
22737,thriller
22738,reality-tv
22739,music
22740,documentary
22741,documentary
22742,western
22743,comedy
22744,drama
22745,documentary
22746,documentary
22747,comedy
22748,drama
22749,comedy
22750,drama
22751,drama
22752,short
22753,horror
22754,sci-fi
22755,drama
22756,documentary
22757,drama
22758,western
22759,drama
22760,short
22761,drama
22762,drama
22763,drama
22764,documentary
22765,drama
22766,documentary
22767,drama
22768,sci-fi
22769,comedy
22770,drama
22771,documentary
22772,drama
22773,documentary
22774,drama
22775,documentary
22776,thriller
22777,drama
22778,action
22779,documentary
22780,sci-fi
22781,comedy
22782,comedy
22783,drama
22784,short
22785,documentary
22786,documentary
22787,comedy
22788,documentary
22789,drama
22790,drama
22791,documentary
22792,documentary
22793,drama
22794,comedy
22795,drama
22796,documentary
22797,drama
22798,comedy
22799,documentary
22800,sport
22801,documentary
22802,action
22803,comedy
22804,drama
22805,adult
22806,documentary
22807,western
22808,drama
22809,documentary
22810,drama
22811,documentary
22812,drama
22813,drama
22814,action
22815,documentary
22816,drama
22817,comedy
22818,drama
22819,short
22820,comedy
22821,western
22822,documentary
22823,short
22824,drama
22825,comedy
22826,short
22827,drama
22828,horror
22829,drama
22830,drama
22831,drama
22832,comedy
22833,comedy
22834,drama
22835,drama
22836,documentary
22837,documentary
22838,documentary
22839,documentary
22840,drama
22841,comedy
22842,documentary
22843,drama
22844,short
22845,comedy
22846,short
22847,drama
22848,documentary
22849,drama
22850,short
22851,drama
22852,short
22853,documentary
22854,drama
22855,drama
22856,comedy
22857,thriller
22858,music
22859,action
22860,drama
22861,documentary
22862,documentary
22863,drama
22864,short
22865,drama
22866,comedy
22867,drama
22868,adventure
22869,documentary
22870,documentary
22871,short
22872,comedy
22873,drama
22874,short
22875,documentary
22876,drama
22877,family
22878,sci-fi
22879,action
22880,drama
22881,documentary
22882,documentary
22883,drama
22884,drama
22885,horror
22886,drama
22887,drama
22888,drama
22889,documentary
22890,music
22891,comedy
22892,documentary
22893,short
22894,comedy
22895,drama
22896,drama
22897,music
22898,drama
22899,comedy
22900,documentary
22901,short
22902,comedy
22903,comedy
22904,adult
22905,documentary
22906,horror
22907,drama
22908,documentary
22909,drama
22910,comedy
22911,drama
22912,comedy
22913,drama
22914,documentary
22915,comedy
22916,documentary
22917,comedy
22918,documentary
22919,drama
22920,documentary
22921,comedy
22922,drama
22923,documentary
22924,comedy
22925,thriller
22926,comedy
22927,documentary
22928,drama
22929,documentary
22930,documentary
22931,drama
22932,music
22933,horror
22934,family
22935,short
22936,reality-tv
22937,drama
22938,documentary
22939,family
22940,horror
22941,action
22942,drama
22943,drama
22944,drama
22945,documentary
22946,drama
22947,adventure
22948,drama
22949,documentary
22950,documentary
22951,comedy
22952,drama
22953,documentary
22954,drama
22955,drama
22956,crime
22957,documentary
22958,drama
22959,drama
22960,drama
22961,short
22962,action
22963,short
22964,drama
22965,drama
22966,drama
22967,documentary
22968,drama
22969,drama
22970,comedy
22971,music
22972,comedy
22973,comedy
22974,documentary
22975,drama
22976,drama
22977,documentary
22978,drama
22979,short
22980,horror
22981,action
22982,drama
22983,action
22984,comedy
22985,drama
22986,short
22987,documentary
22988,comedy
22989,game-show
22990,documentary
22991,short
22992,comedy
22993,documentary
22994,documentary
22995,drama
22996,drama
22997,drama
22998,documentary
22999,comedy
23000,comedy
23001,drama
23002,documentary
23003,drama
23004,comedy
23005,drama
23006,comedy
23007,reality-tv
23008,documentary
23009,horror
23010,documentary
23011,documentary
23012,short
23013,documentary
23014,drama
23015,comedy
23016,drama
23017,drama
23018,documentary
23019,comedy
23020,drama
23021,documentary
23022,comedy
23023,documentary
23024,short
23025,documentary
23026,documentary
23027,drama
23028,drama
23029,drama
23030,documentary
23031,drama
23032,horror
23033,adult
23034,short
23035,drama
23036,comedy
23037,drama
23038,documentary
23039,music
23040,comedy
23041,comedy
23042,drama
23043,drama
23044,drama
23045,drama
23046,music
23047,documentary
23048,documentary
23049,short
23050,horror
23051,drama
23052,documentary
23053,comedy
23054,animation
23055,documentary
23056,documentary
23057,drama
23058,drama
23059,documentary
23060,drama
23061,drama
23062,drama
23063,drama
23064,comedy
23065,short
23066,documentary
23067,documentary
23068,drama
23069,short
23070,comedy
23071,comedy
23072,documentary
23073,drama
23074,drama
23075,comedy
23076,drama
23077,documentary
23078,drama
23079,drama
23080,game-show
23081,comedy
23082,short
23083,drama
23084,documentary
23085,western
23086,drama
23087,documentary
23088,thriller
23089,drama
23090,drama
23091,documentary
23092,drama
23093,drama
23094,comedy
23095,drama
23096,drama
23097,documentary
23098,comedy
23099,documentary
23100,documentary
23101,documentary
23102,drama
23103,drama
23104,western
23105,short
23106,short
23107,comedy
23108,documentary
23109,drama
23110,drama
23111,drama
23112,drama
23113,comedy
23114,drama
23115,documentary
23116,comedy
23117,drama
23118,documentary
23119,documentary
23120,music
23121,thriller
23122,comedy
23123,short
23124,documentary
23125,comedy
23126,drama
23127,documentary
23128,documentary
23129,drama
23130,drama
23131,drama
23132,adult
23133,documentary
23134,drama
23135,comedy
23136,drama
23137,documentary
23138,drama
23139,drama
23140,drama
23141,drama
23142,comedy
23143,comedy
23144,short
23145,thriller
23146,drama
23147,drama
23148,documentary
23149,drama
23150,documentary
23151,comedy
23152,fantasy
23153,drama
23154,drama
23155,documentary
23156,short
23157,short
23158,documentary
23159,drama
23160,documentary
23161,drama
23162,comedy
23163,horror
23164,horror
23165,documentary
23166,documentary
23167,drama
23168,comedy
23169,drama
23170,drama
23171,documentary
23172,comedy
23173,drama
23174,documentary
23175,comedy
23176,documentary
23177,drama
23178,documentary
23179,music
23180,romance
23181,drama
23182,documentary
23183,drama
23184,short
23185,family
23186,short
23187,short
23188,documentary
23189,short
23190,drama
23191,short
23192,drama
23193,documentary
23194,documentary
23195,drama
23196,thriller
23197,comedy
23198,documentary
23199,drama
23200,comedy
23201,documentary
23202,drama
23203,drama
23204,documentary
23205,comedy
23206,drama
23207,comedy
23208,short
23209,comedy
23210,documentary
23211,documentary
23212,drama
23213,drama
23214,short
23215,drama
23216,horror
23217,action
23218,documentary
23219,comedy
23220,documentary
23221,comedy
23222,documentary
23223,documentary
23224,documentary
23225,documentary
23226,documentary
23227,horror
23228,short
23229,comedy
23230,drama
23231,comedy
23232,documentary
23233,documentary
23234,documentary
23235,drama
23236,drama
23237,documentary
23238,documentary
23239,drama
23240,comedy
23241,drama
23242,action
23243,horror
23244,documentary
23245,documentary
23246,documentary
23247,documentary
23248,drama
23249,drama
23250,comedy
23251,drama
23252,short
23253,documentary
23254,adventure
23255,documentary
23256,drama
23257,documentary
23258,drama
23259,drama
23260,documentary
23261,documentary
23262,short
23263,drama
23264,drama
23265,comedy
23266,short
23267,documentary
23268,drama
23269,comedy
23270,documentary
23271,horror
23272,documentary
23273,documentary
23274,documentary
23275,action
23276,action
23277,drama
23278,drama
23279,comedy
23280,documentary
23281,drama
23282,drama
23283,thriller
23284,documentary
23285,drama
23286,drama
23287,documentary
23288,drama
23289,drama
23290,drama
23291,documentary
23292,drama
23293,short
23294,sci-fi
23295,drama
23296,comedy
23297,drama
23298,comedy
23299,documentary
23300,comedy
23301,comedy
23302,horror
23303,comedy
23304,drama
23305,documentary
23306,drama
23307,comedy
23308,documentary
23309,documentary
23310,documentary
23311,short
23312,thriller
23313,documentary
23314,comedy
23315,documentary
23316,drama
23317,documentary
23318,documentary
23319,comedy
23320,drama
23321,western
23322,drama
23323,comedy
23324,comedy
23325,drama
23326,documentary
23327,comedy
23328,documentary
23329,short
23330,drama
23331,drama
23332,documentary
23333,drama
23334,documentary
23335,documentary
23336,comedy
23337,drama
23338,comedy
23339,documentary
23340,documentary
23341,action
23342,action
23343,documentary
23344,drama
23345,short
23346,documentary
23347,documentary
23348,drama
23349,comedy
23350,horror
23351,adult
23352,comedy
23353,drama
23354,comedy
23355,comedy
23356,documentary
23357,horror
23358,comedy
23359,short
23360,documentary
23361,documentary
23362,adventure
23363,western
23364,drama
23365,action
23366,documentary
23367,documentary
23368,drama
23369,documentary
23370,drama
23371,drama
23372,documentary
23373,horror
23374,drama
23375,documentary
23376,sport
23377,documentary
23378,comedy
23379,documentary
23380,comedy
23381,comedy
23382,drama
23383,short
23384,drama
23385,short
23386,music
23387,drama
23388,documentary
23389,comedy
23390,comedy
23391,western
23392,game-show
23393,drama
23394,drama
23395,drama
23396,sport
23397,documentary
23398,drama
23399,drama
23400,drama
23401,comedy
23402,documentary
23403,documentary
23404,documentary
23405,documentary
23406,comedy
23407,sport
23408,documentary
23409,documentary
23410,documentary
23411,short
23412,drama
23413,comedy
23414,drama
23415,documentary
23416,drama
23417,documentary
23418,documentary
23419,documentary
23420,drama
23421,action
23422,action
23423,documentary
23424,drama
23425,drama
23426,adventure
23427,drama
23428,drama
23429,short
23430,drama
23431,short
23432,comedy
23433,documentary
23434,documentary
23435,documentary
23436,music
23437,comedy
23438,documentary
23439,drama
23440,drama
23441,comedy
23442,western
23443,short
23444,horror
23445,documentary
23446,comedy
23447,documentary
23448,comedy
23449,documentary
23450,drama
23451,family
23452,comedy
23453,drama
23454,horror
23455,drama
23456,short
23457,documentary
23458,short
23459,comedy
23460,comedy
23461,drama
23462,comedy
23463,drama
23464,drama
23465,drama
23466,western
23467,drama
23468,drama
23469,drama
23470,western
23471,comedy
23472,fantasy
23473,drama
23474,documentary
23475,drama
23476,drama
23477,drama
23478,documentary
23479,comedy
23480,drama
23481,documentary
23482,documentary
23483,drama
23484,horror
23485,comedy
23486,drama
23487,drama
23488,comedy
23489,drama
23490,documentary
23491,documentary
23492,drama
23493,documentary
23494,drama
23495,short
23496,short
23497,western
23498,drama
23499,documentary
23500,drama
23501,drama
23502,drama
23503,drama
23504,documentary
23505,documentary
23506,documentary
23507,comedy
23508,short
23509,drama
23510,comedy
23511,drama
23512,drama
23513,documentary
23514,drama
23515,short
23516,drama
23517,drama
23518,drama
23519,documentary
23520,drama
23521,documentary
23522,documentary
23523,drama
23524,drama
23525,drama
23526,drama
23527,comedy
23528,sport
23529,horror
23530,documentary
23531,music
23532,documentary
23533,documentary
23534,drama
23535,comedy
23536,drama
23537,horror
23538,short
23539,drama
23540,documentary
23541,horror
23542,drama
23543,family
23544,drama
23545,drama
23546,documentary
23547,war
23548,comedy
23549,comedy
23550,horror
23551,comedy
23552,comedy
23553,comedy
23554,drama
23555,documentary
23556,action
23557,action
23558,comedy
23559,comedy
23560,drama
23561,drama
23562,documentary
23563,comedy
23564,drama
23565,short
23566,documentary
23567,drama
23568,documentary
23569,drama
23570,drama
23571,comedy
23572,adult
23573,drama
23574,comedy
23575,musical
23576,comedy
23577,animation
23578,drama
23579,drama
23580,drama
23581,documentary
23582,comedy
23583,documentary
23584,thriller
23585,documentary
23586,documentary
23587,drama
23588,documentary
23589,documentary
23590,short
23591,short
23592,horror
23593,horror
23594,short
23595,drama
23596,documentary
23597,comedy
23598,drama
23599,documentary
23600,drama
23601,drama
23602,documentary
23603,documentary
23604,comedy
23605,drama
23606,action
23607,documentary
23608,short
23609,documentary
23610,adventure
23611,drama
23612,documentary
23613,horror
23614,documentary
23615,drama
23616,horror
23617,documentary
23618,drama
23619,comedy
23620,drama
23621,short
23622,documentary
23623,short
23624,drama
23625,short
23626,music
23627,drama
23628,western
23629,drama
23630,documentary
23631,drama
23632,drama
23633,comedy
23634,drama
23635,drama
23636,drama
23637,documentary
23638,documentary
23639,horror
23640,drama
23641,drama
23642,drama
23643,drama
23644,drama
23645,documentary
23646,action
23647,short
23648,drama
23649,drama
23650,documentary
23651,drama
23652,thriller
23653,drama
23654,drama
23655,comedy
23656,drama
23657,drama
23658,documentary
23659,drama
23660,drama
23661,drama
23662,drama
23663,drama
23664,short
23665,short
23666,action
23667,documentary
23668,documentary
23669,documentary
23670,action
23671,action
23672,drama
23673,comedy
23674,documentary
23675,drama
23676,horror
23677,comedy
23678,western
23679,drama
23680,drama
23681,horror
23682,short
23683,documentary
23684,documentary
23685,documentary
23686,short
23687,drama
23688,documentary
23689,comedy
23690,drama
23691,documentary
23692,comedy
23693,documentary
23694,comedy
23695,drama
23696,comedy
23697,comedy
23698,documentary
23699,drama
23700,documentary
23701,music
23702,drama
23703,documentary
23704,comedy
23705,comedy
23706,horror
23707,drama
23708,documentary
23709,documentary
23710,short
23711,documentary
23712,drama
23713,short
23714,comedy
23715,horror
23716,comedy
23717,horror
23718,sci-fi
23719,mystery
23720,documentary
23721,drama
23722,documentary
23723,documentary
23724,documentary
23725,documentary
23726,drama
23727,short
23728,documentary
23729,drama
23730,drama
23731,drama
23732,drama
23733,documentary
23734,comedy
23735,documentary
23736,drama
23737,thriller
23738,action
23739,short
23740,documentary
23741,drama
23742,drama
23743,drama
23744,short
23745,drama
23746,drama
23747,documentary
23748,documentary
23749,music
23750,documentary
23751,documentary
23752,music
23753,comedy
23754,documentary
23755,comedy
23756,drama
23757,drama
23758,drama
23759,drama
23760,drama
23761,comedy
23762,short
23763,documentary
23764,drama
23765,adult
23766,documentary
23767,drama
23768,thriller
23769,action
23770,drama
23771,documentary
23772,short
23773,short
23774,documentary
23775,documentary
23776,documentary
23777,comedy
23778,horror
23779,adventure
23780,drama
23781,short
23782,drama
23783,documentary
23784,drama
23785,comedy
23786,drama
23787,documentary
23788,documentary
23789,drama
23790,drama
23791,adventure
23792,short
23793,documentary
23794,drama
23795,documentary
23796,drama
23797,animation
23798,horror
23799,short
23800,short
23801,comedy
23802,documentary
23803,drama
23804,drama
23805,documentary
23806,drama
23807,drama
23808,documentary
23809,drama
23810,documentary
23811,comedy
23812,documentary
23813,drama
23814,comedy
23815,drama
23816,drama
23817,documentary
23818,comedy
23819,documentary
23820,comedy
23821,documentary
23822,drama
23823,short
23824,documentary
23825,comedy
23826,documentary
23827,comedy
23828,documentary
23829,comedy
23830,drama
23831,drama
23832,documentary
23833,comedy
23834,documentary
23835,drama
23836,documentary
23837,short
23838,romance
23839,comedy
23840,documentary
23841,documentary
23842,documentary
23843,documentary
23844,documentary
23845,documentary
23846,comedy
23847,western
23848,documentary
23849,short
23850,drama
23851,comedy
23852,drama
23853,comedy
23854,documentary
23855,documentary
23856,documentary
23857,documentary
23858,documentary
23859,comedy
23860,drama
23861,game-show
23862,comedy
23863,comedy
23864,documentary
23865,short
23866,short
23867,horror
23868,comedy
23869,drama
23870,western
23871,comedy
23872,documentary
23873,documentary
23874,documentary
23875,documentary
23876,short
23877,documentary
23878,documentary
23879,drama
23880,drama
23881,documentary
23882,short
23883,documentary
23884,documentary
23885,sport
23886,drama
23887,documentary
23888,short
23889,drama
23890,drama
23891,drama
23892,drama
23893,drama
23894,action
23895,documentary
23896,documentary
23897,documentary
23898,action
23899,documentary
23900,short
23901,documentary
23902,drama
23903,drama
23904,documentary
23905,documentary
23906,short
23907,drama
23908,comedy
23909,drama
23910,drama
23911,documentary
23912,comedy
23913,comedy
23914,documentary
23915,drama
23916,horror
23917,documentary
23918,short
23919,short
23920,drama
23921,documentary
23922,documentary
23923,documentary
23924,comedy
23925,drama
23926,drama
23927,documentary
23928,drama
23929,drama
23930,comedy
23931,documentary
23932,drama
23933,documentary
23934,drama
23935,drama
23936,documentary
23937,documentary
23938,drama
23939,horror
23940,drama
23941,drama
23942,drama
23943,documentary
23944,drama
23945,comedy
23946,documentary
23947,drama
23948,drama
23949,documentary
23950,drama
23951,drama
23952,short
23953,comedy
23954,documentary
23955,comedy
23956,sport
23957,documentary
23958,drama
23959,drama
23960,drama
23961,drama
23962,comedy
23963,short
23964,drama
23965,action
23966,drama
23967,drama
23968,drama
23969,short
23970,comedy
23971,documentary
23972,thriller
23973,drama
23974,comedy
23975,drama
23976,adult
23977,documentary
23978,documentary
23979,drama
23980,comedy
23981,western
23982,comedy
23983,short
23984,drama
23985,drama
23986,drama
23987,short
23988,horror
23989,drama
23990,drama
23991,documentary
23992,short
23993,documentary
23994,drama
23995,drama
23996,drama
23997,drama
23998,drama
23999,drama
24000,documentary
24001,documentary
24002,drama
24003,documentary
24004,drama
24005,comedy
24006,drama
24007,comedy
24008,drama
24009,documentary
24010,documentary
24011,action
24012,documentary
24013,comedy
24014,documentary
24015,adult
24016,documentary
24017,drama
24018,drama
24019,documentary
24020,documentary
24021,documentary
24022,drama
24023,documentary
24024,drama
24025,drama
24026,comedy
24027,drama
24028,drama
24029,comedy
24030,short
24031,drama
24032,short
24033,comedy
24034,drama
24035,drama
24036,documentary
24037,drama
24038,drama
24039,comedy
24040,reality-tv
24041,comedy
24042,drama
24043,adventure
24044,drama
24045,drama
24046,comedy
24047,short
24048,documentary
24049,drama
24050,documentary
24051,drama
24052,horror
24053,action
24054,drama
24055,drama
24056,documentary
24057,documentary
24058,drama
24059,documentary
24060,biography
24061,drama
24062,drama
24063,adventure
24064,drama
24065,drama
24066,documentary
24067,music
24068,comedy
24069,documentary
24070,documentary
24071,comedy
24072,drama
24073,documentary
24074,thriller
24075,comedy
24076,drama
24077,drama
24078,documentary
24079,comedy
24080,documentary
24081,drama
24082,animation
24083,documentary
24084,drama
24085,documentary
24086,comedy
24087,horror
24088,short
24089,horror
24090,documentary
24091,short
24092,documentary
24093,documentary
24094,documentary
24095,documentary
24096,documentary
24097,drama
24098,documentary
24099,documentary
24100,comedy
24101,documentary
24102,horror
24103,drama
24104,documentary
24105,documentary
24106,drama
24107,documentary
24108,drama
24109,documentary
24110,drama
24111,documentary
24112,documentary
24113,drama
24114,comedy
24115,drama
24116,documentary
24117,game-show
24118,comedy
24119,drama
24120,documentary
24121,drama
24122,drama
24123,drama
24124,documentary
24125,drama
24126,comedy
24127,drama
24128,drama
24129,drama
24130,drama
24131,documentary
24132,documentary
24133,documentary
24134,documentary
24135,drama
24136,documentary
24137,documentary
24138,documentary
24139,horror
24140,drama
24141,drama
24142,documentary
24143,documentary
24144,drama
24145,documentary
24146,drama
24147,short
24148,documentary
24149,comedy
24150,comedy
24151,drama
24152,drama
24153,comedy
24154,drama
24155,drama
24156,short
24157,drama
24158,comedy
24159,drama
24160,horror
24161,adventure
24162,comedy
24163,comedy
24164,documentary
24165,comedy
24166,sport
24167,drama
24168,horror
24169,drama
24170,drama
24171,drama
24172,drama
24173,documentary
24174,comedy
24175,short
24176,documentary
24177,comedy
24178,drama
24179,drama
24180,documentary
24181,documentary
24182,drama
24183,comedy
24184,documentary
24185,documentary
24186,music
24187,documentary
24188,drama
24189,drama
24190,game-show
24191,comedy
24192,documentary
24193,comedy
24194,documentary
24195,documentary
24196,documentary
24197,short
24198,drama
24199,drama
24200,documentary
24201,short
24202,comedy
24203,comedy
24204,drama
24205,family
24206,action
24207,drama
24208,short
24209,comedy
24210,drama
24211,drama
24212,drama
24213,documentary
24214,comedy
24215,drama
24216,documentary
24217,comedy
24218,drama
24219,documentary
24220,sci-fi
24221,drama
24222,comedy
24223,horror
24224,horror
24225,documentary
24226,documentary
24227,western
24228,western
24229,drama
24230,drama
24231,drama
24232,comedy
24233,documentary
24234,comedy
24235,reality-tv
24236,documentary
24237,documentary
24238,drama
24239,short
24240,comedy
24241,musical
24242,drama
24243,game-show
24244,documentary
24245,drama
24246,documentary
24247,comedy
24248,drama
24249,adult
24250,drama
24251,thriller
24252,drama
24253,drama
24254,documentary
24255,documentary
24256,documentary
24257,documentary
24258,music
24259,drama
24260,short
24261,drama
24262,western
24263,short
24264,comedy
24265,short
24266,comedy
24267,drama
24268,comedy
24269,drama
24270,documentary
24271,drama
24272,documentary
24273,comedy
24274,documentary
24275,drama
24276,documentary
24277,drama
24278,drama
24279,horror
24280,documentary
24281,sci-fi
24282,drama
24283,comedy
24284,documentary
24285,documentary
24286,drama
24287,music
24288,comedy
24289,comedy
24290,drama
24291,documentary
24292,drama
24293,western
24294,drama
24295,documentary
24296,comedy
24297,documentary
24298,comedy
24299,documentary
24300,music
24301,drama
24302,documentary
24303,comedy
24304,drama
24305,documentary
24306,drama
24307,drama
24308,documentary
24309,comedy
24310,horror
24311,documentary
24312,documentary
24313,comedy
24314,adventure
24315,thriller
24316,drama
24317,comedy
24318,documentary
24319,short
24320,reality-tv
24321,drama
24322,comedy
24323,sci-fi
24324,sci-fi
24325,documentary
24326,documentary
24327,documentary
24328,drama
24329,documentary
24330,horror
24331,documentary
24332,thriller
24333,drama
24334,drama
24335,documentary
24336,drama
24337,drama
24338,adventure
24339,horror
24340,drama
24341,action
24342,drama
24343,documentary
24344,drama
24345,sci-fi
24346,short
24347,drama
24348,short
24349,documentary
24350,short
24351,drama
24352,documentary
24353,documentary
24354,horror
24355,comedy
24356,comedy
24357,short
24358,documentary
24359,western
24360,documentary
24361,documentary
24362,drama
24363,documentary
24364,documentary
24365,documentary
24366,drama
24367,documentary
24368,comedy
24369,drama
24370,western
24371,family
24372,comedy
24373,adult
24374,short
24375,comedy
24376,documentary
24377,horror
24378,drama
24379,documentary
24380,drama
24381,documentary
24382,short
24383,drama
24384,documentary
24385,drama
24386,action
24387,horror
24388,documentary
24389,drama
24390,comedy
24391,documentary
24392,documentary
24393,drama
24394,drama
24395,comedy
24396,drama
24397,action
24398,drama
24399,comedy
24400,documentary
24401,drama
24402,comedy
24403,drama
24404,documentary
24405,drama
24406,documentary
24407,reality-tv
24408,documentary
24409,comedy
24410,documentary
24411,documentary
24412,documentary
24413,horror
24414,drama
24415,short
24416,drama
24417,comedy
24418,western
24419,drama
24420,short
24421,documentary
24422,adventure
24423,documentary
24424,sport
24425,drama
24426,drama
24427,documentary
24428,family
24429,documentary
24430,short
24431,drama
24432,documentary
24433,drama
24434,reality-tv
24435,comedy
24436,documentary
24437,drama
24438,documentary
24439,documentary
24440,drama
24441,documentary
24442,comedy
24443,drama
24444,drama
24445,drama
24446,drama
24447,short
24448,comedy
24449,documentary
24450,talk-show
24451,documentary
24452,drama
24453,short
24454,comedy
24455,drama
24456,drama
24457,action
24458,documentary
24459,drama
24460,documentary
24461,documentary
24462,documentary
24463,documentary
24464,drama
24465,drama
24466,short
24467,documentary
24468,documentary
24469,short
24470,documentary
24471,documentary
24472,drama
24473,drama
24474,documentary
24475,drama
24476,documentary
24477,documentary
24478,comedy
24479,documentary
24480,documentary
24481,documentary
24482,drama
24483,documentary
24484,documentary
24485,documentary
24486,drama
24487,documentary
24488,drama
24489,drama
24490,drama
24491,documentary
24492,documentary
24493,drama
24494,drama
24495,horror
24496,drama
24497,western
24498,documentary
24499,drama
24500,documentary
24501,drama
24502,documentary
24503,action
24504,drama
24505,documentary
24506,drama
24507,documentary
24508,short
24509,family
24510,short
24511,comedy
24512,documentary
24513,drama
24514,short
24515,documentary
24516,documentary
24517,drama
24518,horror
24519,drama
24520,documentary
24521,drama
24522,drama
24523,crime
24524,comedy
24525,drama
24526,drama
24527,comedy
24528,comedy
24529,drama
24530,drama
24531,comedy
24532,drama
24533,documentary
24534,drama
24535,short
24536,comedy
24537,drama
24538,documentary
24539,comedy
24540,drama
24541,drama
24542,drama
24543,short
24544,drama
24545,documentary
24546,drama
24547,short
24548,short
24549,drama
24550,drama
24551,documentary
24552,documentary
24553,drama
24554,drama
24555,drama
24556,drama
24557,drama
24558,comedy
24559,drama
24560,comedy
24561,drama
24562,adult
24563,short
24564,comedy
24565,drama
24566,comedy
24567,documentary
24568,documentary
24569,drama
24570,adventure
24571,documentary
24572,comedy
24573,western
24574,documentary
24575,comedy
24576,short
24577,thriller
24578,drama
24579,drama
24580,reality-tv
24581,documentary
24582,western
24583,horror
24584,documentary
24585,short
24586,comedy
24587,drama
24588,drama
24589,drama
24590,reality-tv
24591,drama
24592,drama
24593,documentary
24594,thriller
24595,drama
24596,documentary
24597,documentary
24598,short
24599,drama
24600,documentary
24601,documentary
24602,drama
24603,drama
24604,action
24605,drama
24606,drama
24607,comedy
24608,documentary
24609,short
24610,drama
24611,documentary
24612,documentary
24613,documentary
24614,drama
24615,documentary
24616,horror
24617,drama
24618,drama
24619,drama
24620,comedy
24621,adult
24622,western
24623,documentary
24624,short
24625,documentary
24626,comedy
24627,drama
24628,comedy
24629,adventure
24630,documentary
24631,drama
24632,documentary
24633,drama
24634,drama
24635,comedy
24636,drama
24637,documentary
24638,comedy
24639,western
24640,drama
24641,drama
24642,fantasy
24643,documentary
24644,drama
24645,horror
24646,drama
24647,drama
24648,comedy
24649,drama
24650,documentary
24651,short
24652,western
24653,drama
24654,short
24655,documentary
24656,comedy
24657,comedy
24658,drama
24659,documentary
24660,documentary
24661,documentary
24662,drama
24663,documentary
24664,drama
24665,documentary
24666,thriller
24667,documentary
24668,drama
24669,short
24670,documentary
24671,documentary
24672,short
24673,sport
24674,music
24675,documentary
24676,documentary
24677,comedy
24678,short
24679,drama
24680,drama
24681,comedy
24682,drama
24683,documentary
24684,western
24685,documentary
24686,documentary
24687,action
24688,comedy
24689,short
24690,drama
24691,documentary
24692,music
24693,drama
24694,documentary
24695,comedy
24696,drama
24697,comedy
24698,drama
24699,drama
24700,documentary
24701,horror
24702,short
24703,drama
24704,drama
24705,documentary
24706,documentary
24707,drama
24708,comedy
24709,drama
24710,drama
24711,sci-fi
24712,documentary
24713,documentary
24714,documentary
24715,comedy
24716,short
24717,short
24718,documentary
24719,short
24720,comedy
24721,horror
24722,documentary
24723,drama
24724,documentary
24725,drama
24726,comedy
24727,western
24728,drama
24729,drama
24730,drama
24731,documentary
24732,comedy
24733,documentary
24734,documentary
24735,thriller
24736,short
24737,documentary
24738,action
24739,horror
24740,short
24741,sport
24742,drama
24743,horror
24744,documentary
24745,documentary
24746,documentary
24747,drama
24748,documentary
24749,documentary
24750,drama
24751,comedy
24752,short
24753,drama
24754,documentary
24755,talk-show
24756,drama
24757,documentary
24758,comedy
24759,documentary
24760,drama
24761,drama
24762,documentary
24763,drama
24764,comedy
24765,comedy
24766,drama
24767,documentary
24768,drama
24769,documentary
24770,documentary
24771,comedy
24772,thriller
24773,drama
24774,comedy
24775,short
24776,short
24777,short
24778,drama
24779,documentary
24780,thriller
24781,drama
24782,documentary
24783,documentary
24784,documentary
24785,documentary
24786,horror
24787,action
24788,reality-tv
24789,documentary
24790,horror
24791,comedy
24792,comedy
24793,documentary
24794,drama
24795,action
24796,short
24797,drama
24798,comedy
24799,drama
24800,drama
24801,documentary
24802,talk-show
24803,horror
24804,reality-tv
24805,documentary
24806,drama
24807,short
24808,drama
24809,drama
24810,short
24811,documentary
24812,drama
24813,documentary
24814,drama
24815,documentary
24816,horror
24817,horror
24818,comedy
24819,drama
24820,documentary
24821,documentary
24822,drama
24823,drama
24824,drama
24825,documentary
24826,short
24827,documentary
24828,horror
24829,horror
24830,western
24831,adult
24832,comedy
24833,drama
24834,animation
24835,drama
24836,documentary
24837,documentary
24838,short
24839,drama
24840,sport
24841,romance
24842,comedy
24843,adventure
24844,comedy
24845,war
24846,drama
24847,comedy
24848,drama
24849,documentary
24850,horror
24851,comedy
24852,adult
24853,western
24854,drama
24855,drama
24856,documentary
24857,western
24858,documentary
24859,documentary
24860,drama
24861,documentary
24862,documentary
24863,drama
24864,drama
24865,western
24866,drama
24867,comedy
24868,horror
24869,short
24870,drama
24871,drama
24872,drama
24873,comedy
24874,comedy
24875,drama
24876,comedy
24877,documentary
24878,drama
24879,documentary
24880,drama
24881,drama
24882,sport
24883,reality-tv
24884,comedy
24885,drama
24886,drama
24887,drama
24888,comedy
24889,comedy
24890,drama
24891,drama
24892,drama
24893,drama
24894,drama
24895,thriller
24896,documentary
24897,western
24898,comedy
24899,short
24900,documentary
24901,comedy
24902,short
24903,drama
24904,drama
24905,documentary
24906,documentary
24907,comedy
24908,drama
24909,drama
24910,documentary
24911,documentary
24912,game-show
24913,drama
24914,short
24915,documentary
24916,drama
24917,sci-fi
24918,drama
24919,drama
24920,drama
24921,documentary
24922,comedy
24923,documentary
24924,documentary
24925,drama
24926,documentary
24927,documentary
24928,musical
24929,short
24930,documentary
24931,documentary
24932,documentary
24933,drama
24934,drama
24935,action
24936,documentary
24937,documentary
24938,drama
24939,drama
24940,documentary
24941,documentary
24942,documentary
24943,drama
24944,comedy
24945,short
24946,animation
24947,documentary
24948,family
24949,documentary
24950,documentary
24951,action
24952,documentary
24953,horror
24954,talk-show
24955,drama
24956,comedy
24957,comedy
24958,documentary
24959,drama
24960,comedy
24961,drama
24962,drama
24963,drama
24964,action
24965,short
24966,thriller
24967,documentary
24968,drama
24969,comedy
24970,drama
24971,drama
24972,thriller
24973,drama
24974,comedy
24975,drama
24976,short
24977,drama
24978,drama
24979,documentary
24980,drama
24981,documentary
24982,documentary
24983,drama
24984,drama
24985,drama
24986,documentary
24987,comedy
24988,drama
24989,drama
24990,drama
24991,horror
24992,comedy
24993,comedy
24994,drama
24995,comedy
24996,documentary
24997,comedy
24998,documentary
24999,talk-show
25000,comedy
25001,drama
25002,comedy
25003,drama
25004,documentary
25005,documentary
25006,drama
25007,family
25008,action
25009,short
25010,drama
25011,documentary
25012,drama
25013,comedy
25014,drama
25015,music
25016,sci-fi
25017,drama
25018,drama
25019,documentary
25020,comedy
25021,horror
25022,drama
25023,documentary
25024,drama
25025,documentary
25026,documentary
25027,comedy
25028,horror
25029,documentary
25030,crime
25031,documentary
25032,documentary
25033,documentary
25034,documentary
25035,documentary
25036,horror
25037,drama
25038,action
25039,drama
25040,comedy
25041,short
25042,documentary
25043,documentary
25044,comedy
25045,western
25046,drama
25047,music
25048,adventure
25049,drama
25050,comedy
25051,drama
25052,comedy
25053,drama
25054,drama
25055,drama
25056,short
25057,documentary
25058,comedy
25059,action
25060,adult
25061,sci-fi
25062,documentary
25063,comedy
25064,drama
25065,drama
25066,drama
25067,short
25068,documentary
25069,drama
25070,documentary
25071,drama
25072,documentary
25073,comedy
25074,comedy
25075,adult
25076,comedy
25077,drama
25078,documentary
25079,comedy
25080,comedy
25081,documentary
25082,documentary
25083,documentary
25084,documentary
25085,short
25086,drama
25087,drama
25088,drama
25089,comedy
25090,comedy
25091,documentary
25092,documentary
25093,drama
25094,family
25095,drama
25096,documentary
25097,horror
25098,documentary
25099,documentary
25100,drama
25101,documentary
25102,documentary
25103,documentary
25104,comedy
25105,drama
25106,drama
25107,documentary
25108,drama
25109,drama
25110,action
25111,documentary
25112,drama
25113,comedy
25114,music
25115,short
25116,documentary
25117,documentary
25118,short
25119,comedy
25120,comedy
25121,short
25122,comedy
25123,documentary
25124,comedy
25125,drama
25126,documentary
25127,drama
25128,short
25129,western
25130,drama
25131,documentary
25132,comedy
25133,comedy
25134,documentary
25135,documentary
25136,short
25137,drama
25138,drama
25139,drama
25140,comedy
25141,short
25142,documentary
25143,documentary
25144,documentary
25145,documentary
25146,action
25147,documentary
25148,drama
25149,sci-fi
25150,short
25151,documentary
25152,drama
25153,music
25154,drama
25155,drama
25156,drama
25157,drama
25158,short
25159,drama
25160,action
25161,documentary
25162,comedy
25163,documentary
25164,comedy
25165,family
25166,sci-fi
25167,drama
25168,drama
25169,documentary
25170,thriller
25171,adventure
25172,western
25173,horror
25174,drama
25175,comedy
25176,drama
25177,comedy
25178,drama
25179,drama
25180,documentary
25181,adventure
25182,comedy
25183,horror
25184,documentary
25185,comedy
25186,comedy
25187,short
25188,documentary
25189,documentary
25190,documentary
25191,comedy
25192,documentary
25193,drama
25194,documentary
25195,documentary
25196,thriller
25197,short
25198,short
25199,thriller
25200,comedy
25201,documentary
25202,comedy
25203,comedy
25204,short
25205,horror
25206,drama
25207,drama
25208,drama
25209,drama
25210,short
25211,drama
25212,documentary
25213,drama
25214,short
25215,comedy
25216,comedy
25217,horror
25218,music
25219,drama
25220,short
25221,drama
25222,documentary
25223,western
25224,documentary
25225,drama
25226,documentary
25227,action
25228,drama
25229,comedy
25230,drama
25231,drama
25232,documentary
25233,drama
25234,drama
25235,documentary
25236,drama
25237,documentary
25238,documentary
25239,comedy
25240,documentary
25241,comedy
25242,documentary
25243,short
25244,drama
25245,sci-fi
25246,short
25247,short
25248,documentary
25249,documentary
25250,comedy
25251,comedy
25252,horror
25253,documentary
25254,drama
25255,drama
25256,comedy
25257,comedy
25258,documentary
25259,short
25260,drama
25261,documentary
25262,drama
25263,documentary
25264,western
25265,drama
25266,documentary
25267,drama
25268,documentary
25269,drama
25270,documentary
25271,documentary
25272,documentary
25273,drama
25274,drama
25275,drama
25276,documentary
25277,drama
25278,drama
25279,drama
25280,western
25281,documentary
25282,thriller
25283,comedy
25284,documentary
25285,drama
25286,drama
25287,documentary
25288,thriller
25289,comedy
25290,documentary
25291,drama
25292,documentary
25293,short
25294,drama
25295,comedy
25296,documentary
25297,documentary
25298,drama
25299,comedy
25300,documentary
25301,comedy
25302,documentary
25303,comedy
25304,drama
25305,documentary
25306,drama
25307,drama
25308,drama
25309,documentary
25310,drama
25311,documentary
25312,drama
25313,documentary
25314,drama
25315,comedy
25316,documentary
25317,comedy
25318,news
25319,short
25320,documentary
25321,documentary
25322,documentary
25323,talk-show
25324,sport
25325,drama
25326,comedy
25327,drama
25328,drama
25329,comedy
25330,documentary
25331,documentary
25332,documentary
25333,talk-show
25334,documentary
25335,documentary
25336,documentary
25337,comedy
25338,drama
25339,drama
25340,drama
25341,documentary
25342,documentary
25343,documentary
25344,drama
25345,documentary
25346,documentary
25347,documentary
25348,short
25349,comedy
25350,drama
25351,documentary
25352,drama
25353,documentary
25354,documentary
25355,documentary
25356,documentary
25357,comedy
25358,thriller
25359,documentary
25360,drama
25361,documentary
25362,drama
25363,comedy
25364,musical
25365,documentary
25366,comedy
25367,drama
25368,horror
25369,horror
25370,drama
25371,comedy
25372,drama
25373,action
25374,documentary
25375,documentary
25376,documentary
25377,documentary
25378,short
25379,documentary
25380,drama
25381,western
25382,drama
25383,thriller
25384,drama
25385,documentary
25386,drama
25387,drama
25388,drama
25389,drama
25390,animation
25391,documentary
25392,documentary
25393,documentary
25394,western
25395,horror
25396,drama
25397,comedy
25398,documentary
25399,comedy
25400,documentary
25401,documentary
25402,documentary
25403,short
25404,comedy
25405,short
25406,documentary
25407,documentary
25408,documentary
25409,drama
25410,comedy
25411,documentary
25412,drama
25413,drama
25414,drama
25415,drama
25416,drama
25417,drama
25418,drama
25419,comedy
25420,comedy
25421,documentary
25422,comedy
25423,documentary
25424,drama
25425,comedy
25426,drama
25427,drama
25428,documentary
25429,horror
25430,drama
25431,drama
25432,horror
25433,drama
25434,drama
25435,documentary
25436,documentary
25437,documentary
25438,documentary
25439,drama
25440,thriller
25441,documentary
25442,documentary
25443,documentary
25444,western
25445,drama
25446,documentary
25447,drama
25448,documentary
25449,drama
25450,drama
25451,drama
25452,comedy
25453,documentary
25454,western
25455,comedy
25456,short
25457,drama
25458,documentary
25459,comedy
25460,drama
25461,documentary
25462,horror
25463,action
25464,comedy
25465,horror
25466,drama
25467,horror
25468,drama
25469,documentary
25470,documentary
25471,comedy
25472,drama
25473,documentary
25474,documentary
25475,comedy
25476,drama
25477,documentary
25478,documentary
25479,documentary
25480,documentary
25481,drama
25482,drama
25483,documentary
25484,sport
25485,sport
25486,short
25487,drama
25488,western
25489,drama
25490,drama
25491,documentary
25492,comedy
25493,drama
25494,documentary
25495,drama
25496,comedy
25497,short
25498,drama
25499,comedy
25500,drama
25501,reality-tv
25502,documentary
25503,drama
25504,western
25505,documentary
25506,drama
25507,music
25508,documentary
25509,western
25510,drama
25511,comedy
25512,drama
25513,documentary
25514,documentary
25515,documentary
25516,comedy
25517,drama
25518,drama
25519,documentary
25520,documentary
25521,comedy
25522,documentary
25523,comedy
25524,horror
25525,drama
25526,music
25527,western
25528,comedy
25529,thriller
25530,comedy
25531,short
25532,comedy
25533,drama
25534,drama
25535,short
25536,documentary
25537,comedy
25538,drama
25539,comedy
25540,drama
25541,short
25542,documentary
25543,comedy
25544,documentary
25545,comedy
25546,thriller
25547,drama
25548,short
25549,comedy
25550,documentary
25551,drama
25552,action
25553,drama
25554,drama
25555,documentary
25556,western
25557,documentary
25558,comedy
25559,drama
25560,documentary
25561,short
25562,horror
25563,documentary
25564,documentary
25565,horror
25566,drama
25567,documentary
25568,comedy
25569,documentary
25570,comedy
25571,drama
25572,drama
25573,comedy
25574,comedy
25575,drama
25576,documentary
25577,western
25578,family
25579,documentary
25580,talk-show
25581,drama
25582,action
25583,documentary
25584,short
25585,drama
25586,horror
25587,comedy
25588,drama
25589,adult
25590,drama
25591,documentary
25592,documentary
25593,music
25594,documentary
25595,drama
25596,thriller
25597,drama
25598,documentary
25599,drama
25600,drama
25601,documentary
25602,drama
25603,drama
25604,drama
25605,drama
25606,thriller
25607,comedy
25608,documentary
25609,short
25610,documentary
25611,comedy
25612,action
25613,drama
25614,drama
25615,drama
25616,drama
25617,comedy
25618,drama
25619,drama
25620,documentary
25621,documentary
25622,documentary
25623,horror
25624,drama
25625,drama
25626,drama
25627,music
25628,comedy
25629,documentary
25630,drama
25631,drama
25632,drama
25633,drama
25634,drama
25635,documentary
25636,action
25637,comedy
25638,short
25639,drama
25640,horror
25641,drama
25642,documentary
25643,drama
25644,documentary
25645,drama
25646,drama
25647,drama
25648,horror
25649,documentary
25650,comedy
25651,drama
25652,documentary
25653,western
25654,drama
25655,comedy
25656,comedy
25657,drama
25658,drama
25659,family
25660,documentary
25661,drama
25662,drama
25663,drama
25664,drama
25665,documentary
25666,drama
25667,documentary
25668,sport
25669,drama
25670,documentary
25671,drama
25672,documentary
25673,documentary
25674,short
25675,documentary
25676,thriller
25677,documentary
25678,drama
25679,drama
25680,action
25681,horror
25682,short
25683,comedy
25684,comedy
25685,short
25686,short
25687,horror
25688,short
25689,drama
25690,comedy
25691,drama
25692,drama
25693,documentary
25694,documentary
25695,documentary
25696,drama
25697,comedy
25698,documentary
25699,drama
25700,drama
25701,documentary
25702,drama
25703,drama
25704,comedy
25705,documentary
25706,documentary
25707,comedy
25708,short
25709,documentary
25710,sci-fi
25711,comedy
25712,drama
25713,drama
25714,drama
25715,drama
25716,action
25717,drama
25718,drama
25719,documentary
25720,documentary
25721,horror
25722,drama
25723,documentary
25724,documentary
25725,comedy
25726,drama
25727,drama
25728,drama
25729,sport
25730,drama
25731,documentary
25732,comedy
25733,drama
25734,western
25735,drama
25736,drama
25737,comedy
25738,thriller
25739,drama
25740,adult
25741,drama
25742,drama
25743,documentary
25744,horror
25745,action
25746,drama
25747,documentary
25748,documentary
25749,documentary
25750,horror
25751,short
25752,drama
25753,documentary
25754,comedy
25755,sci-fi
25756,documentary
25757,documentary
25758,drama
25759,drama
25760,drama
25761,documentary
25762,drama
25763,documentary
25764,comedy
25765,short
25766,thriller
25767,documentary
25768,sci-fi
25769,documentary
25770,documentary
25771,western
25772,comedy
25773,drama
25774,comedy
25775,drama
25776,documentary
25777,drama
25778,horror
25779,drama
25780,drama
25781,documentary
25782,drama
25783,drama
25784,drama
25785,drama
25786,documentary
25787,documentary
25788,documentary
25789,drama
25790,drama
25791,comedy
25792,documentary
25793,documentary
25794,comedy
25795,drama
25796,short
25797,drama
25798,documentary
25799,drama
25800,drama
25801,drama
25802,short
25803,drama
25804,documentary
25805,drama
25806,drama
25807,documentary
25808,short
25809,documentary
25810,drama
25811,drama
25812,horror
25813,drama
25814,documentary
25815,documentary
25816,documentary
25817,documentary
25818,documentary
25819,drama
25820,drama
25821,drama
25822,drama
25823,comedy
25824,comedy
25825,drama
25826,comedy
25827,western
25828,drama
25829,drama
25830,drama
25831,documentary
25832,drama
25833,documentary
25834,adult
25835,drama
25836,drama
25837,fantasy
25838,documentary
25839,drama
25840,horror
25841,documentary
25842,comedy
25843,drama
25844,documentary
25845,drama
25846,drama
25847,comedy
25848,documentary
25849,documentary
25850,horror
25851,drama
25852,drama
25853,documentary
25854,comedy
25855,animation
25856,documentary
25857,documentary
25858,documentary
25859,drama
25860,comedy
25861,short
25862,documentary
25863,drama
25864,comedy
25865,action
25866,horror
25867,documentary
25868,documentary
25869,short
25870,short
25871,documentary
25872,drama
25873,horror
25874,drama
25875,short
25876,documentary
25877,short
25878,documentary
25879,comedy
25880,drama
25881,drama
25882,comedy
25883,drama
25884,drama
25885,comedy
25886,drama
25887,drama
25888,drama
25889,drama
25890,drama
25891,drama
25892,comedy
25893,documentary
25894,documentary
25895,documentary
25896,documentary
25897,documentary
25898,horror
25899,documentary
25900,documentary
25901,documentary
25902,short
25903,documentary
25904,drama
25905,documentary
25906,drama
25907,documentary
25908,action
25909,thriller
25910,short
25911,comedy
25912,documentary
25913,documentary
25914,short
25915,thriller
25916,documentary
25917,horror
25918,comedy
25919,documentary
25920,documentary
25921,short
25922,documentary
25923,documentary
25924,animation
25925,sport
25926,documentary
25927,drama
25928,drama
25929,documentary
25930,drama
25931,documentary
25932,drama
25933,comedy
25934,drama
25935,documentary
25936,drama
25937,documentary
25938,horror
25939,sci-fi
25940,drama
25941,comedy
25942,drama
25943,drama
25944,drama
25945,short
25946,documentary
25947,documentary
25948,adventure
25949,drama
25950,drama
25951,drama
25952,horror
25953,thriller
25954,documentary
25955,thriller
25956,documentary
25957,drama
25958,documentary
25959,documentary
25960,drama
25961,documentary
25962,documentary
25963,short
25964,documentary
25965,comedy
25966,mystery
25967,drama
25968,history
25969,drama
25970,drama
25971,drama
25972,horror
25973,drama
25974,drama
25975,drama
25976,documentary
25977,documentary
25978,family
25979,documentary
25980,drama
25981,documentary
25982,horror
25983,adventure
25984,comedy
25985,comedy
25986,drama
25987,documentary
25988,western
25989,thriller
25990,short
25991,drama
25992,comedy
25993,music
25994,action
25995,drama
25996,comedy
25997,documentary
25998,comedy
25999,short
26000,drama
26001,drama
26002,drama
26003,drama
26004,action
26005,drama
26006,drama
26007,drama
26008,drama
26009,talk-show
26010,documentary
26011,drama
26012,drama
26013,documentary
26014,drama
26015,drama
26016,drama
26017,documentary
26018,documentary
26019,comedy
26020,documentary
26021,drama
26022,documentary
26023,sci-fi
26024,drama
26025,documentary
26026,comedy
26027,documentary
26028,documentary
26029,drama
26030,horror
26031,comedy
26032,drama
26033,comedy
26034,documentary
26035,drama
26036,short
26037,sport
26038,drama
26039,drama
26040,comedy
26041,comedy
26042,horror
26043,drama
26044,drama
26045,comedy
26046,comedy
26047,horror
26048,short
26049,comedy
26050,sci-fi
26051,comedy
26052,comedy
26053,comedy
26054,comedy
26055,documentary
26056,documentary
26057,documentary
26058,drama
26059,horror
26060,drama
26061,short
26062,comedy
26063,drama
26064,documentary
26065,drama
26066,thriller
26067,drama
26068,short
26069,documentary
26070,documentary
26071,comedy
26072,documentary
26073,comedy
26074,documentary
26075,comedy
26076,documentary
26077,comedy
26078,drama
26079,thriller
26080,documentary
26081,documentary
26082,western
26083,documentary
26084,documentary
26085,documentary
26086,short
26087,short
26088,drama
26089,comedy
26090,drama
26091,documentary
26092,action
26093,comedy
26094,documentary
26095,short
26096,action
26097,drama
26098,drama
26099,documentary
26100,documentary
26101,drama
26102,documentary
26103,documentary
26104,horror
26105,drama
26106,drama
26107,comedy
26108,action
26109,documentary
26110,documentary
26111,documentary
26112,horror
26113,drama
26114,drama
26115,comedy
26116,comedy
26117,documentary
26118,documentary
26119,drama
26120,drama
26121,drama
26122,western
26123,comedy
26124,action
26125,documentary
26126,short
26127,documentary
26128,drama
26129,short
26130,documentary
26131,documentary
26132,drama
26133,comedy
26134,drama
26135,documentary
26136,animation
26137,documentary
26138,drama
26139,documentary
26140,comedy
26141,drama
26142,drama
26143,documentary
26144,documentary
26145,drama
26146,short
26147,music
26148,music
26149,comedy
26150,documentary
26151,documentary
26152,short
26153,documentary
26154,drama
26155,drama
26156,documentary
26157,drama
26158,documentary
26159,short
26160,sport
26161,comedy
26162,documentary
26163,comedy
26164,documentary
26165,horror
26166,drama
26167,documentary
26168,action
26169,drama
26170,documentary
26171,drama
26172,drama
26173,western
26174,game-show
26175,comedy
26176,documentary
26177,comedy
26178,short
26179,documentary
26180,western
26181,drama
26182,drama
26183,documentary
26184,drama
26185,documentary
26186,documentary
26187,comedy
26188,action
26189,drama
26190,comedy
26191,documentary
26192,documentary
26193,drama
26194,comedy
26195,horror
26196,comedy
26197,drama
26198,drama
26199,drama
26200,comedy
26201,comedy
26202,action
26203,documentary
26204,horror
26205,documentary
26206,drama
26207,documentary
26208,documentary
26209,action
26210,drama
26211,comedy
26212,documentary
26213,documentary
26214,drama
26215,short
26216,horror
26217,documentary
26218,documentary
26219,drama
26220,western
26221,drama
26222,documentary
26223,action
26224,short
26225,drama
26226,documentary
26227,documentary
26228,documentary
26229,drama
26230,documentary
26231,drama
26232,drama
26233,documentary
26234,documentary
26235,thriller
26236,drama
26237,short
26238,drama
26239,drama
26240,documentary
26241,documentary
26242,thriller
26243,comedy
26244,comedy
26245,documentary
26246,drama
26247,western
26248,documentary
26249,short
26250,documentary
26251,comedy
26252,animation
26253,drama
26254,drama
26255,horror
26256,horror
26257,drama
26258,horror
26259,documentary
26260,drama
26261,comedy
26262,documentary
26263,documentary
26264,documentary
26265,drama
26266,comedy
26267,drama
26268,drama
26269,drama
26270,comedy
26271,western
26272,comedy
26273,comedy
26274,documentary
26275,drama
26276,documentary
26277,drama
26278,documentary
26279,action
26280,drama
26281,drama
26282,horror
26283,documentary
26284,drama
26285,comedy
26286,drama
26287,music
26288,documentary
26289,comedy
26290,reality-tv
26291,sci-fi
26292,drama
26293,drama
26294,horror
26295,drama
26296,comedy
26297,documentary
26298,comedy
26299,music
26300,documentary
26301,sci-fi
26302,documentary
26303,documentary
26304,documentary
26305,documentary
26306,comedy
26307,drama
26308,horror
26309,documentary
26310,music
26311,drama
26312,comedy
26313,comedy
26314,sci-fi
26315,documentary
26316,drama
26317,documentary
26318,documentary
26319,drama
26320,comedy
26321,drama
26322,drama
26323,drama
26324,documentary
26325,drama
26326,sport
26327,documentary
26328,documentary
26329,drama
26330,documentary
26331,comedy
26332,drama
26333,comedy
26334,drama
26335,drama
26336,sport
26337,drama
26338,documentary
26339,documentary
26340,drama
26341,comedy
26342,horror
26343,comedy
26344,drama
26345,western
26346,short
26347,drama
26348,drama
26349,drama
26350,comedy
26351,western
26352,drama
26353,comedy
26354,short
26355,drama
26356,documentary
26357,thriller
26358,documentary
26359,drama
26360,comedy
26361,documentary
26362,drama
26363,drama
26364,documentary
26365,western
26366,documentary
26367,comedy
26368,drama
26369,documentary
26370,documentary
26371,drama
26372,drama
26373,drama
26374,comedy
26375,comedy
26376,drama
26377,documentary
26378,comedy
26379,short
26380,short
26381,documentary
26382,drama
26383,documentary
26384,documentary
26385,documentary
26386,documentary
26387,comedy
26388,comedy
26389,drama
26390,documentary
26391,documentary
26392,comedy
26393,documentary
26394,short
26395,comedy
26396,western
26397,horror
26398,short
26399,documentary
26400,drama
26401,comedy
26402,horror
26403,documentary
26404,drama
26405,documentary
26406,drama
26407,comedy
26408,documentary
26409,drama
26410,documentary
26411,documentary
26412,documentary
26413,short
26414,short
26415,documentary
26416,documentary
26417,drama
26418,drama
26419,documentary
26420,comedy
26421,documentary
26422,short
26423,action
26424,documentary
26425,comedy
26426,documentary
26427,documentary
26428,drama
26429,comedy
26430,documentary
26431,documentary
26432,drama
26433,drama
26434,comedy
26435,comedy
26436,short
26437,documentary
26438,comedy
26439,drama
26440,documentary
26441,documentary
26442,action
26443,drama
26444,documentary
26445,drama
26446,horror
26447,comedy
26448,comedy
26449,documentary
26450,documentary
26451,documentary
26452,drama
26453,music
26454,comedy
26455,comedy
26456,horror
26457,drama
26458,drama
26459,documentary
26460,documentary
26461,documentary
26462,war
26463,comedy
26464,drama
26465,documentary
26466,comedy
26467,documentary
26468,short
26469,comedy
26470,drama
26471,mystery
26472,drama
26473,documentary
26474,drama
26475,documentary
26476,documentary
26477,comedy
26478,drama
26479,documentary
26480,comedy
26481,short
26482,western
26483,short
26484,documentary
26485,documentary
26486,drama
26487,drama
26488,documentary
26489,drama
26490,documentary
26491,drama
26492,short
26493,documentary
26494,comedy
26495,documentary
26496,short
26497,comedy
26498,documentary
26499,drama
26500,comedy
26501,documentary
26502,comedy
26503,drama
26504,documentary
26505,documentary
26506,short
26507,short
26508,western
26509,drama
26510,short
26511,comedy
26512,short
26513,comedy
26514,drama
26515,documentary
26516,documentary
26517,drama
26518,horror
26519,comedy
26520,action
26521,documentary
26522,documentary
26523,horror
26524,short
26525,drama
26526,short
26527,short
26528,comedy
26529,drama
26530,documentary
26531,documentary
26532,drama
26533,drama
26534,family
26535,short
26536,drama
26537,drama
26538,comedy
26539,drama
26540,drama
26541,documentary
26542,reality-tv
26543,documentary
26544,reality-tv
26545,thriller
26546,short
26547,drama
26548,documentary
26549,documentary
26550,comedy
26551,comedy
26552,documentary
26553,comedy
26554,documentary
26555,drama
26556,drama
26557,horror
26558,drama
26559,drama
26560,drama
26561,drama
26562,comedy
26563,comedy
26564,short
26565,sci-fi
26566,drama
26567,documentary
26568,short
26569,sci-fi
26570,short
26571,adventure
26572,documentary
26573,drama
26574,drama
26575,comedy
26576,drama
26577,comedy
26578,drama
26579,short
26580,drama
26581,comedy
26582,documentary
26583,drama
26584,comedy
26585,short
26586,short
26587,action
26588,documentary
26589,drama
26590,comedy
26591,documentary
26592,drama
26593,drama
26594,music
26595,drama
26596,documentary
26597,horror
26598,short
26599,documentary
26600,documentary
26601,comedy
26602,documentary
26603,comedy
26604,drama
26605,documentary
26606,drama
26607,documentary
26608,documentary
26609,comedy
26610,comedy
26611,drama
26612,documentary
26613,documentary
26614,comedy
26615,documentary
26616,action
26617,drama
26618,drama
26619,drama
26620,western
26621,action
26622,drama
26623,drama
26624,documentary
26625,comedy
26626,documentary
26627,drama
26628,comedy
26629,documentary
26630,short
26631,drama
26632,drama
26633,drama
26634,documentary
26635,short
26636,drama
26637,documentary
26638,drama
26639,comedy
26640,documentary
26641,thriller
26642,documentary
26643,documentary
26644,drama
26645,comedy
26646,drama
26647,documentary
26648,drama
26649,drama
26650,documentary
26651,drama
26652,documentary
26653,documentary
26654,short
26655,drama
26656,reality-tv
26657,short
26658,short
26659,documentary
26660,comedy
26661,music
26662,documentary
26663,documentary
26664,drama
26665,drama
26666,documentary
26667,drama
26668,documentary
26669,documentary
26670,drama
26671,comedy
26672,documentary
26673,drama
26674,documentary
26675,comedy
26676,western
26677,adult
26678,short
26679,music
26680,adventure
26681,action
26682,action
26683,documentary
26684,documentary
26685,comedy
26686,comedy
26687,documentary
26688,drama
26689,western
26690,drama
26691,drama
26692,drama
26693,documentary
26694,western
26695,comedy
26696,drama
26697,drama
26698,drama
26699,documentary
26700,documentary
26701,documentary
26702,drama
26703,documentary
26704,documentary
26705,documentary
26706,drama
26707,action
26708,documentary
26709,documentary
26710,western
26711,western
26712,comedy
26713,horror
26714,drama
26715,documentary
26716,horror
26717,drama
26718,drama
26719,thriller
26720,short
26721,action
26722,documentary
26723,horror
26724,short
26725,documentary
26726,drama
26727,sport
26728,documentary
26729,drama
26730,comedy
26731,drama
26732,thriller
26733,drama
26734,horror
26735,drama
26736,drama
26737,drama
26738,drama
26739,drama
26740,drama
26741,horror
26742,drama
26743,drama
26744,drama
26745,comedy
26746,comedy
26747,thriller
26748,short
26749,drama
26750,comedy
26751,comedy
26752,drama
26753,drama
26754,drama
26755,documentary
26756,drama
26757,drama
26758,drama
26759,documentary
26760,drama
26761,documentary
26762,drama
26763,comedy
26764,comedy
26765,comedy
26766,comedy
26767,comedy
26768,drama
26769,short
26770,short
26771,drama
26772,documentary
26773,horror
26774,documentary
26775,drama
26776,drama
26777,drama
26778,documentary
26779,talk-show
26780,drama
26781,comedy
26782,action
26783,drama
26784,documentary
26785,short
26786,comedy
26787,documentary
26788,documentary
26789,documentary
26790,documentary
26791,drama
26792,documentary
26793,short
26794,documentary
26795,documentary
26796,drama
26797,drama
26798,documentary
26799,horror
26800,drama
26801,drama
26802,drama
26803,documentary
26804,drama
26805,documentary
26806,comedy
26807,horror
26808,comedy
26809,music
26810,drama
26811,drama
26812,comedy
26813,drama
26814,documentary
26815,comedy
26816,drama
26817,drama
26818,documentary
26819,drama
26820,drama
26821,drama
26822,documentary
26823,sci-fi
26824,documentary
26825,documentary
26826,comedy
26827,action
26828,documentary
26829,short
26830,comedy
26831,comedy
26832,drama
26833,comedy
26834,thriller
26835,drama
26836,comedy
26837,horror
26838,documentary
26839,drama
26840,comedy
26841,drama
26842,drama
26843,documentary
26844,drama
26845,comedy
26846,adventure
26847,documentary
26848,documentary
26849,drama
26850,documentary
26851,drama
26852,drama
26853,drama
26854,documentary
26855,comedy
26856,drama
26857,comedy
26858,documentary
26859,documentary
26860,comedy
26861,documentary
26862,documentary
26863,drama
26864,documentary
26865,drama
26866,documentary
26867,documentary
26868,drama
26869,drama
26870,short
26871,short
26872,drama
26873,drama
26874,comedy
26875,documentary
26876,documentary
26877,drama
26878,documentary
26879,drama
26880,documentary
26881,short
26882,documentary
26883,drama
26884,drama
26885,documentary
26886,comedy
26887,drama
26888,drama
26889,comedy
26890,documentary
26891,short
26892,documentary
26893,comedy
26894,music
26895,short
26896,documentary
26897,short
26898,talk-show
26899,drama
26900,documentary
26901,documentary
26902,western
26903,documentary
26904,drama
26905,horror
26906,documentary
26907,drama
26908,horror
26909,documentary
26910,documentary
26911,comedy
26912,drama
26913,documentary
26914,documentary
26915,thriller
26916,drama
26917,drama
26918,comedy
26919,documentary
26920,western
26921,documentary
26922,drama
26923,documentary
26924,documentary
26925,documentary
26926,documentary
26927,drama
26928,documentary
26929,horror
26930,documentary
26931,drama
26932,documentary
26933,drama
26934,drama
26935,drama
26936,documentary
26937,drama
26938,documentary
26939,music
26940,horror
26941,comedy
26942,documentary
26943,short
26944,documentary
26945,documentary
26946,drama
26947,comedy
26948,drama
26949,comedy
26950,drama
26951,documentary
26952,drama
26953,drama
26954,documentary
26955,news
26956,short
26957,documentary
26958,documentary
26959,comedy
26960,documentary
26961,drama
26962,drama
26963,drama
26964,drama
26965,documentary
26966,drama
26967,documentary
26968,documentary
26969,short
26970,short
26971,comedy
26972,documentary
26973,drama
26974,comedy
26975,documentary
26976,documentary
26977,short
26978,comedy
26979,drama
26980,drama
26981,comedy
26982,drama
26983,animation
26984,adult
26985,short
26986,documentary
26987,documentary
26988,comedy
26989,drama
26990,drama
26991,documentary
26992,drama
26993,documentary
26994,documentary
26995,drama
26996,sci-fi
26997,documentary
26998,drama
26999,documentary
27000,documentary
27001,drama
27002,drama
27003,documentary
27004,drama
27005,drama
27006,comedy
27007,documentary
27008,comedy
27009,drama
27010,drama
27011,short
27012,drama
27013,drama
27014,comedy
27015,horror
27016,drama
27017,documentary
27018,documentary
27019,drama
27020,drama
27021,documentary
27022,documentary
27023,short
27024,documentary
27025,western
27026,drama
27027,short
27028,drama
27029,short
27030,documentary
27031,comedy
27032,comedy
27033,documentary
27034,documentary
27035,sci-fi
27036,drama
27037,comedy
27038,drama
27039,talk-show
27040,drama
27041,comedy
27042,comedy
27043,adventure
27044,drama
27045,sci-fi
27046,documentary
27047,drama
27048,comedy
27049,drama
27050,comedy
27051,comedy
27052,drama
27053,reality-tv
27054,comedy
27055,horror
27056,drama
27057,drama
27058,drama
27059,drama
27060,short
27061,documentary
27062,drama
27063,drama
27064,documentary
27065,documentary
27066,comedy
27067,horror
27068,comedy
27069,documentary
27070,documentary
27071,comedy
27072,drama
27073,documentary
27074,comedy
27075,documentary
27076,comedy
27077,comedy
27078,drama
27079,documentary
27080,drama
27081,documentary
27082,drama
27083,drama
27084,drama
27085,comedy
27086,drama
27087,documentary
27088,drama
27089,reality-tv
27090,horror
27091,drama
27092,documentary
27093,drama
27094,drama
27095,romance
27096,documentary
27097,drama
27098,documentary
27099,comedy
27100,short
27101,documentary
27102,documentary
27103,documentary
27104,western
27105,short
27106,drama
27107,short
27108,drama
27109,comedy
27110,short
27111,drama
27112,short
27113,short
27114,drama
27115,music
27116,horror
27117,documentary
27118,documentary
27119,comedy
27120,documentary
27121,romance
27122,documentary
27123,action
27124,documentary
27125,comedy
27126,documentary
27127,documentary
27128,documentary
27129,documentary
27130,drama
27131,drama
27132,documentary
27133,horror
27134,drama
27135,drama
27136,drama
27137,western
27138,drama
27139,drama
27140,drama
27141,drama
27142,drama
27143,drama
27144,short
27145,comedy
27146,documentary
27147,documentary
27148,drama
27149,drama
27150,documentary
27151,comedy
27152,action
27153,short
27154,drama
27155,horror
27156,sci-fi
27157,comedy
27158,documentary
27159,comedy
27160,western
27161,documentary
27162,documentary
27163,drama
27164,comedy
27165,documentary
27166,documentary
27167,drama
27168,documentary
27169,sci-fi
27170,comedy
27171,comedy
27172,drama
27173,horror
27174,comedy
27175,short
27176,short
27177,comedy
27178,documentary
27179,documentary
27180,comedy
27181,comedy
27182,drama
27183,documentary
27184,documentary
27185,adult
27186,drama
27187,drama
27188,drama
27189,drama
27190,drama
27191,drama
27192,drama
27193,drama
27194,short
27195,drama
27196,documentary
27197,drama
27198,comedy
27199,comedy
27200,documentary
27201,horror
27202,adult
27203,sport
27204,documentary
27205,drama
27206,documentary
27207,drama
27208,drama
27209,drama
27210,documentary
27211,short
27212,music
27213,documentary
27214,drama
27215,music
27216,documentary
27217,documentary
27218,drama
27219,horror
27220,comedy
27221,drama
27222,documentary
27223,horror
27224,comedy
27225,short
27226,drama
27227,documentary
27228,drama
27229,comedy
27230,comedy
27231,western
27232,drama
27233,horror
27234,documentary
27235,documentary
27236,drama
27237,drama
27238,drama
27239,horror
27240,documentary
27241,documentary
27242,comedy
27243,comedy
27244,documentary
27245,documentary
27246,horror
27247,drama
27248,sci-fi
27249,documentary
27250,animation
27251,western
27252,comedy
27253,drama
27254,comedy
27255,documentary
27256,sci-fi
27257,drama
27258,comedy
27259,drama
27260,drama
27261,documentary
27262,documentary
27263,comedy
27264,comedy
27265,comedy
27266,reality-tv
27267,drama
27268,action
27269,horror
27270,documentary
27271,drama
27272,comedy
27273,short
27274,comedy
27275,documentary
27276,drama
27277,documentary
27278,horror
27279,documentary
27280,drama
27281,documentary
27282,comedy
27283,drama
27284,horror
27285,documentary
27286,horror
27287,comedy
27288,sport
27289,horror
27290,comedy
27291,comedy
27292,comedy
27293,short
27294,documentary
27295,documentary
27296,documentary
27297,documentary
27298,reality-tv
27299,romance
27300,drama
27301,drama
27302,short
27303,drama
27304,short
27305,drama
27306,action
27307,short
27308,comedy
27309,drama
27310,documentary
27311,drama
27312,animation
27313,drama
27314,documentary
27315,documentary
27316,documentary
27317,comedy
27318,drama
27319,drama
27320,short
27321,adult
27322,documentary
27323,documentary
27324,drama
27325,documentary
27326,documentary
27327,western
27328,documentary
27329,comedy
27330,documentary
27331,sci-fi
27332,short
27333,documentary
27334,western
27335,drama
27336,documentary
27337,comedy
27338,horror
27339,documentary
27340,documentary
27341,drama
27342,drama
27343,documentary
27344,drama
27345,drama
27346,horror
27347,comedy
27348,drama
27349,comedy
27350,drama
27351,documentary
27352,documentary
27353,mystery
27354,comedy
27355,documentary
27356,short
27357,drama
27358,drama
27359,sport
27360,documentary
27361,documentary
27362,drama
27363,horror
27364,documentary
27365,horror
27366,western
27367,talk-show
27368,drama
27369,documentary
27370,adventure
27371,drama
27372,documentary
27373,comedy
27374,horror
27375,comedy
27376,documentary
27377,documentary
27378,documentary
27379,sport
27380,horror
27381,documentary
27382,drama
27383,horror
27384,short
27385,sport
27386,comedy
27387,game-show
27388,drama
27389,short
27390,documentary
27391,documentary
27392,short
27393,drama
27394,documentary
27395,drama
27396,music
27397,documentary
27398,documentary
27399,comedy
27400,documentary
27401,drama
27402,drama
27403,thriller
27404,drama
27405,comedy
27406,music
27407,comedy
27408,horror
27409,horror
27410,documentary
27411,comedy
27412,documentary
27413,drama
27414,drama
27415,drama
27416,drama
27417,comedy
27418,drama
27419,drama
27420,documentary
27421,comedy
27422,drama
27423,comedy
27424,drama
27425,drama
27426,drama
27427,drama
27428,comedy
27429,comedy
27430,comedy
27431,drama
27432,drama
27433,drama
27434,documentary
27435,drama
27436,comedy
27437,documentary
27438,documentary
27439,drama
27440,drama
27441,documentary
27442,drama
27443,drama
27444,documentary
27445,comedy
27446,comedy
27447,horror
27448,comedy
27449,drama
27450,documentary
27451,comedy
27452,documentary
27453,documentary
27454,comedy
27455,documentary
27456,documentary
27457,documentary
27458,comedy
27459,drama
27460,short
27461,short
27462,comedy
27463,documentary
27464,documentary
27465,documentary
27466,action
27467,comedy
27468,comedy
27469,documentary
27470,thriller
27471,comedy
27472,adventure
27473,documentary
27474,documentary
27475,documentary
27476,drama
27477,documentary
27478,comedy
27479,documentary
27480,documentary
27481,drama
27482,drama
27483,documentary
27484,drama
27485,drama
27486,documentary
27487,drama
27488,drama
27489,documentary
27490,drama
27491,drama
27492,documentary
27493,drama
27494,documentary
27495,romance
27496,comedy
27497,drama
27498,western
27499,romance
27500,documentary
27501,documentary
27502,music
27503,drama
27504,comedy
27505,western
27506,comedy
27507,drama
27508,comedy
27509,sci-fi
27510,documentary
27511,family
27512,drama
27513,comedy
27514,horror
27515,drama
27516,comedy
27517,comedy
27518,drama
27519,drama
27520,horror
27521,comedy
27522,action
27523,drama
27524,drama
27525,drama
27526,comedy
27527,comedy
27528,comedy
27529,drama
27530,documentary
27531,documentary
27532,documentary
27533,drama
27534,drama
27535,comedy
27536,documentary
27537,comedy
27538,documentary
27539,documentary
27540,documentary
27541,comedy
27542,drama
27543,documentary
27544,drama
27545,drama
27546,drama
27547,short
27548,horror
27549,drama
27550,comedy
27551,documentary
27552,drama
27553,drama
27554,comedy
27555,documentary
27556,comedy
27557,documentary
27558,documentary
27559,drama
27560,documentary
27561,comedy
27562,documentary
27563,short
27564,documentary
27565,drama
27566,drama
27567,drama
27568,documentary
27569,drama
27570,documentary
27571,drama
27572,documentary
27573,adventure
27574,comedy
27575,documentary
27576,documentary
27577,documentary
27578,western
27579,documentary
27580,drama
27581,documentary
27582,short
27583,horror
27584,horror
27585,drama
27586,drama
27587,drama
27588,short
27589,drama
27590,western
27591,drama
27592,comedy
27593,comedy
27594,documentary
27595,reality-tv
27596,documentary
27597,drama
27598,documentary
27599,documentary
27600,drama
27601,drama
27602,documentary
27603,drama
27604,drama
27605,drama
27606,adventure
27607,drama
27608,drama
27609,documentary
27610,comedy
27611,drama
27612,comedy
27613,drama
27614,documentary
27615,documentary
27616,drama
27617,drama
27618,documentary
27619,drama
27620,drama
27621,adventure
27622,action
27623,drama
27624,drama
27625,documentary
27626,drama
27627,thriller
27628,documentary
27629,documentary
27630,adventure
27631,drama
27632,documentary
27633,comedy
27634,comedy
27635,comedy
27636,documentary
27637,comedy
27638,documentary
27639,music
27640,comedy
27641,drama
27642,documentary
27643,thriller
27644,documentary
27645,documentary
27646,game-show
27647,drama
27648,comedy
27649,drama
27650,drama
27651,drama
27652,short
27653,drama
27654,drama
27655,drama
27656,western
27657,horror
27658,documentary
27659,horror
27660,documentary
27661,drama
27662,documentary
27663,documentary
27664,documentary
27665,drama
27666,drama
27667,western
27668,documentary
27669,drama
27670,drama
27671,documentary
27672,comedy
27673,drama
27674,drama
27675,drama
27676,drama
27677,drama
27678,horror
27679,family
27680,drama
27681,drama
27682,horror
27683,horror
27684,drama
27685,drama
27686,comedy
27687,documentary
27688,comedy
27689,drama
27690,drama
27691,horror
27692,documentary
27693,documentary
27694,comedy
27695,documentary
27696,horror
27697,documentary
27698,documentary
27699,documentary
27700,comedy
27701,drama
27702,comedy
27703,horror
27704,documentary
27705,documentary
27706,documentary
27707,drama
27708,documentary
27709,comedy
27710,comedy
27711,documentary
27712,comedy
27713,documentary
27714,documentary
27715,short
27716,documentary
27717,short
27718,drama
27719,documentary
27720,comedy
27721,western
27722,drama
27723,documentary
27724,documentary
27725,documentary
27726,drama
27727,drama
27728,western
27729,drama
27730,documentary
27731,drama
27732,music
27733,drama
27734,documentary
27735,documentary
27736,drama
27737,documentary
27738,western
27739,documentary
27740,documentary
27741,drama
27742,comedy
27743,documentary
27744,comedy
27745,drama
27746,comedy
27747,documentary
27748,documentary
27749,music
27750,documentary
27751,documentary
27752,drama
27753,documentary
27754,western
27755,horror
27756,drama
27757,comedy
27758,documentary
27759,comedy
27760,documentary
27761,comedy
27762,short
27763,short
27764,western
27765,documentary
27766,thriller
27767,documentary
27768,comedy
27769,drama
27770,drama
27771,drama
27772,talk-show
27773,documentary
27774,drama
27775,horror
27776,documentary
27777,comedy
27778,thriller
27779,short
27780,reality-tv
27781,drama
27782,drama
27783,comedy
27784,documentary
27785,thriller
27786,documentary
27787,music
27788,documentary
27789,drama
27790,comedy
27791,short
27792,drama
27793,sport
27794,documentary
27795,documentary
27796,comedy
27797,short
27798,horror
27799,comedy
27800,drama
27801,documentary
27802,comedy
27803,comedy
27804,comedy
27805,documentary
27806,comedy
27807,comedy
27808,drama
27809,horror
27810,documentary
27811,drama
27812,drama
27813,documentary
27814,romance
27815,drama
27816,documentary
27817,action
27818,documentary
27819,drama
27820,documentary
27821,talk-show
27822,drama
27823,drama
27824,documentary
27825,drama
27826,western
27827,drama
27828,comedy
27829,drama
27830,documentary
27831,drama
27832,documentary
27833,short
27834,drama
27835,documentary
27836,reality-tv
27837,documentary
27838,documentary
27839,documentary
27840,drama
27841,documentary
27842,drama
27843,drama
27844,comedy
27845,action
27846,drama
27847,drama
27848,comedy
27849,horror
27850,drama
27851,talk-show
27852,documentary
27853,drama
27854,comedy
27855,drama
27856,drama
27857,drama
27858,documentary
27859,drama
27860,horror
27861,horror
27862,drama
27863,drama
27864,comedy
27865,documentary
27866,drama
27867,comedy
27868,short
27869,thriller
27870,comedy
27871,drama
27872,drama
27873,western
27874,comedy
27875,drama
27876,drama
27877,drama
27878,drama
27879,drama
27880,documentary
27881,documentary
27882,documentary
27883,drama
27884,drama
27885,comedy
27886,horror
27887,documentary
27888,documentary
27889,documentary
27890,short
27891,short
27892,short
27893,drama
27894,drama
27895,thriller
27896,documentary
27897,drama
27898,documentary
27899,documentary
27900,comedy
27901,documentary
27902,documentary
27903,documentary
27904,documentary
27905,adventure
27906,short
27907,drama
27908,drama
27909,documentary
27910,documentary
27911,documentary
27912,documentary
27913,action
27914,comedy
27915,comedy
27916,drama
27917,documentary
27918,drama
27919,comedy
27920,drama
27921,documentary
27922,drama
27923,documentary
27924,drama
27925,drama
27926,drama
27927,documentary
27928,horror
27929,drama
27930,drama
27931,short
27932,horror
27933,drama
27934,comedy
27935,drama
27936,drama
27937,documentary
27938,horror
27939,comedy
27940,drama
27941,short
27942,documentary
27943,drama
27944,drama
27945,action
27946,drama
27947,action
27948,comedy
27949,comedy
27950,documentary
27951,short
27952,drama
27953,comedy
27954,drama
27955,drama
27956,documentary
27957,drama
27958,documentary
27959,comedy
27960,drama
27961,horror
27962,drama
27963,documentary
27964,drama
27965,horror
27966,drama
27967,horror
27968,documentary
27969,drama
27970,short
27971,drama
27972,drama
27973,comedy
27974,documentary
27975,documentary
27976,drama
27977,drama
27978,documentary
27979,short
27980,comedy
27981,drama
27982,comedy
27983,comedy
27984,comedy
27985,drama
27986,documentary
27987,drama
27988,documentary
27989,drama
27990,drama
27991,comedy
27992,drama
27993,comedy
27994,drama
27995,documentary
27996,documentary
27997,comedy
27998,drama
27999,drama
28000,short
28001,horror
28002,horror
28003,short
28004,drama
28005,comedy
28006,western
28007,drama
28008,documentary
28009,western
28010,drama
28011,documentary
28012,documentary
28013,documentary
28014,drama
28015,drama
28016,drama
28017,drama
28018,short
28019,drama
28020,drama
28021,drama
28022,documentary
28023,documentary
28024,documentary
28025,drama
28026,drama
28027,music
28028,short
28029,drama
28030,comedy
28031,drama
28032,drama
28033,drama
28034,documentary
28035,drama
28036,reality-tv
28037,documentary
28038,documentary
28039,drama
28040,documentary
28041,documentary
28042,documentary
28043,comedy
28044,comedy
28045,comedy
28046,crime
28047,documentary
28048,drama
28049,documentary
28050,drama
28051,comedy
28052,comedy
28053,comedy
28054,comedy
28055,documentary
28056,drama
28057,horror
28058,drama
28059,drama
28060,documentary
28061,western
28062,family
28063,documentary
28064,documentary
28065,short
28066,comedy
28067,documentary
28068,documentary
28069,thriller
28070,documentary
28071,short
28072,comedy
28073,short
28074,adventure
28075,drama
28076,documentary
28077,drama
28078,adult
28079,reality-tv
28080,short
28081,documentary
28082,short
28083,short
28084,documentary
28085,drama
28086,documentary
28087,drama
28088,documentary
28089,drama
28090,documentary
28091,documentary
28092,thriller
28093,drama
28094,documentary
28095,drama
28096,drama
28097,comedy
28098,documentary
28099,drama
28100,documentary
28101,comedy
28102,drama
28103,comedy
28104,documentary
28105,comedy
28106,drama
28107,family
28108,short
28109,documentary
28110,documentary
28111,documentary
28112,drama
28113,comedy
28114,drama
28115,documentary
28116,drama
28117,documentary
28118,documentary
28119,documentary
28120,documentary
28121,documentary
28122,drama
28123,documentary
28124,comedy
28125,comedy
28126,documentary
28127,drama
28128,drama
28129,documentary
28130,western
28131,horror
28132,music
28133,comedy
28134,short
28135,drama
28136,action
28137,documentary
28138,drama
28139,music
28140,drama
28141,comedy
28142,documentary
28143,drama
28144,horror
28145,comedy
28146,documentary
28147,documentary
28148,documentary
28149,documentary
28150,documentary
28151,horror
28152,comedy
28153,documentary
28154,drama
28155,comedy
28156,documentary
28157,documentary
28158,drama
28159,documentary
28160,documentary
28161,documentary
28162,documentary
28163,drama
28164,drama
28165,horror
28166,comedy
28167,comedy
28168,horror
28169,documentary
28170,drama
28171,documentary
28172,comedy
28173,drama
28174,sci-fi
28175,comedy
28176,documentary
28177,horror
28178,drama
28179,action
28180,documentary
28181,drama
28182,short
28183,thriller
28184,comedy
28185,documentary
28186,adventure
28187,documentary
28188,comedy
28189,documentary
28190,documentary
28191,drama
28192,drama
28193,comedy
28194,short
28195,horror
28196,horror
28197,documentary
28198,drama
28199,western
28200,documentary
28201,documentary
28202,documentary
28203,drama
28204,drama
28205,documentary
28206,sci-fi
28207,documentary
28208,drama
28209,comedy
28210,documentary
28211,drama
28212,documentary
28213,action
28214,documentary
28215,comedy
28216,documentary
28217,documentary
28218,comedy
28219,comedy
28220,comedy
28221,documentary
28222,horror
28223,documentary
28224,horror
28225,documentary
28226,drama
28227,drama
28228,reality-tv
28229,documentary
28230,documentary
28231,drama
28232,horror
28233,horror
28234,drama
28235,documentary
28236,drama
28237,documentary
28238,drama
28239,documentary
28240,horror
28241,sport
28242,documentary
28243,drama
28244,horror
28245,documentary
28246,drama
28247,drama
28248,drama
28249,drama
28250,drama
28251,documentary
28252,drama
28253,drama
28254,drama
28255,documentary
28256,documentary
28257,drama
28258,action
28259,drama
28260,documentary
28261,documentary
28262,short
28263,sci-fi
28264,sport
28265,drama
28266,documentary
28267,drama
28268,drama
28269,comedy
28270,horror
28271,western
28272,drama
28273,documentary
28274,drama
28275,documentary
28276,documentary
28277,documentary
28278,drama
28279,drama
28280,action
28281,comedy
28282,comedy
28283,short
28284,adult
28285,short
28286,drama
28287,drama
28288,drama
28289,horror
28290,documentary
28291,documentary
28292,drama
28293,short
28294,documentary
28295,documentary
28296,drama
28297,comedy
28298,drama
28299,drama
28300,documentary
28301,documentary
28302,drama
28303,comedy
28304,documentary
28305,drama
28306,comedy
28307,documentary
28308,music
28309,comedy
28310,documentary
28311,documentary
28312,documentary
28313,drama
28314,drama
28315,action
28316,drama
28317,music
28318,documentary
28319,drama
28320,documentary
28321,documentary
28322,documentary
28323,drama
28324,documentary
28325,comedy
28326,documentary
28327,documentary
28328,comedy
28329,comedy
28330,short
28331,short
28332,comedy
28333,drama
28334,drama
28335,drama
28336,game-show
28337,drama
28338,documentary
28339,drama
28340,drama
28341,documentary
28342,sport
28343,documentary
28344,drama
28345,comedy
28346,documentary
28347,comedy
28348,documentary
28349,documentary
28350,documentary
28351,short
28352,drama
28353,drama
28354,drama
28355,drama
28356,documentary
28357,documentary
28358,documentary
28359,documentary
28360,documentary
28361,music
28362,documentary
28363,comedy
28364,short
28365,documentary
28366,short
28367,documentary
28368,drama
28369,drama
28370,comedy
28371,drama
28372,documentary
28373,documentary
28374,short
28375,crime
28376,drama
28377,drama
28378,comedy
28379,music
28380,thriller
28381,drama
28382,comedy
28383,action
28384,sport
28385,comedy
28386,short
28387,drama
28388,drama
28389,short
28390,reality-tv
28391,documentary
28392,documentary
28393,short
28394,documentary
28395,drama
28396,documentary
28397,western
28398,drama
28399,documentary
28400,family
28401,short
28402,documentary
28403,drama
28404,comedy
28405,drama
28406,documentary
28407,documentary
28408,documentary
28409,documentary
28410,drama
28411,comedy
28412,drama
28413,comedy
28414,reality-tv
28415,comedy
28416,documentary
28417,documentary
28418,drama
28419,short
28420,comedy
28421,documentary
28422,comedy
28423,drama
28424,drama
28425,comedy
28426,comedy
28427,horror
28428,documentary
28429,drama
28430,drama
28431,horror
28432,documentary
28433,drama
28434,documentary
28435,documentary
28436,documentary
28437,horror
28438,comedy
28439,drama
28440,documentary
28441,drama
28442,documentary
28443,drama
28444,documentary
28445,comedy
28446,short
28447,comedy
28448,drama
28449,documentary
28450,drama
28451,drama
28452,documentary
28453,drama
28454,comedy
28455,documentary
28456,documentary
28457,drama
28458,short
28459,short
28460,documentary
28461,documentary
28462,animation
28463,short
28464,documentary
28465,drama
28466,comedy
28467,drama
28468,thriller
28469,documentary
28470,documentary
28471,documentary
28472,drama
28473,adventure
28474,comedy
28475,drama
28476,drama
28477,drama
28478,documentary
28479,drama
28480,action
28481,comedy
28482,documentary
28483,drama
28484,drama
28485,western
28486,comedy
28487,sci-fi
28488,documentary
28489,drama
28490,documentary
28491,documentary
28492,music
28493,drama
28494,documentary
28495,short
28496,sport
28497,comedy
28498,documentary
28499,comedy
28500,horror
28501,documentary
28502,drama
28503,documentary
28504,documentary
28505,drama
28506,documentary
28507,comedy
28508,comedy
28509,drama
28510,drama
28511,documentary
28512,drama
28513,drama
28514,documentary
28515,documentary
28516,comedy
28517,documentary
28518,comedy
28519,documentary
28520,documentary
28521,drama
28522,drama
28523,comedy
28524,drama
28525,drama
28526,documentary
28527,drama
28528,documentary
28529,drama
28530,comedy
28531,comedy
28532,comedy
28533,short
28534,documentary
28535,thriller
28536,music
28537,documentary
28538,documentary
28539,action
28540,drama
28541,documentary
28542,sport
28543,thriller
28544,comedy
28545,comedy
28546,drama
28547,documentary
28548,drama
28549,documentary
28550,documentary
28551,horror
28552,documentary
28553,documentary
28554,comedy
28555,drama
28556,documentary
28557,drama
28558,comedy
28559,drama
28560,documentary
28561,drama
28562,drama
28563,animation
28564,comedy
28565,drama
28566,reality-tv
28567,documentary
28568,drama
28569,drama
28570,documentary
28571,drama
28572,short
28573,comedy
28574,drama
28575,documentary
28576,horror
28577,documentary
28578,documentary
28579,documentary
28580,drama
28581,drama
28582,drama
28583,drama
28584,drama
28585,western
28586,documentary
28587,short
28588,comedy
28589,short
28590,documentary
28591,documentary
28592,documentary
28593,drama
28594,documentary
28595,drama
28596,documentary
28597,drama
28598,comedy
28599,documentary
28600,adventure
28601,drama
28602,documentary
28603,documentary
28604,drama
28605,documentary
28606,family
28607,documentary
28608,drama
28609,western
28610,drama
28611,drama
28612,drama
28613,horror
28614,documentary
28615,documentary
28616,comedy
28617,short
28618,documentary
28619,horror
28620,short
28621,drama
28622,documentary
28623,comedy
28624,horror
28625,documentary
28626,drama
28627,drama
28628,documentary
28629,documentary
28630,comedy
28631,drama
28632,comedy
28633,documentary
28634,documentary
28635,documentary
28636,drama
28637,drama
28638,drama
28639,documentary
28640,drama
28641,reality-tv
28642,short
28643,drama
28644,drama
28645,comedy
28646,horror
28647,drama
28648,drama
28649,drama
28650,drama
28651,documentary
28652,reality-tv
28653,drama
28654,comedy
28655,thriller
28656,musical
28657,documentary
28658,adventure
28659,drama
28660,short
28661,comedy
28662,documentary
28663,drama
28664,comedy
28665,comedy
28666,documentary
28667,documentary
28668,documentary
28669,comedy
28670,drama
28671,western
28672,documentary
28673,comedy
28674,drama
28675,short
28676,comedy
28677,horror
28678,comedy
28679,documentary
28680,documentary
28681,documentary
28682,drama
28683,documentary
28684,drama
28685,drama
28686,comedy
28687,short
28688,documentary
28689,documentary
28690,comedy
28691,western
28692,drama
28693,comedy
28694,action
28695,drama
28696,short
28697,documentary
28698,comedy
28699,documentary
28700,documentary
28701,comedy
28702,drama
28703,documentary
28704,documentary
28705,comedy
28706,drama
28707,documentary
28708,family
28709,horror
28710,documentary
28711,comedy
28712,documentary
28713,documentary
28714,short
28715,drama
28716,documentary
28717,music
28718,comedy
28719,documentary
28720,documentary
28721,family
28722,comedy
28723,documentary
28724,comedy
28725,drama
28726,drama
28727,drama
28728,documentary
28729,drama
28730,documentary
28731,documentary
28732,short
28733,comedy
28734,comedy
28735,documentary
28736,documentary
28737,drama
28738,documentary
28739,drama
28740,documentary
28741,drama
28742,drama
28743,drama
28744,documentary
28745,drama
28746,comedy
28747,short
28748,drama
28749,short
28750,comedy
28751,comedy
28752,documentary
28753,drama
28754,western
28755,comedy
28756,drama
28757,documentary
28758,drama
28759,comedy
28760,documentary
28761,horror
28762,horror
28763,documentary
28764,documentary
28765,documentary
28766,short
28767,drama
28768,drama
28769,thriller
28770,documentary
28771,comedy
28772,drama
28773,drama
28774,comedy
28775,documentary
28776,comedy
28777,documentary
28778,comedy
28779,documentary
28780,drama
28781,drama
28782,comedy
28783,adventure
28784,comedy
28785,comedy
28786,documentary
28787,sci-fi
28788,drama
28789,documentary
28790,drama
28791,documentary
28792,documentary
28793,drama
28794,drama
28795,comedy
28796,documentary
28797,short
28798,short
28799,drama
28800,drama
28801,drama
28802,drama
28803,comedy
28804,drama
28805,documentary
28806,comedy
28807,documentary
28808,music
28809,horror
28810,western
28811,sport
28812,drama
28813,documentary
28814,drama
28815,documentary
28816,drama
28817,drama
28818,drama
28819,comedy
28820,documentary
28821,short
28822,documentary
28823,short
28824,comedy
28825,drama
28826,comedy
28827,short
28828,family
28829,drama
28830,drama
28831,comedy
28832,drama
28833,documentary
28834,drama
28835,comedy
28836,documentary
28837,documentary
28838,comedy
28839,documentary
28840,drama
28841,horror
28842,short
28843,drama
28844,drama
28845,documentary
28846,short
28847,comedy
28848,documentary
28849,drama
28850,documentary
28851,horror
28852,drama
28853,drama
28854,music
28855,drama
28856,adult
28857,drama
28858,drama
28859,short
28860,documentary
28861,drama
28862,drama
28863,documentary
28864,documentary
28865,short
28866,short
28867,drama
28868,drama
28869,western
28870,short
28871,sci-fi
28872,sci-fi
28873,documentary
28874,music
28875,documentary
28876,comedy
28877,documentary
28878,drama
28879,documentary
28880,short
28881,drama
28882,comedy
28883,documentary
28884,drama
28885,documentary
28886,music
28887,documentary
28888,drama
28889,drama
28890,comedy
28891,western
28892,drama
28893,documentary
28894,drama
28895,comedy
28896,comedy
28897,drama
28898,horror
28899,drama
28900,documentary
28901,documentary
28902,drama
28903,reality-tv
28904,drama
28905,documentary
28906,action
28907,drama
28908,drama
28909,documentary
28910,short
28911,drama
28912,short
28913,reality-tv
28914,comedy
28915,sci-fi
28916,drama
28917,documentary
28918,drama
28919,comedy
28920,documentary
28921,documentary
28922,comedy
28923,documentary
28924,drama
28925,documentary
28926,drama
28927,documentary
28928,documentary
28929,documentary
28930,drama
28931,documentary
28932,drama
28933,drama
28934,horror
28935,short
28936,drama
28937,drama
28938,drama
28939,drama
28940,music
28941,drama
28942,drama
28943,drama
28944,drama
28945,drama
28946,documentary
28947,comedy
28948,short
28949,drama
28950,talk-show
28951,documentary
28952,comedy
28953,action
28954,documentary
28955,drama
28956,short
28957,documentary
28958,documentary
28959,drama
28960,action
28961,music
28962,drama
28963,drama
28964,documentary
28965,sci-fi
28966,documentary
28967,documentary
28968,documentary
28969,western
28970,drama
28971,drama
28972,drama
28973,comedy
28974,comedy
28975,drama
28976,documentary
28977,comedy
28978,short
28979,drama
28980,documentary
28981,comedy
28982,documentary
28983,comedy
28984,comedy
28985,comedy
28986,comedy
28987,drama
28988,documentary
28989,short
28990,drama
28991,adventure
28992,game-show
28993,comedy
28994,horror
28995,drama
28996,comedy
28997,drama
28998,documentary
28999,comedy
29000,western
29001,comedy
29002,documentary
29003,comedy
29004,documentary
29005,drama
29006,drama
29007,documentary
29008,drama
29009,drama
29010,documentary
29011,documentary
29012,documentary
29013,drama
29014,drama
29015,thriller
29016,documentary
29017,comedy
29018,thriller
29019,drama
29020,short
29021,comedy
29022,comedy
29023,drama
29024,documentary
29025,romance
29026,documentary
29027,documentary
29028,drama
29029,documentary
29030,documentary
29031,drama
29032,drama
29033,drama
29034,comedy
29035,documentary
29036,action
29037,comedy
29038,western
29039,western
29040,short
29041,documentary
29042,drama
29043,documentary
29044,documentary
29045,family
29046,comedy
29047,drama
29048,comedy
29049,documentary
29050,drama
29051,short
29052,comedy
29053,documentary
29054,documentary
29055,drama
29056,drama
29057,documentary
29058,documentary
29059,documentary
29060,horror
29061,family
29062,documentary
29063,drama
29064,comedy
29065,short
29066,documentary
29067,thriller
29068,drama
29069,documentary
29070,drama
29071,horror
29072,drama
29073,drama
29074,short
29075,documentary
29076,comedy
29077,documentary
29078,drama
29079,comedy
29080,horror
29081,drama
29082,documentary
29083,documentary
29084,documentary
29085,documentary
29086,documentary
29087,drama
29088,horror
29089,horror
29090,action
29091,documentary
29092,comedy
29093,drama
29094,horror
29095,documentary
29096,documentary
29097,short
29098,drama
29099,documentary
29100,documentary
29101,music
29102,documentary
29103,comedy
29104,documentary
29105,comedy
29106,drama
29107,horror
29108,drama
29109,short
29110,drama
29111,drama
29112,news
29113,comedy
29114,action
29115,comedy
29116,drama
29117,drama
29118,documentary
29119,comedy
29120,documentary
29121,drama
29122,western
29123,drama
29124,drama
29125,comedy
29126,drama
29127,drama
29128,drama
29129,drama
29130,drama
29131,drama
29132,comedy
29133,drama
29134,documentary
29135,documentary
29136,drama
29137,drama
29138,documentary
29139,documentary
29140,documentary
29141,documentary
29142,short
29143,short
29144,drama
29145,drama
29146,documentary
29147,documentary
29148,documentary
29149,documentary
29150,documentary
29151,drama
29152,drama
29153,comedy
29154,documentary
29155,short
29156,drama
29157,documentary
29158,drama
29159,drama
29160,drama
29161,documentary
29162,drama
29163,drama
29164,documentary
29165,drama
29166,short
29167,short
29168,comedy
29169,drama
29170,comedy
29171,drama
29172,drama
29173,drama
29174,documentary
29175,comedy
29176,drama
29177,documentary
29178,drama
29179,documentary
29180,drama
29181,documentary
29182,comedy
29183,drama
29184,comedy
29185,documentary
29186,horror
29187,drama
29188,sci-fi
29189,documentary
29190,horror
29191,drama
29192,comedy
29193,drama
29194,drama
29195,drama
29196,drama
29197,action
29198,documentary
29199,comedy
29200,documentary
29201,action
29202,drama
29203,drama
29204,drama
29205,documentary
29206,documentary
29207,documentary
29208,short
29209,drama
29210,documentary
29211,thriller
29212,comedy
29213,drama
29214,comedy
29215,drama
29216,documentary
29217,drama
29218,short
29219,drama
29220,comedy
29221,action
29222,drama
29223,comedy
29224,comedy
29225,documentary
29226,documentary
29227,drama
29228,documentary
29229,reality-tv
29230,comedy
29231,drama
29232,comedy
29233,short
29234,horror
29235,drama
29236,documentary
29237,horror
29238,horror
29239,comedy
29240,documentary
29241,documentary
29242,drama
29243,drama
29244,documentary
29245,comedy
29246,drama
29247,drama
29248,drama
29249,horror
29250,drama
29251,drama
29252,drama
29253,drama
29254,comedy
29255,horror
29256,horror
29257,documentary
29258,documentary
29259,action
29260,documentary
29261,documentary
29262,short
29263,comedy
29264,comedy
29265,horror
29266,drama
29267,comedy
29268,documentary
29269,drama
29270,adventure
29271,short
29272,comedy
29273,short
29274,documentary
29275,drama
29276,documentary
29277,adventure
29278,comedy
29279,sci-fi
29280,drama
29281,horror
29282,horror
29283,documentary
29284,documentary
29285,short
29286,family
29287,drama
29288,drama
29289,documentary
29290,drama
29291,documentary
29292,game-show
29293,documentary
29294,talk-show
29295,documentary
29296,drama
29297,drama
29298,short
29299,comedy
29300,horror
29301,comedy
29302,comedy
29303,animation
29304,horror
29305,documentary
29306,comedy
29307,comedy
29308,drama
29309,documentary
29310,comedy
29311,comedy
29312,drama
29313,drama
29314,documentary
29315,horror
29316,documentary
29317,drama
29318,comedy
29319,thriller
29320,documentary
29321,documentary
29322,documentary
29323,reality-tv
29324,thriller
29325,drama
29326,drama
29327,horror
29328,thriller
29329,drama
29330,documentary
29331,documentary
29332,documentary
29333,documentary
29334,short
29335,documentary
29336,drama
29337,drama
29338,comedy
29339,comedy
29340,documentary
29341,drama
29342,comedy
29343,documentary
29344,comedy
29345,documentary
29346,short
29347,drama
29348,documentary
29349,drama
29350,comedy
29351,documentary
29352,crime
29353,documentary
29354,documentary
29355,documentary
29356,comedy
29357,documentary
29358,thriller
29359,sci-fi
29360,documentary
29361,drama
29362,documentary
29363,drama
29364,comedy
29365,documentary
29366,documentary
29367,drama
29368,action
29369,thriller
29370,comedy
29371,documentary
29372,documentary
29373,horror
29374,documentary
29375,drama
29376,comedy
29377,horror
29378,sport
29379,documentary
29380,comedy
29381,game-show
29382,documentary
29383,drama
29384,short
29385,drama
29386,documentary
29387,drama
29388,documentary
29389,comedy
29390,drama
29391,drama
29392,western
29393,drama
29394,drama
29395,drama
29396,news
29397,comedy
29398,comedy
29399,action
29400,drama
29401,drama
29402,documentary
29403,documentary
29404,drama
29405,documentary
29406,documentary
29407,horror
29408,drama
29409,drama
29410,comedy
29411,documentary
29412,drama
29413,documentary
29414,documentary
29415,drama
29416,drama
29417,drama
29418,documentary
29419,drama
29420,documentary
29421,drama
29422,short
29423,family
29424,documentary
29425,comedy
29426,drama
29427,drama
29428,documentary
29429,documentary
29430,comedy
29431,drama
29432,documentary
29433,documentary
29434,drama
29435,comedy
29436,drama
29437,action
29438,drama
29439,drama
29440,drama
29441,horror
29442,drama
29443,drama
29444,comedy
29445,drama
29446,comedy
29447,music
29448,comedy
29449,documentary
29450,comedy
29451,western
29452,documentary
29453,drama
29454,drama
29455,drama
29456,comedy
29457,drama
29458,short
29459,drama
29460,drama
29461,drama
29462,documentary
29463,documentary
29464,drama
29465,drama
29466,documentary
29467,comedy
29468,adult
29469,documentary
29470,documentary
29471,comedy
29472,documentary
29473,drama
29474,documentary
29475,drama
29476,drama
29477,western
29478,comedy
29479,drama
29480,documentary
29481,documentary
29482,short
29483,animation
29484,documentary
29485,drama
29486,drama
29487,drama
29488,drama
29489,drama
29490,drama
29491,documentary
29492,documentary
29493,comedy
29494,documentary
29495,drama
29496,documentary
29497,documentary
29498,western
29499,drama
29500,documentary
29501,drama
29502,comedy
29503,drama
29504,drama
29505,drama
29506,documentary
29507,comedy
29508,comedy
29509,drama
29510,comedy
29511,drama
29512,short
29513,documentary
29514,music
29515,drama
29516,documentary
29517,drama
29518,documentary
29519,comedy
29520,drama
29521,drama
29522,documentary
29523,drama
29524,drama
29525,action
29526,comedy
29527,drama
29528,documentary
29529,comedy
29530,documentary
29531,drama
29532,documentary
29533,documentary
29534,action
29535,drama
29536,documentary
29537,comedy
29538,comedy
29539,documentary
29540,comedy
29541,drama
29542,comedy
29543,comedy
29544,drama
29545,short
29546,drama
29547,documentary
29548,drama
29549,documentary
29550,short
29551,documentary
29552,documentary
29553,short
29554,comedy
29555,action
29556,drama
29557,comedy
29558,drama
29559,documentary
29560,comedy
29561,documentary
29562,documentary
29563,documentary
29564,drama
29565,drama
29566,documentary
29567,documentary
29568,comedy
29569,sport
29570,action
29571,drama
29572,comedy
29573,short
29574,drama
29575,documentary
29576,drama
29577,documentary
29578,drama
29579,documentary
29580,comedy
29581,short
29582,comedy
29583,documentary
29584,documentary
29585,documentary
29586,documentary
29587,drama
29588,horror
29589,documentary
29590,drama
29591,documentary
29592,comedy
29593,music
29594,drama
29595,adult
29596,documentary
29597,drama
29598,reality-tv
29599,drama
29600,documentary
29601,comedy
29602,drama
29603,documentary
29604,comedy
29605,sci-fi
29606,comedy
29607,comedy
29608,drama
29609,documentary
29610,documentary
29611,documentary
29612,family
29613,action
29614,drama
29615,comedy
29616,drama
29617,comedy
29618,drama
29619,thriller
29620,drama
29621,comedy
29622,documentary
29623,documentary
29624,drama
29625,drama
29626,short
29627,documentary
29628,drama
29629,documentary
29630,western
29631,drama
29632,music
29633,documentary
29634,drama
29635,drama
29636,comedy
29637,documentary
29638,documentary
29639,comedy
29640,comedy
29641,drama
29642,thriller
29643,documentary
29644,documentary
29645,reality-tv
29646,drama
29647,documentary
29648,documentary
29649,drama
29650,documentary
29651,documentary
29652,documentary
29653,documentary
29654,drama
29655,drama
29656,documentary
29657,short
29658,documentary
29659,drama
29660,comedy
29661,drama
29662,comedy
29663,short
29664,drama
29665,drama
29666,drama
29667,documentary
29668,documentary
29669,drama
29670,documentary
29671,documentary
29672,documentary
29673,drama
29674,horror
29675,drama
29676,documentary
29677,documentary
29678,documentary
29679,documentary
29680,drama
29681,short
29682,drama
29683,comedy
29684,documentary
29685,documentary
29686,drama
29687,drama
29688,drama
29689,horror
29690,drama
29691,drama
29692,short
29693,documentary
29694,drama
29695,drama
29696,comedy
29697,drama
29698,drama
29699,documentary
29700,drama
29701,comedy
29702,drama
29703,drama
29704,documentary
29705,drama
29706,documentary
29707,drama
29708,comedy
29709,comedy
29710,thriller
29711,short
29712,documentary
29713,documentary
29714,documentary
29715,documentary
29716,drama
29717,comedy
29718,documentary
29719,action
29720,drama
29721,documentary
29722,music
29723,drama
29724,comedy
29725,drama
29726,short
29727,drama
29728,drama
29729,documentary
29730,drama
29731,documentary
29732,horror
29733,comedy
29734,documentary
29735,comedy
29736,documentary
29737,drama
29738,action
29739,documentary
29740,documentary
29741,drama
29742,documentary
29743,horror
29744,documentary
29745,comedy
29746,documentary
29747,comedy
29748,documentary
29749,sci-fi
29750,drama
29751,drama
29752,drama
29753,comedy
29754,drama
29755,documentary
29756,documentary
29757,action
29758,documentary
29759,documentary
29760,drama
29761,drama
29762,adult
29763,comedy
29764,comedy
29765,horror
29766,documentary
29767,drama
29768,documentary
29769,horror
29770,drama
29771,drama
29772,horror
29773,drama
29774,documentary
29775,horror
29776,sci-fi
29777,drama
29778,documentary
29779,documentary
29780,comedy
29781,comedy
29782,drama
29783,drama
29784,documentary
29785,comedy
29786,western
29787,documentary
29788,thriller
29789,drama
29790,documentary
29791,reality-tv
29792,comedy
29793,documentary
29794,drama
29795,comedy
29796,drama
29797,documentary
29798,drama
29799,drama
29800,comedy
29801,drama
29802,documentary
29803,drama
29804,documentary
29805,documentary
29806,adult
29807,drama
29808,horror
29809,drama
29810,reality-tv
29811,animation
29812,documentary
29813,drama
29814,action
29815,drama
29816,drama
29817,action
29818,comedy
29819,documentary
29820,documentary
29821,documentary
29822,drama
29823,comedy
29824,sci-fi
29825,drama
29826,horror
29827,drama
29828,drama
29829,drama
29830,drama
29831,drama
29832,documentary
29833,drama
29834,comedy
29835,comedy
29836,short
29837,documentary
29838,drama
29839,short
29840,drama
29841,documentary
29842,drama
29843,drama
29844,comedy
29845,comedy
29846,horror
29847,drama
29848,documentary
29849,drama
29850,reality-tv
29851,comedy
29852,western
29853,drama
29854,drama
29855,western
29856,drama
29857,documentary
29858,drama
29859,drama
29860,drama
29861,documentary
29862,documentary
29863,documentary
29864,comedy
29865,drama
29866,short
29867,family
29868,comedy
29869,drama
29870,drama
29871,drama
29872,comedy
29873,drama
29874,documentary
29875,short
29876,documentary
29877,horror
29878,documentary
29879,drama
29880,documentary
29881,drama
29882,family
29883,comedy
29884,drama
29885,drama
29886,documentary
29887,drama
29888,comedy
29889,comedy
29890,comedy
29891,documentary
29892,comedy
29893,comedy
29894,drama
29895,comedy
29896,documentary
29897,drama
29898,documentary
29899,comedy
29900,drama
29901,western
29902,documentary
29903,documentary
29904,drama
29905,documentary
29906,documentary
29907,fantasy
29908,drama
29909,drama
29910,drama
29911,drama
29912,short
29913,documentary
29914,drama
29915,comedy
29916,drama
29917,horror
29918,horror
29919,documentary
29920,drama
29921,drama
29922,drama
29923,documentary
29924,documentary
29925,comedy
29926,drama
29927,musical
29928,documentary
29929,documentary
29930,documentary
29931,drama
29932,documentary
29933,drama
29934,drama
29935,short
29936,documentary
29937,action
29938,action
29939,drama
29940,western
29941,comedy
29942,documentary
29943,comedy
29944,comedy
29945,drama
29946,drama
29947,documentary
29948,documentary
29949,documentary
29950,comedy
29951,documentary
29952,drama
29953,animation
29954,drama
29955,drama
29956,short
29957,short
29958,horror
29959,documentary
29960,drama
29961,documentary
29962,documentary
29963,sci-fi
29964,documentary
29965,horror
29966,drama
29967,drama
29968,documentary
29969,drama
29970,drama
29971,horror
29972,drama
29973,comedy
29974,comedy
29975,documentary
29976,documentary
29977,documentary
29978,comedy
29979,drama
29980,documentary
29981,reality-tv
29982,horror
29983,drama
29984,thriller
29985,documentary
29986,drama
29987,drama
29988,drama
29989,short
29990,documentary
29991,comedy
29992,drama
29993,short
29994,documentary
29995,drama
29996,documentary
29997,documentary
29998,comedy
29999,drama
30000,short
30001,documentary
30002,drama
30003,drama
30004,short
30005,documentary
30006,music
30007,documentary
30008,documentary
30009,drama
30010,comedy
30011,documentary
30012,adult
30013,documentary
30014,comedy
30015,comedy
30016,documentary
30017,drama
30018,horror
30019,horror
30020,drama
30021,documentary
30022,documentary
30023,documentary
30024,short
30025,documentary
30026,comedy
30027,documentary
30028,documentary
30029,reality-tv
30030,documentary
30031,drama
30032,sci-fi
30033,comedy
30034,drama
30035,drama
30036,short
30037,drama
30038,comedy
30039,documentary
30040,documentary
30041,drama
30042,drama
30043,drama
30044,documentary
30045,horror
30046,drama
30047,drama
30048,documentary
30049,music
30050,documentary
30051,documentary
30052,thriller
30053,documentary
30054,short
30055,action
30056,documentary
30057,thriller
30058,drama
30059,drama
30060,drama
30061,comedy
30062,drama
30063,documentary
30064,drama
30065,documentary
30066,comedy
30067,documentary
30068,documentary
30069,comedy
30070,documentary
30071,horror
30072,drama
30073,short
30074,documentary
30075,documentary
30076,documentary
30077,documentary
30078,documentary
30079,documentary
30080,documentary
30081,drama
30082,drama
30083,comedy
30084,documentary
30085,short
30086,documentary
30087,documentary
30088,comedy
30089,drama
30090,documentary
30091,drama
30092,talk-show
30093,western
30094,horror
30095,documentary
30096,comedy
30097,documentary
30098,game-show
30099,drama
30100,drama
30101,western
30102,drama
30103,drama
30104,drama
30105,drama
30106,documentary
30107,documentary
30108,documentary
30109,documentary
30110,comedy
30111,horror
30112,documentary
30113,documentary
30114,drama
30115,drama
30116,documentary
30117,drama
30118,documentary
30119,action
30120,documentary
30121,documentary
30122,drama
30123,drama
30124,documentary
30125,documentary
30126,short
30127,drama
30128,comedy
30129,drama
30130,documentary
30131,comedy
30132,adult
30133,drama
30134,documentary
30135,documentary
30136,short
30137,short
30138,comedy
30139,drama
30140,music
30141,drama
30142,talk-show
30143,documentary
30144,drama
30145,documentary
30146,documentary
30147,drama
30148,drama
30149,fantasy
30150,drama
30151,drama
30152,documentary
30153,drama
30154,comedy
30155,comedy
30156,drama
30157,drama
30158,comedy
30159,documentary
30160,documentary
30161,drama
30162,documentary
30163,comedy
30164,drama
30165,drama
30166,documentary
30167,comedy
30168,short
30169,adventure
30170,documentary
30171,documentary
30172,drama
30173,documentary
30174,documentary
30175,drama
30176,documentary
30177,drama
30178,thriller
30179,drama
30180,drama
30181,documentary
30182,documentary
30183,documentary
30184,short
30185,drama
30186,documentary
30187,drama
30188,drama
30189,drama
30190,drama
30191,drama
30192,sci-fi
30193,comedy
30194,horror
30195,documentary
30196,short
30197,short
30198,drama
30199,comedy
30200,documentary
30201,drama
30202,drama
30203,documentary
30204,drama
30205,drama
30206,comedy
30207,drama
30208,documentary
30209,comedy
30210,reality-tv
30211,drama
30212,comedy
30213,drama
30214,drama
30215,documentary
30216,documentary
30217,animation
30218,drama
30219,drama
30220,drama
30221,drama
30222,comedy
30223,short
30224,horror
30225,documentary
30226,documentary
30227,drama
30228,drama
30229,drama
30230,drama
30231,drama
30232,documentary
30233,documentary
30234,drama
30235,documentary
30236,adventure
30237,drama
30238,drama
30239,drama
30240,documentary
30241,horror
30242,reality-tv
30243,comedy
30244,documentary
30245,drama
30246,drama
30247,comedy
30248,drama
30249,documentary
30250,documentary
30251,drama
30252,comedy
30253,documentary
30254,documentary
30255,documentary
30256,documentary
30257,drama
30258,drama
30259,short
30260,documentary
30261,documentary
30262,comedy
30263,music
30264,documentary
30265,documentary
30266,drama
30267,drama
30268,documentary
30269,comedy
30270,drama
30271,drama
30272,documentary
30273,drama
30274,comedy
30275,comedy
30276,documentary
30277,drama
30278,thriller
30279,drama
30280,drama
30281,documentary
30282,documentary
30283,drama
30284,documentary
30285,short
30286,drama
30287,comedy
30288,documentary
30289,documentary
30290,drama
30291,short
30292,drama
30293,thriller
30294,drama
30295,documentary
30296,drama
30297,documentary
30298,sport
30299,comedy
30300,documentary
30301,short
30302,drama
30303,comedy
30304,comedy
30305,short
30306,drama
30307,documentary
30308,drama
30309,documentary
30310,drama
30311,drama
30312,documentary
30313,action
30314,documentary
30315,documentary
30316,horror
30317,comedy
30318,drama
30319,drama
30320,documentary
30321,drama
30322,western
30323,drama
30324,documentary
30325,sport
30326,documentary
30327,documentary
30328,comedy
30329,drama
30330,documentary
30331,drama
30332,short
30333,horror
30334,documentary
30335,short
30336,comedy
30337,documentary
30338,documentary
30339,drama
30340,drama
30341,comedy
30342,short
30343,drama
30344,documentary
30345,short
30346,drama
30347,comedy
30348,drama
30349,comedy
30350,documentary
30351,documentary
30352,comedy
30353,short
30354,drama
30355,documentary
30356,drama
30357,drama
30358,drama
30359,drama
30360,documentary
30361,short
30362,drama
30363,drama
30364,documentary
30365,short
30366,short
30367,drama
30368,drama
30369,comedy
30370,comedy
30371,drama
30372,drama
30373,short
30374,short
30375,comedy
30376,drama
30377,drama
30378,documentary
30379,drama
30380,drama
30381,drama
30382,comedy
30383,horror
30384,drama
30385,action
30386,drama
30387,documentary
30388,drama
30389,drama
30390,drama
30391,drama
30392,documentary
30393,documentary
30394,comedy
30395,drama
30396,documentary
30397,documentary
30398,comedy
30399,documentary
30400,drama
30401,comedy
30402,drama
30403,comedy
30404,drama
30405,documentary
30406,comedy
30407,short
30408,comedy
30409,documentary
30410,drama
30411,drama
30412,sport
30413,drama
30414,documentary
30415,comedy
30416,drama
30417,documentary
30418,drama
30419,drama
30420,comedy
30421,documentary
30422,drama
30423,drama
30424,drama
30425,adult
30426,drama
30427,documentary
30428,drama
30429,action
30430,drama
30431,thriller
30432,horror
30433,documentary
30434,documentary
30435,drama
30436,western
30437,documentary
30438,horror
30439,action
30440,action
30441,drama
30442,documentary
30443,comedy
30444,drama
30445,comedy
30446,documentary
30447,documentary
30448,horror
30449,drama
30450,documentary
30451,comedy
30452,drama
30453,drama
30454,short
30455,documentary
30456,western
30457,drama
30458,short
30459,adult
30460,drama
30461,documentary
30462,documentary
30463,documentary
30464,documentary
30465,documentary
30466,short
30467,documentary
30468,drama
30469,drama
30470,reality-tv
30471,short
30472,horror
30473,adult
30474,documentary
30475,drama
30476,thriller
30477,drama
30478,short
30479,documentary
30480,drama
30481,drama
30482,drama
30483,drama
30484,drama
30485,short
30486,documentary
30487,sport
30488,documentary
30489,drama
30490,drama
30491,drama
30492,horror
30493,drama
30494,documentary
30495,short
30496,drama
30497,drama
30498,documentary
30499,documentary
30500,drama
30501,sci-fi
30502,documentary
30503,drama
30504,short
30505,family
30506,horror
30507,drama
30508,drama
30509,comedy
30510,documentary
30511,drama
30512,comedy
30513,comedy
30514,documentary
30515,short
30516,music
30517,thriller
30518,drama
30519,comedy
30520,reality-tv
30521,western
30522,documentary
30523,documentary
30524,drama
30525,documentary
30526,western
30527,drama
30528,comedy
30529,comedy
30530,documentary
30531,short
30532,drama
30533,drama
30534,family
30535,documentary
30536,documentary
30537,drama
30538,comedy
30539,comedy
30540,documentary
30541,documentary
30542,drama
30543,music
30544,comedy
30545,comedy
30546,documentary
30547,comedy
30548,horror
30549,talk-show
30550,thriller
30551,documentary
30552,drama
30553,drama
30554,documentary
30555,drama
30556,documentary
30557,documentary
30558,comedy
30559,drama
30560,short
30561,comedy
30562,horror
30563,documentary
30564,documentary
30565,drama
30566,documentary
30567,documentary
30568,western
30569,documentary
30570,drama
30571,war
30572,drama
30573,drama
30574,drama
30575,drama
30576,documentary
30577,comedy
30578,comedy
30579,documentary
30580,documentary
30581,comedy
30582,drama
30583,documentary
30584,drama
30585,drama
30586,drama
30587,drama
30588,drama
30589,documentary
30590,documentary
30591,drama
30592,comedy
30593,comedy
30594,short
30595,comedy
30596,drama
30597,documentary
30598,drama
30599,drama
30600,adventure
30601,comedy
30602,documentary
30603,documentary
30604,comedy
30605,short
30606,short
30607,documentary
30608,drama
30609,drama
30610,short
30611,horror
30612,drama
30613,documentary
30614,adventure
30615,western
30616,documentary
30617,documentary
30618,documentary
30619,music
30620,western
30621,comedy
30622,documentary
30623,action
30624,documentary
30625,documentary
30626,comedy
30627,horror
30628,drama
30629,western
30630,documentary
30631,comedy
30632,documentary
30633,comedy
30634,drama
30635,horror
30636,documentary
30637,documentary
30638,documentary
30639,documentary
30640,sport
30641,documentary
30642,short
30643,documentary
30644,documentary
30645,documentary
30646,documentary
30647,documentary
30648,drama
30649,documentary
30650,drama
30651,comedy
30652,comedy
30653,drama
30654,short
30655,documentary
30656,comedy
30657,documentary
30658,drama
30659,drama
30660,documentary
30661,documentary
30662,sci-fi
30663,comedy
30664,documentary
30665,documentary
30666,sport
30667,drama
30668,drama
30669,drama
30670,drama
30671,reality-tv
30672,drama
30673,documentary
30674,drama
30675,drama
30676,documentary
30677,documentary
30678,documentary
30679,talk-show
30680,documentary
30681,drama
30682,horror
30683,documentary
30684,comedy
30685,drama
30686,drama
30687,short
30688,documentary
30689,action
30690,short
30691,drama
30692,horror
30693,documentary
30694,comedy
30695,western
30696,comedy
30697,drama
30698,comedy
30699,drama
30700,drama
30701,documentary
30702,drama
30703,short
30704,documentary
30705,documentary
30706,short
30707,drama
30708,documentary
30709,documentary
30710,drama
30711,comedy
30712,documentary
30713,reality-tv
30714,drama
30715,western
30716,drama
30717,short
30718,comedy
30719,drama
30720,comedy
30721,drama
30722,comedy
30723,documentary
30724,sport
30725,documentary
30726,drama
30727,talk-show
30728,comedy
30729,horror
30730,horror
30731,drama
30732,comedy
30733,documentary
30734,comedy
30735,drama
30736,documentary
30737,comedy
30738,horror
30739,documentary
30740,comedy
30741,comedy
30742,drama
30743,drama
30744,short
30745,sport
30746,reality-tv
30747,documentary
30748,short
30749,thriller
30750,documentary
30751,documentary
30752,short
30753,drama
30754,documentary
30755,drama
30756,documentary
30757,drama
30758,short
30759,documentary
30760,drama
30761,family
30762,thriller
30763,documentary
30764,western
30765,documentary
30766,documentary
30767,comedy
30768,drama
30769,documentary
30770,comedy
30771,documentary
30772,documentary
30773,documentary
30774,documentary
30775,comedy
30776,documentary
30777,thriller
30778,comedy
30779,music
30780,romance
30781,drama
30782,documentary
30783,documentary
30784,drama
30785,drama
30786,comedy
30787,documentary
30788,documentary
30789,comedy
30790,comedy
30791,adventure
30792,documentary
30793,horror
30794,documentary
30795,documentary
30796,documentary
30797,comedy
30798,drama
30799,comedy
30800,sci-fi
30801,drama
30802,documentary
30803,documentary
30804,drama
30805,documentary
30806,drama
30807,drama
30808,horror
30809,documentary
30810,documentary
30811,drama
30812,documentary
30813,horror
30814,horror
30815,drama
30816,comedy
30817,comedy
30818,documentary
30819,drama
30820,drama
30821,drama
30822,documentary
30823,comedy
30824,documentary
30825,documentary
30826,horror
30827,documentary
30828,drama
30829,documentary
30830,documentary
30831,comedy
30832,drama
30833,drama
30834,comedy
30835,documentary
30836,drama
30837,drama
30838,comedy
30839,documentary
30840,documentary
30841,documentary
30842,drama
30843,documentary
30844,action
30845,action
30846,short
30847,drama
30848,drama
30849,drama
30850,drama
30851,drama
30852,action
30853,documentary
30854,thriller
30855,documentary
30856,short
30857,drama
30858,short
30859,documentary
30860,drama
30861,adult
30862,horror
30863,comedy
30864,documentary
30865,drama
30866,drama
30867,action
30868,comedy
30869,action
30870,talk-show
30871,short
30872,comedy
30873,drama
30874,documentary
30875,documentary
30876,short
30877,documentary
30878,drama
30879,documentary
30880,drama
30881,documentary
30882,drama
30883,horror
30884,drama
30885,drama
30886,horror
30887,comedy
30888,documentary
30889,comedy
30890,comedy
30891,documentary
30892,documentary
30893,documentary
30894,documentary
30895,drama
30896,documentary
30897,documentary
30898,documentary
30899,documentary
30900,documentary
30901,documentary
30902,drama
30903,drama
30904,action
30905,short
30906,documentary
30907,documentary
30908,drama
30909,comedy
30910,western
30911,documentary
30912,drama
30913,drama
30914,drama
30915,western
30916,short
30917,documentary
30918,documentary
30919,documentary
30920,drama
30921,thriller
30922,documentary
30923,comedy
30924,drama
30925,horror
30926,documentary
30927,drama
30928,drama
30929,comedy
30930,short
30931,documentary
30932,documentary
30933,drama
30934,documentary
30935,documentary
30936,drama
30937,drama
30938,drama
30939,drama
30940,documentary
30941,drama
30942,documentary
30943,drama
30944,drama
30945,drama
30946,drama
30947,drama
30948,western
30949,reality-tv
30950,drama
30951,documentary
30952,drama
30953,documentary
30954,documentary
30955,documentary
30956,drama
30957,documentary
30958,comedy
30959,short
30960,drama
30961,horror
30962,documentary
30963,documentary
30964,documentary
30965,documentary
30966,drama
30967,drama
30968,short
30969,documentary
30970,music
30971,drama
30972,action
30973,comedy
30974,western
30975,documentary
30976,comedy
30977,western
30978,documentary
30979,documentary
30980,comedy
30981,documentary
30982,documentary
30983,drama
30984,drama
30985,drama
30986,action
30987,drama
30988,documentary
30989,drama
30990,short
30991,documentary
30992,drama
30993,documentary
30994,drama
30995,comedy
30996,action
30997,documentary
30998,comedy
30999,drama
31000,documentary
31001,comedy
31002,documentary
31003,drama
31004,drama
31005,drama
31006,drama
31007,drama
31008,romance
31009,drama
31010,documentary
31011,drama
31012,short
31013,drama
31014,drama
31015,comedy
31016,drama
31017,comedy
31018,thriller
31019,drama
31020,documentary
31021,comedy
31022,documentary
31023,drama
31024,drama
31025,drama
31026,drama
31027,documentary
31028,drama
31029,drama
31030,documentary
31031,documentary
31032,documentary
31033,documentary
31034,drama
31035,western
31036,comedy
31037,documentary
31038,drama
31039,reality-tv
31040,drama
31041,documentary
31042,horror
31043,sci-fi
31044,comedy
31045,comedy
31046,horror
31047,documentary
31048,comedy
31049,comedy
31050,horror
31051,comedy
31052,drama
31053,drama
31054,comedy
31055,family
31056,action
31057,drama
31058,reality-tv
31059,comedy
31060,drama
31061,comedy
31062,documentary
31063,drama
31064,drama
31065,documentary
31066,drama
31067,drama
31068,action
31069,adult
31070,short
31071,drama
31072,adult
31073,horror
31074,drama
31075,drama
31076,drama
31077,drama
31078,documentary
31079,documentary
31080,drama
31081,western
31082,drama
31083,drama
31084,comedy
31085,drama
31086,drama
31087,documentary
31088,drama
31089,drama
31090,drama
31091,drama
31092,documentary
31093,documentary
31094,comedy
31095,western
31096,documentary
31097,drama
31098,documentary
31099,documentary
31100,drama
31101,drama
31102,drama
31103,thriller
31104,drama
31105,drama
31106,short
31107,drama
31108,drama
31109,drama
31110,western
31111,sci-fi
31112,comedy
31113,drama
31114,documentary
31115,short
31116,documentary
31117,drama
31118,drama
31119,sport
31120,drama
31121,drama
31122,horror
31123,thriller
31124,adventure
31125,drama
31126,drama
31127,documentary
31128,action
31129,short
31130,drama
31131,documentary
31132,drama
31133,horror
31134,drama
31135,drama
31136,drama
31137,documentary
31138,thriller
31139,documentary
31140,comedy
31141,documentary
31142,documentary
31143,horror
31144,drama
31145,drama
31146,drama
31147,documentary
31148,drama
31149,horror
31150,documentary
31151,comedy
31152,drama
31153,drama
31154,documentary
31155,music
31156,drama
31157,comedy
31158,drama
31159,comedy
31160,drama
31161,documentary
31162,documentary
31163,drama
31164,documentary
31165,documentary
31166,comedy
31167,sport
31168,drama
31169,drama
31170,thriller
31171,drama
31172,horror
31173,horror
31174,comedy
31175,drama
31176,horror
31177,documentary
31178,drama
31179,action
31180,drama
31181,comedy
31182,documentary
31183,drama
31184,short
31185,documentary
31186,family
31187,short
31188,comedy
31189,short
31190,drama
31191,action
31192,drama
31193,drama
31194,drama
31195,reality-tv
31196,adult
31197,documentary
31198,short
31199,documentary
31200,drama
31201,drama
31202,drama
31203,game-show
31204,drama
31205,comedy
31206,drama
31207,mystery
31208,documentary
31209,sci-fi
31210,comedy
31211,short
31212,documentary
31213,documentary
31214,drama
31215,short
31216,drama
31217,action
31218,documentary
31219,drama
31220,drama
31221,documentary
31222,documentary
31223,drama
31224,documentary
31225,documentary
31226,comedy
31227,drama
31228,short
31229,drama
31230,drama
31231,thriller
31232,documentary
31233,documentary
31234,drama
31235,music
31236,comedy
31237,comedy
31238,documentary
31239,comedy
31240,documentary
31241,comedy
31242,drama
31243,short
31244,documentary
31245,comedy
31246,horror
31247,music
31248,documentary
31249,documentary
31250,documentary
31251,drama
31252,comedy
31253,documentary
31254,documentary
31255,drama
31256,comedy
31257,comedy
31258,drama
31259,short
31260,documentary
31261,drama
31262,comedy
31263,drama
31264,drama
31265,comedy
31266,drama
31267,comedy
31268,drama
31269,comedy
31270,action
31271,comedy
31272,comedy
31273,documentary
31274,short
31275,horror
31276,comedy
31277,drama
31278,documentary
31279,documentary
31280,documentary
31281,drama
31282,drama
31283,comedy
31284,drama
31285,drama
31286,comedy
31287,comedy
31288,drama
31289,drama
31290,documentary
31291,short
31292,horror
31293,short
31294,comedy
31295,western
31296,drama
31297,comedy
31298,documentary
31299,drama
31300,documentary
31301,documentary
31302,action
31303,comedy
31304,drama
31305,documentary
31306,drama
31307,drama
31308,drama
31309,documentary
31310,documentary
31311,drama
31312,comedy
31313,drama
31314,documentary
31315,short
31316,drama
31317,horror
31318,horror
31319,documentary
31320,documentary
31321,documentary
31322,documentary
31323,documentary
31324,comedy
31325,documentary
31326,drama
31327,comedy
31328,horror
31329,documentary
31330,comedy
31331,comedy
31332,comedy
31333,documentary
31334,documentary
31335,documentary
31336,comedy
31337,short
31338,documentary
31339,comedy
31340,drama
31341,documentary
31342,comedy
31343,comedy
31344,horror
31345,adult
31346,drama
31347,horror
31348,short
31349,documentary
31350,drama
31351,documentary
31352,comedy
31353,comedy
31354,drama
31355,drama
31356,drama
31357,horror
31358,drama
31359,horror
31360,documentary
31361,comedy
31362,drama
31363,short
31364,comedy
31365,drama
31366,action
31367,drama
31368,documentary
31369,documentary
31370,documentary
31371,comedy
31372,comedy
31373,drama
31374,comedy
31375,romance
31376,drama
31377,drama
31378,drama
31379,drama
31380,documentary
31381,documentary
31382,documentary
31383,drama
31384,documentary
31385,documentary
31386,action
31387,drama
31388,short
31389,drama
31390,family
31391,drama
31392,comedy
31393,documentary
31394,comedy
31395,documentary
31396,sci-fi
31397,drama
31398,documentary
31399,drama
31400,drama
31401,documentary
31402,comedy
31403,drama
31404,documentary
31405,comedy
31406,documentary
31407,comedy
31408,documentary
31409,thriller
31410,drama
31411,drama
31412,drama
31413,documentary
31414,documentary
31415,drama
31416,music
31417,drama
31418,drama
31419,drama
31420,short
31421,western
31422,horror
31423,drama
31424,drama
31425,drama
31426,comedy
31427,horror
31428,drama
31429,drama
31430,drama
31431,comedy
31432,comedy
31433,drama
31434,documentary
31435,drama
31436,documentary
31437,sport
31438,thriller
31439,horror
31440,drama
31441,drama
31442,documentary
31443,comedy
31444,documentary
31445,comedy
31446,comedy
31447,horror
31448,documentary
31449,action
31450,short
31451,short
31452,documentary
31453,drama
31454,drama
31455,comedy
31456,drama
31457,drama
31458,short
31459,documentary
31460,drama
31461,drama
31462,documentary
31463,drama
31464,documentary
31465,drama
31466,documentary
31467,comedy
31468,adult
31469,drama
31470,drama
31471,western
31472,drama
31473,documentary
31474,drama
31475,documentary
31476,drama
31477,comedy
31478,reality-tv
31479,crime
31480,documentary
31481,documentary
31482,short
31483,comedy
31484,comedy
31485,drama
31486,drama
31487,documentary
31488,comedy
31489,comedy
31490,documentary
31491,drama
31492,horror
31493,documentary
31494,comedy
31495,documentary
31496,western
31497,documentary
31498,crime
31499,documentary
31500,documentary
31501,drama
31502,documentary
31503,drama
31504,drama
31505,comedy
31506,documentary
31507,drama
31508,documentary
31509,action
31510,documentary
31511,documentary
31512,drama
31513,drama
31514,documentary
31515,documentary
31516,drama
31517,drama
31518,music
31519,comedy
31520,documentary
31521,western
31522,documentary
31523,comedy
31524,documentary
31525,drama
31526,documentary
31527,short
31528,documentary
31529,documentary
31530,documentary
31531,short
31532,drama
31533,drama
31534,drama
31535,documentary
31536,drama
31537,music
31538,short
31539,documentary
31540,drama
31541,drama
31542,drama
31543,comedy
31544,drama
31545,comedy
31546,drama
31547,music
31548,music
31549,adventure
31550,short
31551,talk-show
31552,drama
31553,comedy
31554,drama
31555,documentary
31556,drama
31557,documentary
31558,short
31559,documentary
31560,short
31561,documentary
31562,drama
31563,documentary
31564,comedy
31565,drama
31566,drama
31567,comedy
31568,comedy
31569,drama
31570,drama
31571,short
31572,documentary
31573,documentary
31574,documentary
31575,horror
31576,documentary
31577,drama
31578,drama
31579,drama
31580,drama
31581,drama
31582,documentary
31583,documentary
31584,horror
31585,drama
31586,documentary
31587,documentary
31588,short
31589,documentary
31590,comedy
31591,drama
31592,drama
31593,documentary
31594,short
31595,drama
31596,documentary
31597,drama
31598,documentary
31599,documentary
31600,drama
31601,short
31602,drama
31603,documentary
31604,documentary
31605,documentary
31606,drama
31607,comedy
31608,drama
31609,documentary
31610,documentary
31611,documentary
31612,documentary
31613,comedy
31614,documentary
31615,documentary
31616,documentary
31617,drama
31618,horror
31619,documentary
31620,western
31621,documentary
31622,documentary
31623,short
31624,documentary
31625,sport
31626,drama
31627,documentary
31628,documentary
31629,documentary
31630,drama
31631,drama
31632,documentary
31633,family
31634,drama
31635,documentary
31636,horror
31637,comedy
31638,documentary
31639,adult
31640,action
31641,drama
31642,drama
31643,drama
31644,drama
31645,drama
31646,adventure
31647,documentary
31648,comedy
31649,comedy
31650,comedy
31651,drama
31652,drama
31653,action
31654,comedy
31655,documentary
31656,drama
31657,drama
31658,documentary
31659,horror
31660,documentary
31661,short
31662,horror
31663,documentary
31664,drama
31665,documentary
31666,documentary
31667,documentary
31668,comedy
31669,drama
31670,documentary
31671,short
31672,drama
31673,drama
31674,drama
31675,comedy
31676,drama
31677,horror
31678,thriller
31679,comedy
31680,comedy
31681,adventure
31682,drama
31683,drama
31684,comedy
31685,documentary
31686,music
31687,comedy
31688,action
31689,comedy
31690,drama
31691,documentary
31692,documentary
31693,horror
31694,comedy
31695,sport
31696,drama
31697,drama
31698,drama
31699,documentary
31700,horror
31701,documentary
31702,documentary
31703,documentary
31704,comedy
31705,documentary
31706,drama
31707,comedy
31708,drama
31709,documentary
31710,drama
31711,comedy
31712,documentary
31713,drama
31714,drama
31715,short
31716,drama
31717,comedy
31718,drama
31719,comedy
31720,comedy
31721,documentary
31722,documentary
31723,drama
31724,western
31725,thriller
31726,documentary
31727,documentary
31728,documentary
31729,documentary
31730,drama
31731,music
31732,short
31733,comedy
31734,short
31735,comedy
31736,documentary
31737,comedy
31738,drama
31739,comedy
31740,drama
31741,action
31742,documentary
31743,comedy
31744,comedy
31745,music
31746,sport
31747,documentary
31748,comedy
31749,documentary
31750,romance
31751,drama
31752,documentary
31753,drama
31754,horror
31755,short
31756,adventure
31757,comedy
31758,horror
31759,drama
31760,documentary
31761,sci-fi
31762,documentary
31763,comedy
31764,documentary
31765,documentary
31766,drama
31767,drama
31768,thriller
31769,documentary
31770,documentary
31771,drama
31772,documentary
31773,comedy
31774,drama
31775,short
31776,comedy
31777,documentary
31778,drama
31779,drama
31780,drama
31781,documentary
31782,documentary
31783,sport
31784,comedy
31785,comedy
31786,comedy
31787,comedy
31788,documentary
31789,horror
31790,comedy
31791,documentary
31792,comedy
31793,drama
31794,drama
31795,drama
31796,short
31797,documentary
31798,short
31799,sci-fi
31800,action
31801,horror
31802,drama
31803,drama
31804,action
31805,horror
31806,drama
31807,documentary
31808,comedy
31809,drama
31810,short
31811,documentary
31812,short
31813,drama
31814,documentary
31815,drama
31816,comedy
31817,drama
31818,documentary
31819,documentary
31820,thriller
31821,drama
31822,documentary
31823,sci-fi
31824,sport
31825,documentary
31826,comedy
31827,drama
31828,drama
31829,drama
31830,comedy
31831,comedy
31832,drama
31833,comedy
31834,documentary
31835,drama
31836,comedy
31837,talk-show
31838,comedy
31839,drama
31840,drama
31841,drama
31842,comedy
31843,drama
31844,drama
31845,drama
31846,documentary
31847,comedy
31848,western
31849,drama
31850,documentary
31851,drama
31852,drama
31853,documentary
31854,drama
31855,drama
31856,documentary
31857,horror
31858,documentary
31859,documentary
31860,comedy
31861,short
31862,drama
31863,drama
31864,documentary
31865,documentary
31866,drama
31867,reality-tv
31868,adult
31869,documentary
31870,comedy
31871,drama
31872,documentary
31873,drama
31874,documentary
31875,drama
31876,comedy
31877,drama
31878,drama
31879,documentary
31880,drama
31881,drama
31882,drama
31883,sport
31884,drama
31885,documentary
31886,documentary
31887,thriller
31888,drama
31889,short
31890,comedy
31891,short
31892,comedy
31893,drama
31894,comedy
31895,comedy
31896,drama
31897,documentary
31898,comedy
31899,drama
31900,comedy
31901,short
31902,drama
31903,short
31904,comedy
31905,sci-fi
31906,documentary
31907,drama
31908,comedy
31909,comedy
31910,drama
31911,documentary
31912,comedy
31913,documentary
31914,documentary
31915,short
31916,short
31917,horror
31918,short
31919,horror
31920,reality-tv
31921,documentary
31922,drama
31923,romance
31924,drama
31925,documentary
31926,drama
31927,documentary
31928,documentary
31929,documentary
31930,comedy
31931,drama
31932,drama
31933,documentary
31934,documentary
31935,comedy
31936,comedy
31937,action
31938,horror
31939,drama
31940,drama
31941,comedy
31942,documentary
31943,drama
31944,adult
31945,music
31946,short
31947,comedy
31948,documentary
31949,short
31950,game-show
31951,documentary
31952,drama
31953,drama
31954,drama
31955,drama
31956,drama
31957,drama
31958,drama
31959,drama
31960,comedy
31961,adult
31962,action
31963,documentary
31964,drama
31965,drama
31966,crime
31967,documentary
31968,horror
31969,drama
31970,short
31971,comedy
31972,drama
31973,documentary
31974,drama
31975,documentary
31976,drama
31977,drama
31978,documentary
31979,documentary
31980,comedy
31981,thriller
31982,documentary
31983,comedy
31984,documentary
31985,documentary
31986,documentary
31987,drama
31988,drama
31989,comedy
31990,drama
31991,comedy
31992,documentary
31993,drama
31994,action
31995,drama
31996,drama
31997,documentary
31998,comedy
31999,comedy
32000,documentary
32001,drama
32002,comedy
32003,horror
32004,drama
32005,comedy
32006,comedy
32007,comedy
32008,drama
32009,comedy
32010,thriller
32011,horror
32012,short
32013,drama
32014,drama
32015,drama
32016,drama
32017,comedy
32018,horror
32019,drama
32020,western
32021,drama
32022,documentary
32023,comedy
32024,drama
32025,documentary
32026,comedy
32027,documentary
32028,horror
32029,drama
32030,documentary
32031,drama
32032,documentary
32033,documentary
32034,drama
32035,documentary
32036,documentary
32037,drama
32038,drama
32039,short
32040,documentary
32041,drama
32042,drama
32043,documentary
32044,drama
32045,drama
32046,comedy
32047,drama
32048,drama
32049,documentary
32050,documentary
32051,drama
32052,documentary
32053,short
32054,comedy
32055,short
32056,drama
32057,drama
32058,western
32059,crime
32060,comedy
32061,short
32062,documentary
32063,drama
32064,documentary
32065,documentary
32066,documentary
32067,drama
32068,comedy
32069,drama
32070,short
32071,drama
32072,crime
32073,drama
32074,comedy
32075,drama
32076,comedy
32077,drama
32078,documentary
32079,drama
32080,documentary
32081,documentary
32082,comedy
32083,sci-fi
32084,drama
32085,comedy
32086,short
32087,documentary
32088,drama
32089,drama
32090,documentary
32091,documentary
32092,documentary
32093,documentary
32094,documentary
32095,horror
32096,western
32097,drama
32098,thriller
32099,drama
32100,documentary
32101,comedy
32102,short
32103,drama
32104,short
32105,romance
32106,documentary
32107,drama
32108,documentary
32109,drama
32110,comedy
32111,adult
32112,documentary
32113,drama
32114,short
32115,documentary
32116,drama
32117,comedy
32118,drama
32119,action
32120,sci-fi
32121,drama
32122,drama
32123,documentary
32124,drama
32125,drama
32126,documentary
32127,horror
32128,documentary
32129,drama
32130,drama
32131,drama
32132,western
32133,drama
32134,documentary
32135,documentary
32136,documentary
32137,reality-tv
32138,drama
32139,short
32140,drama
32141,drama
32142,drama
32143,drama
32144,drama
32145,comedy
32146,drama
32147,drama
32148,drama
32149,comedy
32150,documentary
32151,documentary
32152,documentary
32153,drama
32154,drama
32155,comedy
32156,drama
32157,thriller
32158,adventure
32159,action
32160,drama
32161,comedy
32162,sci-fi
32163,comedy
32164,documentary
32165,drama
32166,animation
32167,thriller
32168,horror
32169,sport
32170,short
32171,drama
32172,drama
32173,documentary
32174,adventure
32175,drama
32176,drama
32177,documentary
32178,documentary
32179,drama
32180,drama
32181,drama
32182,drama
32183,action
32184,documentary
32185,drama
32186,animation
32187,comedy
32188,comedy
32189,drama
32190,drama
32191,drama
32192,comedy
32193,drama
32194,talk-show
32195,documentary
32196,documentary
32197,drama
32198,comedy
32199,documentary
32200,short
32201,comedy
32202,action
32203,comedy
32204,documentary
32205,drama
32206,documentary
32207,drama
32208,documentary
32209,sci-fi
32210,documentary
32211,drama
32212,drama
32213,drama
32214,documentary
32215,documentary
32216,drama
32217,talk-show
32218,documentary
32219,drama
32220,documentary
32221,thriller
32222,documentary
32223,documentary
32224,short
32225,drama
32226,documentary
32227,short
32228,comedy
32229,documentary
32230,drama
32231,horror
32232,documentary
32233,thriller
32234,drama
32235,documentary
32236,documentary
32237,western
32238,western
32239,western
32240,documentary
32241,horror
32242,comedy
32243,documentary
32244,drama
32245,short
32246,short
32247,drama
32248,drama
32249,drama
32250,music
32251,drama
32252,thriller
32253,documentary
32254,comedy
32255,drama
32256,drama
32257,documentary
32258,drama
32259,horror
32260,documentary
32261,drama
32262,documentary
32263,western
32264,drama
32265,comedy
32266,documentary
32267,documentary
32268,drama
32269,comedy
32270,drama
32271,comedy
32272,documentary
32273,horror
32274,drama
32275,horror
32276,drama
32277,drama
32278,comedy
32279,documentary
32280,documentary
32281,drama
32282,drama
32283,adult
32284,drama
32285,short
32286,documentary
32287,documentary
32288,drama
32289,documentary
32290,drama
32291,documentary
32292,documentary
32293,documentary
32294,short
32295,documentary
32296,short
32297,documentary
32298,documentary
32299,documentary
32300,drama
32301,drama
32302,horror
32303,comedy
32304,drama
32305,drama
32306,drama
32307,short
32308,comedy
32309,short
32310,drama
32311,documentary
32312,drama
32313,drama
32314,drama
32315,documentary
32316,drama
32317,comedy
32318,short
32319,comedy
32320,drama
32321,horror
32322,drama
32323,documentary
32324,documentary
32325,documentary
32326,documentary
32327,comedy
32328,western
32329,game-show
32330,drama
32331,comedy
32332,drama
32333,drama
32334,short
32335,drama
32336,drama
32337,drama
32338,comedy
32339,comedy
32340,drama
32341,drama
32342,short
32343,comedy
32344,action
32345,adventure
32346,comedy
32347,drama
32348,drama
32349,drama
32350,documentary
32351,documentary
32352,horror
32353,drama
32354,drama
32355,drama
32356,comedy
32357,drama
32358,documentary
32359,documentary
32360,comedy
32361,documentary
32362,music
32363,action
32364,drama
32365,documentary
32366,action
32367,drama
32368,drama
32369,action
32370,drama
32371,comedy
32372,documentary
32373,horror
32374,documentary
32375,documentary
32376,drama
32377,drama
32378,comedy
32379,comedy
32380,documentary
32381,drama
32382,drama
32383,comedy
32384,drama
32385,adult
32386,comedy
32387,comedy
32388,short
32389,drama
32390,short
32391,action
32392,drama
32393,drama
32394,drama
32395,drama
32396,comedy
32397,comedy
32398,horror
32399,documentary
32400,comedy
32401,drama
32402,documentary
32403,drama
32404,reality-tv
32405,drama
32406,comedy
32407,short
32408,drama
32409,documentary
32410,documentary
32411,comedy
32412,documentary
32413,documentary
32414,drama
32415,comedy
32416,documentary
32417,music
32418,documentary
32419,short
32420,drama
32421,documentary
32422,documentary
32423,comedy
32424,horror
32425,drama
32426,short
32427,documentary
32428,drama
32429,comedy
32430,drama
32431,comedy
32432,drama
32433,documentary
32434,drama
32435,documentary
32436,drama
32437,documentary
32438,documentary
32439,reality-tv
32440,drama
32441,drama
32442,drama
32443,drama
32444,short
32445,drama
32446,comedy
32447,drama
32448,drama
32449,western
32450,drama
32451,drama
32452,drama
32453,drama
32454,comedy
32455,drama
32456,documentary
32457,drama
32458,comedy
32459,comedy
32460,comedy
32461,drama
32462,documentary
32463,documentary
32464,drama
32465,thriller
32466,documentary
32467,documentary
32468,drama
32469,reality-tv
32470,short
32471,western
32472,drama
32473,documentary
32474,documentary
32475,adventure
32476,drama
32477,comedy
32478,drama
32479,drama
32480,documentary
32481,drama
32482,drama
32483,drama
32484,documentary
32485,documentary
32486,comedy
32487,animation
32488,documentary
32489,drama
32490,documentary
32491,documentary
32492,drama
32493,drama
32494,adventure
32495,drama
32496,comedy
32497,drama
32498,action
32499,reality-tv
32500,documentary
32501,drama
32502,drama
32503,short
32504,documentary
32505,comedy
32506,comedy
32507,drama
32508,documentary
32509,documentary
32510,horror
32511,documentary
32512,drama
32513,documentary
32514,comedy
32515,documentary
32516,drama
32517,western
32518,documentary
32519,documentary
32520,documentary
32521,horror
32522,short
32523,drama
32524,drama
32525,documentary
32526,documentary
32527,documentary
32528,action
32529,short
32530,comedy
32531,documentary
32532,drama
32533,documentary
32534,sport
32535,drama
32536,drama
32537,horror
32538,drama
32539,documentary
32540,sport
32541,drama
32542,drama
32543,reality-tv
32544,documentary
32545,horror
32546,documentary
32547,documentary
32548,drama
32549,documentary
32550,drama
32551,documentary
32552,comedy
32553,horror
32554,comedy
32555,comedy
32556,documentary
32557,music
32558,documentary
32559,comedy
32560,drama
32561,comedy
32562,comedy
32563,documentary
32564,western
32565,action
32566,drama
32567,action
32568,talk-show
32569,comedy
32570,documentary
32571,drama
32572,drama
32573,documentary
32574,short
32575,action
32576,comedy
32577,drama
32578,western
32579,western
32580,short
32581,drama
32582,documentary
32583,documentary
32584,reality-tv
32585,comedy
32586,comedy
32587,drama
32588,horror
32589,drama
32590,horror
32591,documentary
32592,documentary
32593,documentary
32594,comedy
32595,sport
32596,documentary
32597,drama
32598,drama
32599,music
32600,drama
32601,short
32602,comedy
32603,short
32604,sci-fi
32605,documentary
32606,documentary
32607,documentary
32608,documentary
32609,drama
32610,drama
32611,drama
32612,comedy
32613,drama
32614,drama
32615,drama
32616,documentary
32617,reality-tv
32618,drama
32619,drama
32620,documentary
32621,documentary
32622,documentary
32623,drama
32624,drama
32625,drama
32626,documentary
32627,reality-tv
32628,comedy
32629,comedy
32630,documentary
32631,thriller
32632,documentary
32633,comedy
32634,documentary
32635,horror
32636,drama
32637,documentary
32638,drama
32639,comedy
32640,documentary
32641,comedy
32642,drama
32643,drama
32644,drama
32645,documentary
32646,comedy
32647,music
32648,music
32649,documentary
32650,drama
32651,short
32652,comedy
32653,drama
32654,comedy
32655,documentary
32656,drama
32657,comedy
32658,drama
32659,drama
32660,drama
32661,documentary
32662,thriller
32663,drama
32664,comedy
32665,drama
32666,drama
32667,animation
32668,comedy
32669,drama
32670,documentary
32671,drama
32672,drama
32673,drama
32674,action
32675,documentary
32676,drama
32677,short
32678,drama
32679,drama
32680,drama
32681,drama
32682,documentary
32683,drama
32684,documentary
32685,documentary
32686,drama
32687,comedy
32688,comedy
32689,documentary
32690,drama
32691,drama
32692,documentary
32693,drama
32694,short
32695,drama
32696,documentary
32697,drama
32698,documentary
32699,drama
32700,comedy
32701,drama
32702,documentary
32703,comedy
32704,comedy
32705,comedy
32706,short
32707,drama
32708,drama
32709,documentary
32710,documentary
32711,drama
32712,short
32713,comedy
32714,drama
32715,short
32716,documentary
32717,horror
32718,drama
32719,western
32720,drama
32721,drama
32722,drama
32723,short
32724,drama
32725,thriller
32726,short
32727,documentary
32728,documentary
32729,documentary
32730,documentary
32731,documentary
32732,action
32733,drama
32734,short
32735,drama
32736,comedy
32737,drama
32738,documentary
32739,drama
32740,drama
32741,drama
32742,documentary
32743,western
32744,drama
32745,drama
32746,documentary
32747,drama
32748,comedy
32749,documentary
32750,drama
32751,drama
32752,drama
32753,documentary
32754,drama
32755,documentary
32756,drama
32757,documentary
32758,adult
32759,comedy
32760,drama
32761,documentary
32762,drama
32763,drama
32764,sci-fi
32765,comedy
32766,short
32767,documentary
32768,sci-fi
32769,documentary
32770,documentary
32771,comedy
32772,drama
32773,adventure
32774,drama
32775,documentary
32776,documentary
32777,short
32778,documentary
32779,sci-fi
32780,drama
32781,drama
32782,drama
32783,documentary
32784,western
32785,documentary
32786,comedy
32787,drama
32788,documentary
32789,drama
32790,drama
32791,drama
32792,horror
32793,short
32794,comedy
32795,documentary
32796,drama
32797,drama
32798,comedy
32799,drama
32800,short
32801,drama
32802,comedy
32803,drama
32804,documentary
32805,drama
32806,documentary
32807,drama
32808,documentary
32809,drama
32810,documentary
32811,documentary
32812,comedy
32813,documentary
32814,documentary
32815,documentary
32816,drama
32817,drama
32818,drama
32819,drama
32820,documentary
32821,documentary
32822,drama
32823,short
32824,action
32825,drama
32826,horror
32827,documentary
32828,documentary
32829,documentary
32830,comedy
32831,drama
32832,music
32833,documentary
32834,short
32835,documentary
32836,drama
32837,documentary
32838,drama
32839,drama
32840,drama
32841,horror
32842,comedy
32843,drama
32844,documentary
32845,drama
32846,documentary
32847,comedy
32848,comedy
32849,documentary
32850,drama
32851,documentary
32852,documentary
32853,drama
32854,horror
32855,documentary
32856,short
32857,drama
32858,drama
32859,drama
32860,drama
32861,documentary
32862,documentary
32863,documentary
32864,reality-tv
32865,documentary
32866,documentary
32867,documentary
32868,documentary
32869,drama
32870,drama
32871,documentary
32872,action
32873,comedy
32874,documentary
32875,drama
32876,drama
32877,documentary
32878,documentary
32879,comedy
32880,documentary
32881,drama
32882,documentary
32883,action
32884,drama
32885,documentary
32886,drama
32887,drama
32888,drama
32889,documentary
32890,drama
32891,comedy
32892,reality-tv
32893,documentary
32894,drama
32895,comedy
32896,crime
32897,documentary
32898,drama
32899,drama
32900,romance
32901,documentary
32902,drama
32903,short
32904,documentary
32905,drama
32906,documentary
32907,documentary
32908,drama
32909,drama
32910,drama
32911,drama
32912,family
32913,documentary
32914,comedy
32915,documentary
32916,documentary
32917,western
32918,documentary
32919,documentary
32920,documentary
32921,drama
32922,documentary
32923,drama
32924,documentary
32925,documentary
32926,documentary
32927,documentary
32928,documentary
32929,thriller
32930,western
32931,drama
32932,horror
32933,comedy
32934,documentary
32935,documentary
32936,action
32937,reality-tv
32938,drama
32939,horror
32940,horror
32941,comedy
32942,drama
32943,short
32944,drama
32945,comedy
32946,comedy
32947,short
32948,documentary
32949,drama
32950,drama
32951,documentary
32952,comedy
32953,sport
32954,documentary
32955,comedy
32956,comedy
32957,comedy
32958,drama
32959,documentary
32960,drama
32961,drama
32962,documentary
32963,documentary
32964,reality-tv
32965,comedy
32966,short
32967,documentary
32968,drama
32969,drama
32970,drama
32971,documentary
32972,horror
32973,documentary
32974,drama
32975,documentary
32976,drama
32977,thriller
32978,drama
32979,drama
32980,drama
32981,drama
32982,sport
32983,drama
32984,documentary
32985,drama
32986,comedy
32987,documentary
32988,drama
32989,comedy
32990,drama
32991,drama
32992,comedy
32993,documentary
32994,documentary
32995,documentary
32996,war
32997,documentary
32998,documentary
32999,horror
33000,drama
33001,comedy
33002,documentary
33003,documentary
33004,documentary
33005,western
33006,drama
33007,documentary
33008,documentary
33009,documentary
33010,family
33011,horror
33012,documentary
33013,documentary
33014,short
33015,talk-show
33016,comedy
33017,comedy
33018,drama
33019,adventure
33020,documentary
33021,comedy
33022,sport
33023,drama
33024,short
33025,documentary
33026,drama
33027,drama
33028,documentary
33029,documentary
33030,comedy
33031,documentary
33032,drama
33033,drama
33034,documentary
33035,drama
33036,documentary
33037,drama
33038,drama
33039,documentary
33040,drama
33041,short
33042,documentary
33043,documentary
33044,drama
33045,reality-tv
33046,comedy
33047,documentary
33048,drama
33049,horror
33050,documentary
33051,documentary
33052,drama
33053,documentary
33054,documentary
33055,documentary
33056,comedy
33057,comedy
33058,drama
33059,documentary
33060,drama
33061,comedy
33062,short
33063,drama
33064,short
33065,adventure
33066,comedy
33067,documentary
33068,documentary
33069,comedy
33070,music
33071,comedy
33072,drama
33073,documentary
33074,documentary
33075,comedy
33076,drama
33077,drama
33078,war
33079,drama
33080,documentary
33081,drama
33082,comedy
33083,western
33084,documentary
33085,documentary
33086,documentary
33087,drama
33088,comedy
33089,horror
33090,comedy
33091,documentary
33092,music
33093,short
33094,horror
33095,drama
33096,drama
33097,drama
33098,comedy
33099,documentary
33100,drama
33101,documentary
33102,drama
33103,comedy
33104,drama
33105,documentary
33106,drama
33107,drama
33108,thriller
33109,drama
33110,short
33111,comedy
33112,drama
33113,documentary
33114,drama
33115,western
33116,short
33117,comedy
33118,comedy
33119,horror
33120,action
33121,documentary
33122,documentary
33123,documentary
33124,short
33125,short
33126,documentary
33127,drama
33128,documentary
33129,documentary
33130,drama
33131,drama
33132,drama
33133,drama
33134,documentary
33135,documentary
33136,comedy
33137,horror
33138,drama
33139,drama
33140,drama
33141,documentary
33142,comedy
33143,drama
33144,drama
33145,documentary
33146,documentary
33147,sci-fi
33148,comedy
33149,drama
33150,documentary
33151,western
33152,documentary
33153,documentary
33154,comedy
33155,drama
33156,documentary
33157,drama
33158,thriller
33159,action
33160,documentary
33161,comedy
33162,short
33163,drama
33164,western
33165,comedy
33166,documentary
33167,documentary
33168,drama
33169,comedy
33170,drama
33171,comedy
33172,comedy
33173,comedy
33174,short
33175,drama
33176,documentary
33177,documentary
33178,documentary
33179,short
33180,drama
33181,comedy
33182,action
33183,documentary
33184,drama
33185,short
33186,drama
33187,comedy
33188,drama
33189,drama
33190,comedy
33191,comedy
33192,short
33193,documentary
33194,drama
33195,drama
33196,action
33197,documentary
33198,drama
33199,short
33200,drama
33201,drama
33202,documentary
33203,drama
33204,comedy
33205,comedy
33206,documentary
33207,drama
33208,documentary
33209,drama
33210,comedy
33211,documentary
33212,comedy
33213,documentary
33214,drama
33215,music
33216,drama
33217,short
33218,drama
33219,drama
33220,drama
33221,thriller
33222,short
33223,drama
33224,documentary
33225,drama
33226,documentary
33227,documentary
33228,family
33229,documentary
33230,documentary
33231,drama
33232,drama
33233,sci-fi
33234,documentary
33235,documentary
33236,documentary
33237,documentary
33238,comedy
33239,drama
33240,documentary
33241,documentary
33242,drama
33243,documentary
33244,short
33245,drama
33246,short
33247,drama
33248,drama
33249,drama
33250,comedy
33251,documentary
33252,documentary
33253,documentary
33254,comedy
33255,short
33256,drama
33257,documentary
33258,drama
33259,drama
33260,horror
33261,comedy
33262,documentary
33263,documentary
33264,documentary
33265,documentary
33266,documentary
33267,horror
33268,action
33269,drama
33270,documentary
33271,game-show
33272,documentary
33273,documentary
33274,drama
33275,drama
33276,drama
33277,documentary
33278,drama
33279,horror
33280,short
33281,drama
33282,drama
33283,short
33284,comedy
33285,drama
33286,horror
33287,short
33288,comedy
33289,documentary
33290,horror
33291,drama
33292,documentary
33293,documentary
33294,documentary
33295,drama
33296,drama
33297,reality-tv
33298,documentary
33299,drama
33300,drama
33301,drama
33302,drama
33303,documentary
33304,documentary
33305,drama
33306,comedy
33307,documentary
33308,comedy
33309,drama
33310,documentary
33311,comedy
33312,documentary
33313,thriller
33314,action
33315,comedy
33316,short
33317,adult
33318,documentary
33319,drama
33320,short
33321,comedy
33322,documentary
33323,drama
33324,drama
33325,documentary
33326,horror
33327,comedy
33328,action
33329,short
33330,comedy
33331,documentary
33332,drama
33333,family
33334,action
33335,thriller
33336,documentary
33337,horror
33338,drama
33339,drama
33340,documentary
33341,comedy
33342,comedy
33343,drama
33344,documentary
33345,documentary
33346,documentary
33347,music
33348,western
33349,drama
33350,documentary
33351,adult
33352,documentary
33353,documentary
33354,drama
33355,drama
33356,comedy
33357,adventure
33358,drama
33359,documentary
33360,comedy
33361,documentary
33362,comedy
33363,short
33364,horror
33365,drama
33366,documentary
33367,drama
33368,short
33369,comedy
33370,documentary
33371,comedy
33372,drama
33373,documentary
33374,comedy
33375,documentary
33376,drama
33377,documentary
33378,comedy
33379,documentary
33380,documentary
33381,short
33382,documentary
33383,documentary
33384,documentary
33385,drama
33386,documentary
33387,comedy
33388,documentary
33389,drama
33390,drama
33391,thriller
33392,drama
33393,horror
33394,comedy
33395,comedy
33396,horror
33397,short
33398,comedy
33399,documentary
33400,drama
33401,drama
33402,documentary
33403,documentary
33404,drama
33405,documentary
33406,documentary
33407,short
33408,comedy
33409,documentary
33410,documentary
33411,drama
33412,drama
33413,short
33414,drama
33415,drama
33416,documentary
33417,documentary
33418,drama
33419,sci-fi
33420,comedy
33421,fantasy
33422,drama
33423,drama
33424,music
33425,documentary
33426,documentary
33427,drama
33428,comedy
33429,drama
33430,drama
33431,documentary
33432,documentary
33433,drama
33434,documentary
33435,drama
33436,documentary
33437,comedy
33438,short
33439,comedy
33440,short
33441,comedy
33442,documentary
33443,comedy
33444,drama
33445,drama
33446,horror
33447,documentary
33448,documentary
33449,action
33450,drama
33451,drama
33452,comedy
33453,drama
33454,documentary
33455,short
33456,documentary
33457,documentary
33458,drama
33459,horror
33460,documentary
33461,documentary
33462,drama
33463,music
33464,drama
33465,horror
33466,drama
33467,documentary
33468,comedy
33469,short
33470,documentary
33471,short
33472,comedy
33473,comedy
33474,documentary
33475,short
33476,drama
33477,comedy
33478,short
33479,drama
33480,documentary
33481,comedy
33482,horror
33483,documentary
33484,drama
33485,comedy
33486,documentary
33487,documentary
33488,documentary
33489,documentary
33490,documentary
33491,drama
33492,comedy
33493,documentary
33494,documentary
33495,documentary
33496,adult
33497,drama
33498,drama
33499,sci-fi
33500,drama
33501,documentary
33502,drama
33503,documentary
33504,documentary
33505,family
33506,drama
33507,drama
33508,drama
33509,drama
33510,documentary
33511,documentary
33512,drama
33513,drama
33514,documentary
33515,drama
33516,documentary
33517,comedy
33518,documentary
33519,documentary
33520,documentary
33521,news
33522,comedy
33523,documentary
33524,documentary
33525,documentary
33526,drama
33527,comedy
33528,horror
33529,comedy
33530,drama
33531,documentary
33532,documentary
33533,short
33534,documentary
33535,documentary
33536,western
33537,drama
33538,comedy
33539,documentary
33540,documentary
33541,drama
33542,drama
33543,drama
33544,animation
33545,documentary
33546,documentary
33547,documentary
33548,thriller
33549,comedy
33550,drama
33551,drama
33552,drama
33553,drama
33554,comedy
33555,horror
33556,documentary
33557,short
33558,drama
33559,short
33560,documentary
33561,documentary
33562,drama
33563,comedy
33564,comedy
33565,drama
33566,documentary
33567,comedy
33568,documentary
33569,drama
33570,adult
33571,drama
33572,drama
33573,documentary
33574,drama
33575,documentary
33576,comedy
33577,drama
33578,documentary
33579,drama
33580,horror
33581,short
33582,drama
33583,drama
33584,documentary
33585,documentary
33586,news
33587,comedy
33588,documentary
33589,short
33590,drama
33591,documentary
33592,documentary
33593,drama
33594,drama
33595,drama
33596,comedy
33597,documentary
33598,documentary
33599,documentary
33600,drama
33601,short
33602,drama
33603,drama
33604,action
33605,drama
33606,short
33607,documentary
33608,drama
33609,documentary
33610,drama
33611,comedy
33612,drama
33613,documentary
33614,documentary
33615,documentary
33616,short
33617,documentary
33618,drama
33619,drama
33620,documentary
33621,sci-fi
33622,drama
33623,drama
33624,documentary
33625,documentary
33626,horror
33627,comedy
33628,documentary
33629,music
33630,drama
33631,short
33632,short
33633,drama
33634,drama
33635,drama
33636,documentary
33637,drama
33638,adventure
33639,short
33640,documentary
33641,comedy
33642,adventure
33643,drama
33644,documentary
33645,comedy
33646,documentary
33647,game-show
33648,documentary
33649,drama
33650,family
33651,drama
33652,documentary
33653,drama
33654,drama
33655,comedy
33656,drama
33657,comedy
33658,documentary
33659,drama
33660,documentary
33661,comedy
33662,comedy
33663,horror
33664,drama
33665,documentary
33666,drama
33667,documentary
33668,drama
33669,documentary
33670,documentary
33671,drama
33672,horror
33673,horror
33674,sport
33675,adult
33676,drama
33677,drama
33678,drama
33679,adventure
33680,comedy
33681,drama
33682,documentary
33683,drama
33684,documentary
33685,short
33686,documentary
33687,short
33688,comedy
33689,drama
33690,comedy
33691,drama
33692,horror
33693,comedy
33694,drama
33695,documentary
33696,documentary
33697,drama
33698,drama
33699,documentary
33700,documentary
33701,horror
33702,short
33703,short
33704,documentary
33705,drama
33706,documentary
33707,documentary
33708,comedy
33709,adult
33710,documentary
33711,drama
33712,comedy
33713,documentary
33714,family
33715,documentary
33716,drama
33717,music
33718,drama
33719,short
33720,comedy
33721,comedy
33722,documentary
33723,documentary
33724,comedy
33725,music
33726,drama
33727,documentary
33728,drama
33729,drama
33730,sport
33731,action
33732,comedy
33733,documentary
33734,thriller
33735,drama
33736,drama
33737,drama
33738,adventure
33739,documentary
33740,comedy
33741,musical
33742,crime
33743,drama
33744,drama
33745,documentary
33746,sport
33747,comedy
33748,drama
33749,documentary
33750,horror
33751,documentary
33752,drama
33753,documentary
33754,romance
33755,short
33756,horror
33757,documentary
33758,comedy
33759,drama
33760,comedy
33761,animation
33762,thriller
33763,drama
33764,drama
33765,drama
33766,music
33767,horror
33768,documentary
33769,comedy
33770,drama
33771,short
33772,drama
33773,documentary
33774,drama
33775,comedy
33776,documentary
33777,short
33778,comedy
33779,drama
33780,documentary
33781,comedy
33782,drama
33783,comedy
33784,adult
33785,drama
33786,drama
33787,documentary
33788,reality-tv
33789,documentary
33790,western
33791,documentary
33792,horror
33793,horror
33794,drama
33795,comedy
33796,adventure
33797,drama
33798,western
33799,drama
33800,drama
33801,drama
33802,game-show
33803,drama
33804,drama
33805,documentary
33806,comedy
33807,drama
33808,drama
33809,short
33810,documentary
33811,documentary
33812,documentary
33813,documentary
33814,documentary
33815,comedy
33816,horror
33817,documentary
33818,drama
33819,drama
33820,documentary
33821,comedy
33822,documentary
33823,comedy
33824,documentary
33825,short
33826,comedy
33827,drama
33828,comedy
33829,western
33830,short
33831,comedy
33832,drama
33833,documentary
33834,drama
33835,documentary
33836,drama
33837,comedy
33838,comedy
33839,comedy
33840,drama
33841,comedy
33842,documentary
33843,drama
33844,drama
33845,drama
33846,drama
33847,comedy
33848,documentary
33849,comedy
33850,documentary
33851,drama
33852,short
33853,drama
33854,comedy
33855,horror
33856,documentary
33857,comedy
33858,documentary
33859,music
33860,drama
33861,comedy
33862,music
33863,documentary
33864,documentary
33865,documentary
33866,drama
33867,drama
33868,adventure
33869,comedy
33870,music
33871,drama
33872,comedy
33873,drama
33874,drama
33875,drama
33876,documentary
33877,documentary
33878,documentary
33879,drama
33880,short
33881,documentary
33882,drama
33883,fantasy
33884,drama
33885,short
33886,drama
33887,documentary
33888,drama
33889,drama
33890,comedy
33891,comedy
33892,drama
33893,documentary
33894,comedy
33895,documentary
33896,documentary
33897,drama
33898,drama
33899,drama
33900,comedy
33901,documentary
33902,comedy
33903,drama
33904,comedy
33905,drama
33906,documentary
33907,short
33908,horror
33909,documentary
33910,thriller
33911,drama
33912,documentary
33913,comedy
33914,short
33915,documentary
33916,comedy
33917,drama
33918,drama
33919,drama
33920,horror
33921,drama
33922,documentary
33923,documentary
33924,action
33925,documentary
33926,drama
33927,drama
33928,drama
33929,animation
33930,drama
33931,drama
33932,drama
33933,drama
33934,drama
33935,drama
33936,horror
33937,documentary
33938,documentary
33939,drama
33940,drama
33941,documentary
33942,documentary
33943,drama
33944,drama
33945,documentary
33946,drama
33947,drama
33948,comedy
33949,documentary
33950,adventure
33951,drama
33952,comedy
33953,drama
33954,comedy
33955,drama
33956,documentary
33957,documentary
33958,drama
33959,comedy
33960,short
33961,documentary
33962,drama
33963,documentary
33964,documentary
33965,drama
33966,drama
33967,drama
33968,comedy
33969,music
33970,documentary
33971,horror
33972,documentary
33973,horror
33974,horror
33975,animation
33976,drama
33977,drama
33978,documentary
33979,drama
33980,short
33981,comedy
33982,comedy
33983,drama
33984,horror
33985,comedy
33986,documentary
33987,documentary
33988,drama
33989,drama
33990,short
33991,documentary
33992,documentary
33993,documentary
33994,sci-fi
33995,comedy
33996,documentary
33997,drama
33998,comedy
33999,documentary
34000,drama
34001,documentary
34002,documentary
34003,drama
34004,documentary
34005,western
34006,short
34007,documentary
34008,comedy
34009,documentary
34010,drama
34011,action
34012,drama
34013,documentary
34014,western
34015,sci-fi
34016,comedy
34017,documentary
34018,drama
34019,horror
34020,drama
34021,drama
34022,drama
34023,action
34024,drama
34025,action
34026,action
34027,drama
34028,comedy
34029,documentary
34030,drama
34031,drama
34032,documentary
34033,reality-tv
34034,drama
34035,drama
34036,documentary
34037,family
34038,documentary
34039,drama
34040,drama
34041,documentary
34042,drama
34043,western
34044,drama
34045,drama
34046,drama
34047,drama
34048,comedy
34049,documentary
34050,comedy
34051,comedy
34052,drama
34053,comedy
34054,drama
34055,drama
34056,horror
34057,drama
34058,music
34059,documentary
34060,comedy
34061,drama
34062,drama
34063,drama
34064,horror
34065,sci-fi
34066,documentary
34067,drama
34068,drama
34069,drama
34070,short
34071,drama
34072,documentary
34073,documentary
34074,documentary
34075,drama
34076,drama
34077,comedy
34078,documentary
34079,adult
34080,drama
34081,drama
34082,thriller
34083,documentary
34084,documentary
34085,western
34086,documentary
34087,reality-tv
34088,drama
34089,western
34090,short
34091,drama
34092,adult
34093,drama
34094,documentary
34095,documentary
34096,documentary
34097,drama
34098,documentary
34099,drama
34100,drama
34101,documentary
34102,documentary
34103,drama
34104,documentary
34105,documentary
34106,drama
34107,documentary
34108,drama
34109,short
34110,drama
34111,comedy
34112,drama
34113,comedy
34114,drama
34115,documentary
34116,comedy
34117,documentary
34118,documentary
34119,documentary
34120,drama
34121,short
34122,documentary
34123,comedy
34124,documentary
34125,drama
34126,comedy
34127,drama
34128,documentary
34129,comedy
34130,drama
34131,documentary
34132,documentary
34133,comedy
34134,drama
34135,short
34136,horror
34137,drama
34138,drama
34139,comedy
34140,adventure
34141,adult
34142,documentary
34143,documentary
34144,drama
34145,drama
34146,romance
34147,short
34148,documentary
34149,horror
34150,drama
34151,drama
34152,drama
34153,comedy
34154,comedy
34155,drama
34156,drama
34157,drama
34158,documentary
34159,drama
34160,drama
34161,comedy
34162,drama
34163,documentary
34164,short
34165,documentary
34166,action
34167,talk-show
34168,drama
34169,short
34170,documentary
34171,documentary
34172,documentary
34173,drama
34174,comedy
34175,drama
34176,western
34177,comedy
34178,short
34179,thriller
34180,drama
34181,documentary
34182,comedy
34183,documentary
34184,short
34185,documentary
34186,action
34187,comedy
34188,comedy
34189,drama
34190,drama
34191,drama
34192,thriller
34193,documentary
34194,documentary
34195,documentary
34196,drama
34197,short
34198,documentary
34199,documentary
34200,horror
34201,game-show
34202,documentary
34203,thriller
34204,drama
34205,drama
34206,drama
34207,drama
34208,short
34209,drama
34210,documentary
34211,drama
34212,drama
34213,drama
34214,comedy
34215,documentary
34216,documentary
34217,drama
34218,documentary
34219,documentary
34220,documentary
34221,comedy
34222,drama
34223,documentary
34224,horror
34225,drama
34226,drama
34227,documentary
34228,drama
34229,comedy
34230,comedy
34231,drama
34232,drama
34233,drama
34234,documentary
34235,documentary
34236,documentary
34237,talk-show
34238,comedy
34239,drama
34240,comedy
34241,drama
34242,comedy
34243,romance
34244,documentary
34245,documentary
34246,comedy
34247,thriller
34248,drama
34249,comedy
34250,documentary
34251,documentary
34252,documentary
34253,documentary
34254,drama
34255,documentary
34256,documentary
34257,short
34258,drama
34259,documentary
34260,drama
34261,documentary
34262,drama
34263,drama
34264,talk-show
34265,comedy
34266,documentary
34267,horror
34268,horror
34269,drama
34270,drama
34271,documentary
34272,adult
34273,horror
34274,drama
34275,drama
34276,comedy
34277,drama
34278,documentary
34279,animation
34280,documentary
34281,documentary
34282,drama
34283,comedy
34284,comedy
34285,drama
34286,comedy
34287,documentary
34288,comedy
34289,comedy
34290,comedy
34291,western
34292,drama
34293,documentary
34294,documentary
34295,drama
34296,documentary
34297,drama
34298,comedy
34299,action
34300,drama
34301,drama
34302,drama
34303,drama
34304,comedy
34305,comedy
34306,drama
34307,documentary
34308,documentary
34309,comedy
34310,comedy
34311,documentary
34312,documentary
34313,documentary
34314,documentary
34315,short
34316,short
34317,drama
34318,documentary
34319,documentary
34320,short
34321,documentary
34322,drama
34323,documentary
34324,drama
34325,drama
34326,horror
34327,drama
34328,short
34329,documentary
34330,western
34331,documentary
34332,music
34333,drama
34334,documentary
34335,drama
34336,drama
34337,documentary
34338,documentary
34339,sci-fi
34340,drama
34341,documentary
34342,comedy
34343,documentary
34344,documentary
34345,documentary
34346,short
34347,drama
34348,drama
34349,short
34350,drama
34351,drama
34352,horror
34353,documentary
34354,western
34355,comedy
34356,documentary
34357,documentary
34358,comedy
34359,documentary
34360,documentary
34361,documentary
34362,documentary
34363,documentary
34364,drama
34365,documentary
34366,documentary
34367,drama
34368,drama
34369,horror
34370,documentary
34371,drama
34372,comedy
34373,action
34374,comedy
34375,documentary
34376,short
34377,documentary
34378,horror
34379,short
34380,documentary
34381,drama
34382,drama
34383,documentary
34384,drama
34385,documentary
34386,horror
34387,comedy
34388,comedy
34389,drama
34390,drama
34391,horror
34392,drama
34393,drama
34394,comedy
34395,documentary
34396,drama
34397,documentary
34398,documentary
34399,short
34400,short
34401,action
34402,western
34403,drama
34404,documentary
34405,documentary
34406,drama
34407,short
34408,documentary
34409,drama
34410,comedy
34411,documentary
34412,documentary
34413,drama
34414,comedy
34415,comedy
34416,documentary
34417,drama
34418,short
34419,short
34420,drama
34421,drama
34422,documentary
34423,drama
34424,documentary
34425,documentary
34426,drama
34427,documentary
34428,documentary
34429,documentary
34430,comedy
34431,drama
34432,comedy
34433,drama
34434,documentary
34435,documentary
34436,documentary
34437,comedy
34438,drama
34439,short
34440,documentary
34441,mystery
34442,sci-fi
34443,documentary
34444,drama
34445,documentary
34446,drama
34447,drama
34448,documentary
34449,documentary
34450,documentary
34451,comedy
34452,short
34453,documentary
34454,documentary
34455,documentary
34456,documentary
34457,drama
34458,drama
34459,comedy
34460,documentary
34461,drama
34462,horror
34463,drama
34464,thriller
34465,drama
34466,comedy
34467,documentary
34468,drama
34469,drama
34470,drama
34471,documentary
34472,drama
34473,drama
34474,comedy
34475,drama
34476,comedy
34477,short
34478,comedy
34479,comedy
34480,drama
34481,documentary
34482,drama
34483,documentary
34484,sci-fi
34485,thriller
34486,documentary
34487,sci-fi
34488,drama
34489,drama
34490,drama
34491,short
34492,drama
34493,comedy
34494,drama
34495,drama
34496,comedy
34497,drama
34498,drama
34499,comedy
34500,documentary
34501,documentary
34502,documentary
34503,drama
34504,thriller
34505,comedy
34506,comedy
34507,documentary
34508,horror
34509,drama
34510,horror
34511,documentary
34512,documentary
34513,western
34514,horror
34515,music
34516,drama
34517,documentary
34518,comedy
34519,history
34520,comedy
34521,drama
34522,drama
34523,drama
34524,documentary
34525,comedy
34526,drama
34527,comedy
34528,documentary
34529,comedy
34530,comedy
34531,documentary
34532,adventure
34533,drama
34534,drama
34535,short
34536,drama
34537,comedy
34538,comedy
34539,drama
34540,drama
34541,comedy
34542,short
34543,documentary
34544,comedy
34545,drama
34546,comedy
34547,comedy
34548,documentary
34549,crime
34550,comedy
34551,comedy
34552,documentary
34553,war
34554,comedy
34555,comedy
34556,horror
34557,documentary
34558,documentary
34559,horror
34560,documentary
34561,documentary
34562,documentary
34563,drama
34564,reality-tv
34565,drama
34566,adult
34567,documentary
34568,drama
34569,drama
34570,drama
34571,short
34572,comedy
34573,reality-tv
34574,drama
34575,drama
34576,drama
34577,drama
34578,short
34579,documentary
34580,drama
34581,drama
34582,drama
34583,documentary
34584,drama
34585,drama
34586,documentary
34587,drama
34588,thriller
34589,comedy
34590,documentary
34591,comedy
34592,documentary
34593,documentary
34594,documentary
34595,documentary
34596,documentary
34597,documentary
34598,drama
34599,sci-fi
34600,drama
34601,drama
34602,documentary
34603,drama
34604,horror
34605,drama
34606,comedy
34607,drama
34608,documentary
34609,comedy
34610,comedy
34611,drama
34612,drama
34613,comedy
34614,adult
34615,drama
34616,drama
34617,music
34618,documentary
34619,romance
34620,comedy
34621,documentary
34622,short
34623,drama
34624,comedy
34625,comedy
34626,comedy
34627,comedy
34628,comedy
34629,drama
34630,music
34631,action
34632,drama
34633,drama
34634,drama
34635,drama
34636,drama
34637,drama
34638,documentary
34639,documentary
34640,drama
34641,comedy
34642,drama
34643,documentary
34644,documentary
34645,western
34646,drama
34647,documentary
34648,drama
34649,drama
34650,documentary
34651,comedy
34652,drama
34653,drama
34654,comedy
34655,thriller
34656,short
34657,drama
34658,horror
34659,documentary
34660,drama
34661,drama
34662,documentary
34663,documentary
34664,drama
34665,western
34666,documentary
34667,comedy
34668,documentary
34669,thriller
34670,drama
34671,drama
34672,drama
34673,sport
34674,horror
34675,drama
34676,documentary
34677,documentary
34678,comedy
34679,music
34680,horror
34681,documentary
34682,short
34683,documentary
34684,drama
34685,drama
34686,short
34687,documentary
34688,documentary
34689,drama
34690,reality-tv
34691,comedy
34692,comedy
34693,western
34694,drama
34695,western
34696,action
34697,drama
34698,drama
34699,comedy
34700,documentary
34701,documentary
34702,comedy
34703,short
34704,horror
34705,documentary
34706,drama
34707,comedy
34708,comedy
34709,action
34710,drama
34711,documentary
34712,short
34713,short
34714,documentary
34715,drama
34716,music
34717,comedy
34718,drama
34719,short
34720,drama
34721,drama
34722,drama
34723,documentary
34724,documentary
34725,drama
34726,comedy
34727,documentary
34728,comedy
34729,documentary
34730,horror
34731,drama
34732,comedy
34733,comedy
34734,western
34735,western
34736,comedy
34737,western
34738,drama
34739,short
34740,short
34741,documentary
34742,documentary
34743,drama
34744,drama
34745,documentary
34746,drama
34747,drama
34748,comedy
34749,comedy
34750,documentary
34751,drama
34752,documentary
34753,documentary
34754,documentary
34755,documentary
34756,documentary
34757,documentary
34758,comedy
34759,documentary
34760,drama
34761,documentary
34762,comedy
34763,reality-tv
34764,drama
34765,documentary
34766,documentary
34767,documentary
34768,comedy
34769,documentary
34770,drama
34771,comedy
34772,documentary
34773,drama
34774,drama
34775,documentary
34776,drama
34777,documentary
34778,drama
34779,documentary
34780,documentary
34781,drama
34782,western
34783,documentary
34784,documentary
34785,drama
34786,documentary
34787,game-show
34788,sci-fi
34789,documentary
34790,documentary
34791,action
34792,drama
34793,western
34794,comedy
34795,documentary
34796,documentary
34797,drama
34798,comedy
34799,action
34800,documentary
34801,comedy
34802,documentary
34803,comedy
34804,comedy
34805,documentary
34806,comedy
34807,action
34808,drama
34809,short
34810,drama
34811,action
34812,drama
34813,horror
34814,sci-fi
34815,documentary
34816,horror
34817,short
34818,documentary
34819,drama
34820,documentary
34821,horror
34822,horror
34823,drama
34824,comedy
34825,drama
34826,drama
34827,documentary
34828,documentary
34829,horror
34830,documentary
34831,comedy
34832,drama
34833,western
34834,horror
34835,documentary
34836,documentary
34837,documentary
34838,drama
34839,documentary
34840,drama
34841,comedy
34842,drama
34843,western
34844,drama
34845,documentary
34846,drama
34847,drama
34848,drama
34849,drama
34850,western
34851,documentary
34852,documentary
34853,documentary
34854,drama
34855,documentary
34856,short
34857,horror
34858,drama
34859,comedy
34860,drama
34861,drama
34862,drama
34863,short
34864,comedy
34865,drama
34866,documentary
34867,documentary
34868,short
34869,documentary
34870,documentary
34871,comedy
34872,drama
34873,documentary
34874,short
34875,documentary
34876,documentary
34877,comedy
34878,comedy
34879,drama
34880,drama
34881,drama
34882,drama
34883,comedy
34884,comedy
34885,drama
34886,western
34887,drama
34888,music
34889,documentary
34890,sci-fi
34891,horror
34892,horror
34893,documentary
34894,comedy
34895,documentary
34896,documentary
34897,documentary
34898,horror
34899,drama
34900,documentary
34901,documentary
34902,documentary
34903,documentary
34904,documentary
34905,documentary
34906,drama
34907,drama
34908,short
34909,short
34910,short
34911,drama
34912,action
34913,short
34914,documentary
34915,drama
34916,documentary
34917,documentary
34918,horror
34919,drama
34920,drama
34921,documentary
34922,drama
34923,documentary
34924,documentary
34925,documentary
34926,documentary
34927,documentary
34928,documentary
34929,drama
34930,horror
34931,drama
34932,drama
34933,drama
34934,drama
34935,drama
34936,drama
34937,short
34938,documentary
34939,documentary
34940,documentary
34941,short
34942,documentary
34943,drama
34944,documentary
34945,documentary
34946,short
34947,comedy
34948,comedy
34949,drama
34950,western
34951,short
34952,comedy
34953,documentary
34954,documentary
34955,comedy
34956,drama
34957,documentary
34958,drama
34959,documentary
34960,documentary
34961,drama
34962,documentary
34963,drama
34964,adventure
34965,drama
34966,comedy
34967,short
34968,comedy
34969,short
34970,drama
34971,drama
34972,drama
34973,short
34974,drama
34975,drama
34976,documentary
34977,drama
34978,drama
34979,thriller
34980,documentary
34981,thriller
34982,comedy
34983,horror
34984,drama
34985,drama
34986,documentary
34987,documentary
34988,drama
34989,drama
34990,music
34991,documentary
34992,documentary
34993,documentary
34994,adventure
34995,drama
34996,drama
34997,short
34998,comedy
34999,music
35000,short
35001,comedy
35002,comedy
35003,horror
35004,thriller
35005,documentary
35006,documentary
35007,action
35008,comedy
35009,documentary
35010,short
35011,comedy
35012,drama
35013,comedy
35014,comedy
35015,drama
35016,short
35017,horror
35018,comedy
35019,drama
35020,drama
35021,short
35022,documentary
35023,documentary
35024,comedy
35025,thriller
35026,documentary
35027,drama
35028,documentary
35029,drama
35030,documentary
35031,documentary
35032,short
35033,comedy
35034,documentary
35035,drama
35036,drama
35037,documentary
35038,documentary
35039,documentary
35040,drama
35041,sport
35042,documentary
35043,western
35044,comedy
35045,documentary
35046,drama
35047,family
35048,drama
35049,documentary
35050,animation
35051,drama
35052,comedy
35053,documentary
35054,drama
35055,short
35056,drama
35057,adult
35058,drama
35059,documentary
35060,drama
35061,horror
35062,drama
35063,documentary
35064,documentary
35065,comedy
35066,comedy
35067,documentary
35068,horror
35069,drama
35070,documentary
35071,documentary
35072,drama
35073,comedy
35074,horror
35075,documentary
35076,drama
35077,documentary
35078,drama
35079,action
35080,drama
35081,documentary
35082,drama
35083,documentary
35084,action
35085,comedy
35086,drama
35087,horror
35088,horror
35089,drama
35090,short
35091,drama
35092,documentary
35093,short
35094,music
35095,comedy
35096,documentary
35097,comedy
35098,documentary
35099,drama
35100,drama
35101,documentary
35102,drama
35103,western
35104,horror
35105,documentary
35106,documentary
35107,documentary
35108,comedy
35109,documentary
35110,drama
35111,drama
35112,documentary
35113,comedy
35114,sci-fi
35115,short
35116,drama
35117,adventure
35118,short
35119,comedy
35120,documentary
35121,romance
35122,horror
35123,drama
35124,short
35125,drama
35126,documentary
35127,drama
35128,drama
35129,documentary
35130,comedy
35131,action
35132,western
35133,comedy
35134,drama
35135,drama
35136,short
35137,horror
35138,documentary
35139,drama
35140,drama
35141,drama
35142,drama
35143,comedy
35144,drama
35145,drama
35146,documentary
35147,drama
35148,documentary
35149,comedy
35150,drama
35151,documentary
35152,documentary
35153,western
35154,drama
35155,documentary
35156,animation
35157,western
35158,drama
35159,drama
35160,drama
35161,drama
35162,documentary
35163,documentary
35164,documentary
35165,comedy
35166,documentary
35167,western
35168,drama
35169,drama
35170,comedy
35171,drama
35172,documentary
35173,western
35174,documentary
35175,drama
35176,documentary
35177,drama
35178,documentary
35179,short
35180,family
35181,horror
35182,comedy
35183,comedy
35184,comedy
35185,documentary
35186,documentary
35187,documentary
35188,documentary
35189,drama
35190,horror
35191,comedy
35192,documentary
35193,drama
35194,documentary
35195,short
35196,documentary
35197,comedy
35198,drama
35199,drama
35200,documentary
35201,western
35202,sport
35203,short
35204,documentary
35205,short
35206,comedy
35207,action
35208,comedy
35209,comedy
35210,comedy
35211,drama
35212,documentary
35213,drama
35214,comedy
35215,drama
35216,documentary
35217,animation
35218,horror
35219,documentary
35220,horror
35221,comedy
35222,documentary
35223,documentary
35224,adult
35225,documentary
35226,drama
35227,comedy
35228,documentary
35229,short
35230,documentary
35231,documentary
35232,drama
35233,comedy
35234,drama
35235,drama
35236,documentary
35237,drama
35238,documentary
35239,drama
35240,comedy
35241,comedy
35242,drama
35243,game-show
35244,documentary
35245,comedy
35246,comedy
35247,drama
35248,documentary
35249,comedy
35250,comedy
35251,western
35252,drama
35253,comedy
35254,comedy
35255,thriller
35256,short
35257,comedy
35258,documentary
35259,western
35260,drama
35261,comedy
35262,documentary
35263,drama
35264,short
35265,documentary
35266,drama
35267,comedy
35268,documentary
35269,documentary
35270,drama
35271,action
35272,documentary
35273,drama
35274,drama
35275,comedy
35276,documentary
35277,action
35278,documentary
35279,documentary
35280,drama
35281,drama
35282,documentary
35283,drama
35284,drama
35285,drama
35286,documentary
35287,documentary
35288,music
35289,documentary
35290,drama
35291,drama
35292,adult
35293,drama
35294,western
35295,short
35296,drama
35297,drama
35298,documentary
35299,horror
35300,horror
35301,comedy
35302,drama
35303,drama
35304,comedy
35305,drama
35306,thriller
35307,drama
35308,action
35309,documentary
35310,drama
35311,thriller
35312,comedy
35313,comedy
35314,drama
35315,comedy
35316,drama
35317,documentary
35318,comedy
35319,western
35320,drama
35321,drama
35322,drama
35323,documentary
35324,documentary
35325,drama
35326,drama
35327,comedy
35328,adult
35329,drama
35330,comedy
35331,documentary
35332,adventure
35333,comedy
35334,drama
35335,comedy
35336,documentary
35337,family
35338,music
35339,comedy
35340,drama
35341,drama
35342,drama
35343,documentary
35344,comedy
35345,drama
35346,drama
35347,documentary
35348,documentary
35349,western
35350,documentary
35351,drama
35352,documentary
35353,documentary
35354,documentary
35355,drama
35356,thriller
35357,drama
35358,documentary
35359,drama
35360,drama
35361,drama
35362,comedy
35363,comedy
35364,drama
35365,documentary
35366,documentary
35367,comedy
35368,documentary
35369,western
35370,reality-tv
35371,drama
35372,drama
35373,documentary
35374,drama
35375,comedy
35376,comedy
35377,adventure
35378,documentary
35379,documentary
35380,documentary
35381,documentary
35382,horror
35383,drama
35384,documentary
35385,drama
35386,documentary
35387,documentary
35388,comedy
35389,drama
35390,drama
35391,adventure
35392,documentary
35393,short
35394,documentary
35395,drama
35396,short
35397,comedy
35398,documentary
35399,documentary
35400,documentary
35401,documentary
35402,adult
35403,drama
35404,drama
35405,drama
35406,short
35407,documentary
35408,documentary
35409,documentary
35410,comedy
35411,short
35412,drama
35413,action
35414,comedy
35415,documentary
35416,documentary
35417,documentary
35418,documentary
35419,drama
35420,documentary
35421,drama
35422,documentary
35423,documentary
35424,drama
35425,drama
35426,drama
35427,comedy
35428,drama
35429,comedy
35430,documentary
35431,drama
35432,documentary
35433,drama
35434,horror
35435,drama
35436,short
35437,action
35438,documentary
35439,horror
35440,documentary
35441,music
35442,documentary
35443,documentary
35444,drama
35445,drama
35446,drama
35447,documentary
35448,short
35449,drama
35450,documentary
35451,short
35452,drama
35453,drama
35454,comedy
35455,documentary
35456,comedy
35457,documentary
35458,comedy
35459,horror
35460,drama
35461,documentary
35462,drama
35463,sci-fi
35464,drama
35465,action
35466,drama
35467,drama
35468,comedy
35469,documentary
35470,drama
35471,short
35472,drama
35473,drama
35474,documentary
35475,drama
35476,animation
35477,family
35478,drama
35479,drama
35480,documentary
35481,action
35482,drama
35483,documentary
35484,comedy
35485,drama
35486,documentary
35487,drama
35488,drama
35489,documentary
35490,drama
35491,short
35492,drama
35493,comedy
35494,drama
35495,horror
35496,documentary
35497,short
35498,talk-show
35499,comedy
35500,documentary
35501,documentary
35502,documentary
35503,documentary
35504,documentary
35505,documentary
35506,documentary
35507,documentary
35508,documentary
35509,documentary
35510,comedy
35511,documentary
35512,comedy
35513,documentary
35514,drama
35515,comedy
35516,documentary
35517,documentary
35518,documentary
35519,sport
35520,drama
35521,comedy
35522,short
35523,documentary
35524,drama
35525,drama
35526,drama
35527,drama
35528,reality-tv
35529,horror
35530,documentary
35531,drama
35532,drama
35533,documentary
35534,comedy
35535,documentary
35536,comedy
35537,documentary
35538,documentary
35539,short
35540,drama
35541,comedy
35542,comedy
35543,comedy
35544,thriller
35545,drama
35546,comedy
35547,comedy
35548,thriller
35549,comedy
35550,short
35551,documentary
35552,comedy
35553,short
35554,comedy
35555,short
35556,documentary
35557,drama
35558,documentary
35559,adult
35560,drama
35561,drama
35562,comedy
35563,documentary
35564,thriller
35565,documentary
35566,documentary
35567,drama
35568,documentary
35569,horror
35570,documentary
35571,documentary
35572,drama
35573,animation
35574,horror
35575,action
35576,drama
35577,drama
35578,comedy
35579,drama
35580,horror
35581,drama
35582,drama
35583,documentary
35584,drama
35585,action
35586,documentary
35587,reality-tv
35588,comedy
35589,comedy
35590,drama
35591,drama
35592,sport
35593,drama
35594,comedy
35595,comedy
35596,comedy
35597,comedy
35598,documentary
35599,documentary
35600,adult
35601,documentary
35602,reality-tv
35603,short
35604,drama
35605,documentary
35606,drama
35607,drama
35608,documentary
35609,comedy
35610,comedy
35611,comedy
35612,drama
35613,documentary
35614,documentary
35615,drama
35616,documentary
35617,comedy
35618,drama
35619,family
35620,comedy
35621,drama
35622,drama
35623,drama
35624,comedy
35625,drama
35626,drama
35627,drama
35628,documentary
35629,drama
35630,documentary
35631,sci-fi
35632,reality-tv
35633,western
35634,documentary
35635,documentary
35636,documentary
35637,drama
35638,drama
35639,horror
35640,documentary
35641,documentary
35642,comedy
35643,music
35644,drama
35645,documentary
35646,drama
35647,horror
35648,drama
35649,drama
35650,drama
35651,drama
35652,documentary
35653,documentary
35654,drama
35655,drama
35656,drama
35657,short
35658,documentary
35659,drama
35660,horror
35661,reality-tv
35662,drama
35663,comedy
35664,short
35665,documentary
35666,western
35667,documentary
35668,western
35669,music
35670,documentary
35671,documentary
35672,documentary
35673,comedy
35674,documentary
35675,documentary
35676,documentary
35677,drama
35678,drama
35679,drama
35680,documentary
35681,drama
35682,short
35683,comedy
35684,short
35685,drama
35686,documentary
35687,drama
35688,horror
35689,documentary
35690,comedy
35691,talk-show
35692,drama
35693,drama
35694,documentary
35695,action
35696,drama
35697,music
35698,drama
35699,drama
35700,documentary
35701,drama
35702,documentary
35703,documentary
35704,documentary
35705,adult
35706,western
35707,documentary
35708,documentary
35709,drama
35710,horror
35711,horror
35712,horror
35713,comedy
35714,horror
35715,documentary
35716,comedy
35717,drama
35718,talk-show
35719,comedy
35720,documentary
35721,documentary
35722,drama
35723,drama
35724,documentary
35725,western
35726,documentary
35727,documentary
35728,documentary
35729,drama
35730,drama
35731,drama
35732,drama
35733,short
35734,documentary
35735,drama
35736,musical
35737,documentary
35738,documentary
35739,horror
35740,drama
35741,sci-fi
35742,comedy
35743,drama
35744,drama
35745,short
35746,comedy
35747,documentary
35748,thriller
35749,documentary
35750,drama
35751,drama
35752,documentary
35753,short
35754,short
35755,documentary
35756,drama
35757,horror
35758,drama
35759,drama
35760,documentary
35761,comedy
35762,documentary
35763,comedy
35764,comedy
35765,documentary
35766,drama
35767,documentary
35768,documentary
35769,documentary
35770,documentary
35771,documentary
35772,documentary
35773,drama
35774,western
35775,documentary
35776,documentary
35777,drama
35778,drama
35779,drama
35780,drama
35781,short
35782,horror
35783,documentary
35784,documentary
35785,documentary
35786,animation
35787,documentary
35788,comedy
35789,documentary
35790,short
35791,drama
35792,thriller
35793,drama
35794,adventure
35795,documentary
35796,drama
35797,drama
35798,drama
35799,documentary
35800,documentary
35801,drama
35802,western
35803,short
35804,horror
35805,drama
35806,documentary
35807,short
35808,thriller
35809,crime
35810,comedy
35811,short
35812,drama
35813,drama
35814,short
35815,documentary
35816,romance
35817,drama
35818,drama
35819,drama
35820,short
35821,drama
35822,music
35823,documentary
35824,documentary
35825,drama
35826,documentary
35827,short
35828,documentary
35829,documentary
35830,drama
35831,drama
35832,drama
35833,documentary
35834,drama
35835,short
35836,drama
35837,drama
35838,comedy
35839,action
35840,western
35841,comedy
35842,game-show
35843,comedy
35844,documentary
35845,drama
35846,adult
35847,drama
35848,drama
35849,drama
35850,drama
35851,comedy
35852,comedy
35853,drama
35854,music
35855,drama
35856,drama
35857,drama
35858,drama
35859,documentary
35860,drama
35861,drama
35862,short
35863,drama
35864,drama
35865,drama
35866,sport
35867,documentary
35868,comedy
35869,comedy
35870,documentary
35871,comedy
35872,documentary
35873,drama
35874,drama
35875,documentary
35876,short
35877,drama
35878,drama
35879,documentary
35880,short
35881,documentary
35882,drama
35883,comedy
35884,horror
35885,comedy
35886,drama
35887,crime
35888,comedy
35889,drama
35890,documentary
35891,short
35892,drama
35893,documentary
35894,drama
35895,drama
35896,documentary
35897,comedy
35898,drama
35899,documentary
35900,documentary
35901,short
35902,drama
35903,drama
35904,documentary
35905,comedy
35906,comedy
35907,documentary
35908,comedy
35909,comedy
35910,documentary
35911,comedy
35912,comedy
35913,drama
35914,drama
35915,documentary
35916,drama
35917,documentary
35918,drama
35919,adult
35920,western
35921,documentary
35922,documentary
35923,drama
35924,drama
35925,drama
35926,documentary
35927,drama
35928,romance
35929,animation
35930,music
35931,documentary
35932,short
35933,documentary
35934,adventure
35935,documentary
35936,western
35937,documentary
35938,documentary
35939,drama
35940,comedy
35941,comedy
35942,comedy
35943,documentary
35944,action
35945,documentary
35946,documentary
35947,documentary
35948,drama
35949,documentary
35950,documentary
35951,drama
35952,drama
35953,documentary
35954,documentary
35955,documentary
35956,documentary
35957,drama
35958,documentary
35959,documentary
35960,comedy
35961,documentary
35962,drama
35963,drama
35964,short
35965,comedy
35966,drama
35967,drama
35968,documentary
35969,comedy
35970,comedy
35971,documentary
35972,drama
35973,drama
35974,drama
35975,comedy
35976,documentary
35977,drama
35978,horror
35979,drama
35980,documentary
35981,reality-tv
35982,music
35983,short
35984,drama
35985,drama
35986,drama
35987,drama
35988,drama
35989,drama
35990,drama
35991,drama
35992,short
35993,short
35994,documentary
35995,documentary
35996,comedy
35997,drama
35998,documentary
35999,drama
36000,music
36001,comedy
36002,short
36003,documentary
36004,drama
36005,documentary
36006,drama
36007,documentary
36008,documentary
36009,drama
36010,drama
36011,documentary
36012,drama
36013,western
36014,drama
36015,documentary
36016,documentary
36017,documentary
36018,comedy
36019,drama
36020,short
36021,drama
36022,drama
36023,drama
36024,drama
36025,comedy
36026,documentary
36027,drama
36028,documentary
36029,comedy
36030,horror
36031,drama
36032,drama
36033,drama
36034,documentary
36035,comedy
36036,documentary
36037,documentary
36038,documentary
36039,documentary
36040,documentary
36041,drama
36042,comedy
36043,documentary
36044,documentary
36045,documentary
36046,documentary
36047,documentary
36048,drama
36049,drama
36050,horror
36051,documentary
36052,documentary
36053,documentary
36054,adventure
36055,horror
36056,drama
36057,drama
36058,drama
36059,documentary
36060,comedy
36061,music
36062,comedy
36063,drama
36064,comedy
36065,short
36066,drama
36067,drama
36068,comedy
36069,comedy
36070,thriller
36071,horror
36072,thriller
36073,adventure
36074,drama
36075,horror
36076,drama
36077,comedy
36078,documentary
36079,horror
36080,horror
36081,documentary
36082,comedy
36083,documentary
36084,drama
36085,comedy
36086,drama
36087,documentary
36088,documentary
36089,comedy
36090,documentary
36091,drama
36092,drama
36093,drama
36094,documentary
36095,drama
36096,game-show
36097,documentary
36098,comedy
36099,short
36100,documentary
36101,horror
36102,drama
36103,drama
36104,documentary
36105,drama
36106,drama
36107,drama
36108,comedy
36109,drama
36110,documentary
36111,horror
36112,drama
36113,thriller
36114,reality-tv
36115,documentary
36116,western
36117,drama
36118,documentary
36119,documentary
36120,drama
36121,documentary
36122,short
36123,documentary
36124,drama
36125,comedy
36126,short
36127,horror
36128,drama
36129,drama
36130,documentary
36131,drama
36132,horror
36133,drama
36134,drama
36135,short
36136,drama
36137,drama
36138,drama
36139,documentary
36140,documentary
36141,documentary
36142,short
36143,documentary
36144,short
36145,documentary
36146,comedy
36147,action
36148,documentary
36149,comedy
36150,short
36151,drama
36152,documentary
36153,documentary
36154,documentary
36155,adult
36156,drama
36157,thriller
36158,short
36159,drama
36160,documentary
36161,drama
36162,documentary
36163,drama
36164,drama
36165,comedy
36166,drama
36167,comedy
36168,documentary
36169,comedy
36170,drama
36171,documentary
36172,drama
36173,comedy
36174,documentary
36175,documentary
36176,documentary
36177,horror
36178,comedy
36179,drama
36180,drama
36181,drama
36182,drama
36183,drama
36184,drama
36185,documentary
36186,comedy
36187,thriller
36188,drama
36189,thriller
36190,drama
36191,documentary
36192,documentary
36193,thriller
36194,documentary
36195,drama
36196,documentary
36197,drama
36198,drama
36199,music
36200,comedy
36201,documentary
36202,drama
36203,music
36204,comedy
36205,comedy
36206,comedy
36207,action
36208,horror
36209,documentary
36210,drama
36211,documentary
36212,drama
36213,documentary
36214,drama
36215,drama
36216,drama
36217,thriller
36218,documentary
36219,drama
36220,drama
36221,documentary
36222,reality-tv
36223,drama
36224,documentary
36225,documentary
36226,comedy
36227,documentary
36228,documentary
36229,documentary
36230,documentary
36231,horror
36232,short
36233,documentary
36234,drama
36235,short
36236,drama
36237,comedy
36238,comedy
36239,documentary
36240,thriller
36241,documentary
36242,thriller
36243,drama
36244,thriller
36245,comedy
36246,documentary
36247,music
36248,documentary
36249,documentary
36250,documentary
36251,documentary
36252,documentary
36253,horror
36254,documentary
36255,documentary
36256,drama
36257,drama
36258,documentary
36259,news
36260,documentary
36261,horror
36262,short
36263,documentary
36264,documentary
36265,documentary
36266,comedy
36267,comedy
36268,horror
36269,drama
36270,short
36271,drama
36272,drama
36273,drama
36274,drama
36275,documentary
36276,drama
36277,drama
36278,documentary
36279,documentary
36280,comedy
36281,documentary
36282,documentary
36283,drama
36284,documentary
36285,documentary
36286,documentary
36287,adventure
36288,short
36289,drama
36290,drama
36291,drama
36292,documentary
36293,documentary
36294,documentary
36295,documentary
36296,documentary
36297,short
36298,short
36299,drama
36300,comedy
36301,action
36302,documentary
36303,drama
36304,drama
36305,western
36306,drama
36307,short
36308,horror
36309,horror
36310,documentary
36311,thriller
36312,documentary
36313,comedy
36314,drama
36315,horror
36316,drama
36317,comedy
36318,action
36319,documentary
36320,documentary
36321,documentary
36322,thriller
36323,horror
36324,documentary
36325,documentary
36326,drama
36327,comedy
36328,documentary
36329,western
36330,documentary
36331,documentary
36332,drama
36333,documentary
36334,drama
36335,horror
36336,drama
36337,drama
36338,documentary
36339,documentary
36340,comedy
36341,drama
36342,documentary
36343,drama
36344,drama
36345,documentary
36346,horror
36347,comedy
36348,drama
36349,western
36350,documentary
36351,documentary
36352,documentary
36353,drama
36354,documentary
36355,drama
36356,comedy
36357,documentary
36358,documentary
36359,drama
36360,documentary
36361,documentary
36362,drama
36363,short
36364,comedy
36365,drama
36366,drama
36367,drama
36368,comedy
36369,horror
36370,drama
36371,horror
36372,western
36373,comedy
36374,war
36375,documentary
36376,documentary
36377,drama
36378,drama
36379,drama
36380,drama
36381,drama
36382,horror
36383,western
36384,documentary
36385,drama
36386,short
36387,drama
36388,documentary
36389,documentary
36390,western
36391,documentary
36392,drama
36393,short
36394,horror
36395,documentary
36396,adventure
36397,drama
36398,comedy
36399,comedy
36400,drama
36401,documentary
36402,reality-tv
36403,drama
36404,drama
36405,documentary
36406,romance
36407,documentary
36408,documentary
36409,short
36410,drama
36411,comedy
36412,drama
36413,western
36414,comedy
36415,comedy
36416,documentary
36417,family
36418,comedy
36419,documentary
36420,comedy
36421,comedy
36422,comedy
36423,documentary
36424,drama
36425,drama
36426,documentary
36427,documentary
36428,drama
36429,documentary
36430,documentary
36431,comedy
36432,comedy
36433,drama
36434,comedy
36435,horror
36436,drama
36437,drama
36438,drama
36439,drama
36440,drama
36441,drama
36442,drama
36443,drama
36444,comedy
36445,drama
36446,documentary
36447,documentary
36448,adult
36449,short
36450,drama
36451,documentary
36452,comedy
36453,drama
36454,drama
36455,documentary
36456,documentary
36457,short
36458,drama
36459,drama
36460,drama
36461,drama
36462,western
36463,drama
36464,drama
36465,documentary
36466,documentary
36467,short
36468,comedy
36469,short
36470,short
36471,documentary
36472,short
36473,documentary
36474,comedy
36475,western
36476,drama
36477,documentary
36478,news
36479,reality-tv
36480,comedy
36481,documentary
36482,comedy
36483,documentary
36484,documentary
36485,drama
36486,comedy
36487,horror
36488,documentary
36489,drama
36490,thriller
36491,drama
36492,western
36493,documentary
36494,drama
36495,documentary
36496,drama
36497,documentary
36498,documentary
36499,short
36500,adventure
36501,action
36502,action
36503,documentary
36504,documentary
36505,horror
36506,drama
36507,horror
36508,documentary
36509,drama
36510,drama
36511,drama
36512,comedy
36513,drama
36514,romance
36515,documentary
36516,documentary
36517,drama
36518,documentary
36519,comedy
36520,drama
36521,documentary
36522,documentary
36523,comedy
36524,drama
36525,documentary
36526,drama
36527,drama
36528,comedy
36529,action
36530,drama
36531,documentary
36532,documentary
36533,drama
36534,drama
36535,drama
36536,documentary
36537,horror
36538,documentary
36539,short
36540,action
36541,short
36542,documentary
36543,drama
36544,documentary
36545,short
36546,comedy
36547,drama
36548,adventure
36549,drama
36550,documentary
36551,drama
36552,drama
36553,adventure
36554,western
36555,documentary
36556,drama
36557,thriller
36558,horror
36559,documentary
36560,drama
36561,documentary
36562,drama
36563,comedy
36564,documentary
36565,short
36566,documentary
36567,drama
36568,documentary
36569,documentary
36570,short
36571,drama
36572,horror
36573,drama
36574,drama
36575,documentary
36576,adult
36577,comedy
36578,drama
36579,reality-tv
36580,action
36581,documentary
36582,drama
36583,documentary
36584,comedy
36585,comedy
36586,documentary
36587,thriller
36588,drama
36589,drama
36590,short
36591,documentary
36592,drama
36593,horror
36594,drama
36595,drama
36596,drama
36597,horror
36598,adventure
36599,horror
36600,horror
36601,comedy
36602,drama
36603,documentary
36604,thriller
36605,documentary
36606,documentary
36607,horror
36608,documentary
36609,comedy
36610,drama
36611,comedy
36612,documentary
36613,drama
36614,documentary
36615,drama
36616,short
36617,drama
36618,short
36619,documentary
36620,documentary
36621,drama
36622,drama
36623,short
36624,drama
36625,comedy
36626,comedy
36627,documentary
36628,reality-tv
36629,short
36630,documentary
36631,short
36632,documentary
36633,action
36634,comedy
36635,horror
36636,comedy
36637,drama
36638,documentary
36639,comedy
36640,drama
36641,comedy
36642,family
36643,comedy
36644,comedy
36645,animation
36646,drama
36647,documentary
36648,comedy
36649,short
36650,drama
36651,documentary
36652,action
36653,drama
36654,drama
36655,drama
36656,documentary
36657,documentary
36658,drama
36659,documentary
36660,comedy
36661,documentary
36662,drama
36663,documentary
36664,family
36665,drama
36666,documentary
36667,western
36668,drama
36669,drama
36670,drama
36671,drama
36672,comedy
36673,documentary
36674,comedy
36675,drama
36676,horror
36677,adventure
36678,documentary
36679,drama
36680,documentary
36681,drama
36682,documentary
36683,documentary
36684,drama
36685,short
36686,documentary
36687,documentary
36688,comedy
36689,documentary
36690,drama
36691,short
36692,short
36693,short
36694,documentary
36695,comedy
36696,comedy
36697,horror
36698,game-show
36699,documentary
36700,drama
36701,documentary
36702,documentary
36703,short
36704,documentary
36705,horror
36706,comedy
36707,comedy
36708,comedy
36709,horror
36710,drama
36711,drama
36712,short
36713,sci-fi
36714,horror
36715,drama
36716,drama
36717,drama
36718,reality-tv
36719,drama
36720,comedy
36721,drama
36722,drama
36723,drama
36724,documentary
36725,drama
36726,action
36727,western
36728,comedy
36729,drama
36730,comedy
36731,drama
36732,drama
36733,drama
36734,drama
36735,sport
36736,reality-tv
36737,horror
36738,comedy
36739,documentary
36740,documentary
36741,documentary
36742,comedy
36743,adult
36744,reality-tv
36745,drama
36746,documentary
36747,documentary
36748,comedy
36749,reality-tv
36750,drama
36751,comedy
36752,documentary
36753,comedy
36754,documentary
36755,reality-tv
36756,documentary
36757,short
36758,comedy
36759,documentary
36760,drama
36761,talk-show
36762,western
36763,drama
36764,action
36765,romance
36766,documentary
36767,documentary
36768,thriller
36769,drama
36770,documentary
36771,documentary
36772,drama
36773,short
36774,drama
36775,comedy
36776,comedy
36777,drama
36778,drama
36779,short
36780,documentary
36781,documentary
36782,action
36783,drama
36784,western
36785,comedy
36786,documentary
36787,drama
36788,drama
36789,documentary
36790,comedy
36791,comedy
36792,documentary
36793,music
36794,documentary
36795,drama
36796,comedy
36797,drama
36798,documentary
36799,documentary
36800,thriller
36801,short
36802,drama
36803,drama
36804,comedy
36805,drama
36806,drama
36807,documentary
36808,documentary
36809,comedy
36810,documentary
36811,documentary
36812,comedy
36813,horror
36814,short
36815,documentary
36816,thriller
36817,horror
36818,documentary
36819,documentary
36820,documentary
36821,drama
36822,drama
36823,drama
36824,documentary
36825,drama
36826,drama
36827,sci-fi
36828,drama
36829,comedy
36830,drama
36831,documentary
36832,drama
36833,documentary
36834,drama
36835,drama
36836,drama
36837,drama
36838,documentary
36839,action
36840,drama
36841,drama
36842,documentary
36843,drama
36844,music
36845,short
36846,comedy
36847,documentary
36848,horror
36849,drama
36850,documentary
36851,drama
36852,short
36853,drama
36854,crime
36855,action
36856,adult
36857,short
36858,documentary
36859,horror
36860,documentary
36861,drama
36862,documentary
36863,drama
36864,drama
36865,drama
36866,action
36867,short
36868,comedy
36869,documentary
36870,documentary
36871,drama
36872,comedy
36873,drama
36874,documentary
36875,documentary
36876,documentary
36877,drama
36878,documentary
36879,documentary
36880,documentary
36881,documentary
36882,adventure
36883,comedy
36884,drama
36885,thriller
36886,drama
36887,documentary
36888,documentary
36889,documentary
36890,drama
36891,drama
36892,adventure
36893,documentary
36894,comedy
36895,documentary
36896,drama
36897,music
36898,documentary
36899,documentary
36900,reality-tv
36901,documentary
36902,drama
36903,documentary
36904,short
36905,drama
36906,drama
36907,drama
36908,western
36909,drama
36910,documentary
36911,horror
36912,western
36913,short
36914,documentary
36915,documentary
36916,drama
36917,drama
36918,drama
36919,documentary
36920,documentary
36921,documentary
36922,documentary
36923,documentary
36924,documentary
36925,drama
36926,comedy
36927,drama
36928,documentary
36929,documentary
36930,documentary
36931,drama
36932,drama
36933,documentary
36934,drama
36935,documentary
36936,horror
36937,documentary
36938,short
36939,drama
36940,documentary
36941,documentary
36942,drama
36943,comedy
36944,comedy
36945,documentary
36946,drama
36947,drama
36948,drama
36949,comedy
36950,comedy
36951,drama
36952,short
36953,drama
36954,documentary
36955,horror
36956,documentary
36957,horror
36958,short
36959,documentary
36960,short
36961,documentary
36962,horror
36963,short
36964,fantasy
36965,reality-tv
36966,drama
36967,comedy
36968,comedy
36969,documentary
36970,short
36971,drama
36972,drama
36973,documentary
36974,sci-fi
36975,drama
36976,comedy
36977,drama
36978,drama
36979,documentary
36980,comedy
36981,drama
36982,documentary
36983,documentary
36984,drama
36985,comedy
36986,documentary
36987,drama
36988,drama
36989,documentary
36990,short
36991,drama
36992,documentary
36993,comedy
36994,documentary
36995,documentary
36996,action
36997,comedy
36998,short
36999,horror
37000,horror
37001,documentary
37002,documentary
37003,drama
37004,horror
37005,drama
37006,documentary
37007,documentary
37008,documentary
37009,music
37010,short
37011,adult
37012,drama
37013,comedy
37014,comedy
37015,western
37016,documentary
37017,drama
37018,documentary
37019,drama
37020,drama
37021,music
37022,action
37023,comedy
37024,drama
37025,drama
37026,comedy
37027,comedy
37028,documentary
37029,documentary
37030,drama
37031,family
37032,drama
37033,documentary
37034,documentary
37035,drama
37036,documentary
37037,short
37038,horror
37039,documentary
37040,drama
37041,documentary
37042,comedy
37043,short
37044,documentary
37045,drama
37046,documentary
37047,short
37048,documentary
37049,drama
37050,horror
37051,drama
37052,comedy
37053,comedy
37054,drama
37055,short
37056,western
37057,drama
37058,talk-show
37059,comedy
37060,documentary
37061,documentary
37062,drama
37063,drama
37064,action
37065,short
37066,reality-tv
37067,documentary
37068,documentary
37069,horror
37070,comedy
37071,western
37072,sci-fi
37073,drama
37074,documentary
37075,drama
37076,short
37077,sci-fi
37078,documentary
37079,documentary
37080,fantasy
37081,documentary
37082,short
37083,documentary
37084,drama
37085,documentary
37086,music
37087,drama
37088,documentary
37089,documentary
37090,drama
37091,drama
37092,documentary
37093,horror
37094,drama
37095,documentary
37096,documentary
37097,music
37098,horror
37099,thriller
37100,comedy
37101,comedy
37102,thriller
37103,comedy
37104,horror
37105,documentary
37106,talk-show
37107,drama
37108,documentary
37109,short
37110,drama
37111,drama
37112,drama
37113,comedy
37114,drama
37115,thriller
37116,comedy
37117,drama
37118,history
37119,documentary
37120,documentary
37121,drama
37122,western
37123,drama
37124,drama
37125,drama
37126,drama
37127,drama
37128,drama
37129,drama
37130,documentary
37131,drama
37132,drama
37133,documentary
37134,documentary
37135,drama
37136,horror
37137,short
37138,drama
37139,documentary
37140,comedy
37141,documentary
37142,documentary
37143,drama
37144,comedy
37145,drama
37146,comedy
37147,documentary
37148,drama
37149,documentary
37150,drama
37151,documentary
37152,drama
37153,documentary
37154,documentary
37155,drama
37156,comedy
37157,drama
37158,documentary
37159,drama
37160,documentary
37161,documentary
37162,drama
37163,action
37164,short
37165,documentary
37166,documentary
37167,western
37168,drama
37169,family
37170,documentary
37171,drama
37172,short
37173,horror
37174,short
37175,documentary
37176,drama
37177,drama
37178,short
37179,documentary
37180,drama
37181,documentary
37182,documentary
37183,adult
37184,thriller
37185,horror
37186,drama
37187,drama
37188,documentary
37189,drama
37190,drama
37191,drama
37192,documentary
37193,drama
37194,music
37195,documentary
37196,documentary
37197,documentary
37198,comedy
37199,short
37200,comedy
37201,horror
37202,documentary
37203,comedy
37204,comedy
37205,horror
37206,adult
37207,documentary
37208,drama
37209,documentary
37210,drama
37211,drama
37212,documentary
37213,drama
37214,drama
37215,drama
37216,drama
37217,horror
37218,comedy
37219,drama
37220,drama
37221,western
37222,sci-fi
37223,drama
37224,drama
37225,drama
37226,family
37227,drama
37228,documentary
37229,horror
37230,documentary
37231,drama
37232,comedy
37233,comedy
37234,comedy
37235,drama
37236,drama
37237,sport
37238,thriller
37239,drama
37240,documentary
37241,short
37242,documentary
37243,documentary
37244,drama
37245,drama
37246,documentary
37247,horror
37248,drama
37249,drama
37250,drama
37251,action
37252,comedy
37253,documentary
37254,drama
37255,short
37256,drama
37257,drama
37258,music
37259,comedy
37260,documentary
37261,drama
37262,documentary
37263,drama
37264,fantasy
37265,action
37266,documentary
37267,documentary
37268,drama
37269,horror
37270,talk-show
37271,drama
37272,comedy
37273,horror
37274,drama
37275,documentary
37276,drama
37277,documentary
37278,short
37279,drama
37280,short
37281,documentary
37282,documentary
37283,drama
37284,documentary
37285,horror
37286,drama
37287,comedy
37288,comedy
37289,short
37290,music
37291,short
37292,documentary
37293,documentary
37294,documentary
37295,documentary
37296,drama
37297,drama
37298,documentary
37299,drama
37300,documentary
37301,comedy
37302,horror
37303,documentary
37304,comedy
37305,documentary
37306,comedy
37307,comedy
37308,documentary
37309,drama
37310,drama
37311,comedy
37312,comedy
37313,documentary
37314,comedy
37315,comedy
37316,documentary
37317,family
37318,drama
37319,documentary
37320,documentary
37321,drama
37322,documentary
37323,documentary
37324,action
37325,thriller
37326,drama
37327,drama
37328,short
37329,documentary
37330,short
37331,short
37332,documentary
37333,drama
37334,documentary
37335,drama
37336,comedy
37337,horror
37338,sci-fi
37339,comedy
37340,comedy
37341,comedy
37342,action
37343,drama
37344,drama
37345,documentary
37346,music
37347,drama
37348,comedy
37349,documentary
37350,adventure
37351,documentary
37352,documentary
37353,drama
37354,adventure
37355,comedy
37356,western
37357,documentary
37358,documentary
37359,drama
37360,documentary
37361,short
37362,drama
37363,comedy
37364,adventure
37365,drama
37366,comedy
37367,documentary
37368,drama
37369,action
37370,documentary
37371,comedy
37372,drama
37373,documentary
37374,news
37375,thriller
37376,drama
37377,documentary
37378,drama
37379,short
37380,drama
37381,documentary
37382,documentary
37383,documentary
37384,drama
37385,documentary
37386,documentary
37387,drama
37388,drama
37389,drama
37390,comedy
37391,short
37392,documentary
37393,comedy
37394,drama
37395,music
37396,documentary
37397,comedy
37398,western
37399,documentary
37400,action
37401,sci-fi
37402,drama
37403,drama
37404,drama
37405,documentary
37406,drama
37407,drama
37408,western
37409,documentary
37410,action
37411,documentary
37412,drama
37413,documentary
37414,drama
37415,documentary
37416,documentary
37417,drama
37418,documentary
37419,documentary
37420,drama
37421,drama
37422,comedy
37423,documentary
37424,short
37425,comedy
37426,drama
37427,documentary
37428,action
37429,comedy
37430,comedy
37431,drama
37432,documentary
37433,drama
37434,drama
37435,drama
37436,horror
37437,drama
37438,documentary
37439,comedy
37440,short
37441,drama
37442,comedy
37443,drama
37444,drama
37445,drama
37446,short
37447,documentary
37448,short
37449,documentary
37450,drama
37451,documentary
37452,thriller
37453,documentary
37454,documentary
37455,drama
37456,documentary
37457,comedy
37458,horror
37459,drama
37460,comedy
37461,documentary
37462,drama
37463,documentary
37464,comedy
37465,drama
37466,comedy
37467,drama
37468,documentary
37469,documentary
37470,documentary
37471,documentary
37472,documentary
37473,horror
37474,documentary
37475,short
37476,drama
37477,drama
37478,documentary
37479,drama
37480,drama
37481,drama
37482,drama
37483,comedy
37484,comedy
37485,comedy
37486,comedy
37487,drama
37488,documentary
37489,comedy
37490,short
37491,drama
37492,documentary
37493,drama
37494,short
37495,drama
37496,drama
37497,documentary
37498,drama
37499,horror
37500,comedy
37501,thriller
37502,comedy
37503,western
37504,drama
37505,comedy
37506,documentary
37507,drama
37508,horror
37509,comedy
37510,drama
37511,drama
37512,drama
37513,drama
37514,comedy
37515,documentary
37516,documentary
37517,drama
37518,family
37519,drama
37520,documentary
37521,comedy
37522,drama
37523,drama
37524,drama
37525,comedy
37526,drama
37527,documentary
37528,short
37529,drama
37530,documentary
37531,drama
37532,drama
37533,documentary
37534,drama
37535,comedy
37536,drama
37537,documentary
37538,drama
37539,action
37540,documentary
37541,documentary
37542,documentary
37543,action
37544,short
37545,comedy
37546,drama
37547,documentary
37548,comedy
37549,drama
37550,drama
37551,drama
37552,documentary
37553,drama
37554,documentary
37555,documentary
37556,drama
37557,documentary
37558,drama
37559,drama
37560,sport
37561,western
37562,game-show
37563,comedy
37564,drama
37565,short
37566,drama
37567,drama
37568,drama
37569,comedy
37570,documentary
37571,comedy
37572,documentary
37573,documentary
37574,documentary
37575,documentary
37576,comedy
37577,western
37578,drama
37579,documentary
37580,drama
37581,drama
37582,drama
37583,drama
37584,documentary
37585,drama
37586,horror
37587,documentary
37588,comedy
37589,short
37590,documentary
37591,drama
37592,horror
37593,drama
37594,drama
37595,documentary
37596,comedy
37597,documentary
37598,drama
37599,short
37600,documentary
37601,drama
37602,documentary
37603,western
37604,comedy
37605,comedy
37606,documentary
37607,drama
37608,drama
37609,drama
37610,drama
37611,drama
37612,horror
37613,documentary
37614,documentary
37615,drama
37616,comedy
37617,drama
37618,documentary
37619,documentary
37620,thriller
37621,thriller
37622,drama
37623,horror
37624,short
37625,documentary
37626,music
37627,drama
37628,drama
37629,documentary
37630,horror
37631,comedy
37632,drama
37633,western
37634,drama
37635,documentary
37636,short
37637,comedy
37638,drama
37639,documentary
37640,horror
37641,documentary
37642,action
37643,drama
37644,documentary
37645,mystery
37646,drama
37647,short
37648,drama
37649,comedy
37650,action
37651,short
37652,comedy
37653,drama
37654,adventure
37655,documentary
37656,drama
37657,drama
37658,drama
37659,documentary
37660,comedy
37661,documentary
37662,drama
37663,drama
37664,comedy
37665,documentary
37666,documentary
37667,drama
37668,documentary
37669,comedy
37670,drama
37671,comedy
37672,documentary
37673,drama
37674,documentary
37675,short
37676,documentary
37677,comedy
37678,comedy
37679,documentary
37680,documentary
37681,documentary
37682,short
37683,documentary
37684,documentary
37685,family
37686,drama
37687,family
37688,drama
37689,short
37690,documentary
37691,documentary
37692,documentary
37693,comedy
37694,documentary
37695,horror
37696,comedy
37697,drama
37698,short
37699,drama
37700,music
37701,drama
37702,documentary
37703,documentary
37704,drama
37705,drama
37706,documentary
37707,short
37708,sport
37709,adult
37710,short
37711,drama
37712,documentary
37713,adult
37714,comedy
37715,drama
37716,horror
37717,horror
37718,documentary
37719,drama
37720,comedy
37721,drama
37722,drama
37723,documentary
37724,drama
37725,drama
37726,comedy
37727,short
37728,drama
37729,documentary
37730,western
37731,comedy
37732,drama
37733,short
37734,comedy
37735,documentary
37736,drama
37737,drama
37738,adult
37739,documentary
37740,thriller
37741,short
37742,musical
37743,drama
37744,short
37745,western
37746,documentary
37747,documentary
37748,comedy
37749,drama
37750,drama
37751,drama
37752,short
37753,western
37754,documentary
37755,drama
37756,drama
37757,documentary
37758,drama
37759,drama
37760,comedy
37761,drama
37762,documentary
37763,comedy
37764,comedy
37765,drama
37766,thriller
37767,drama
37768,comedy
37769,horror
37770,drama
37771,documentary
37772,drama
37773,drama
37774,drama
37775,documentary
37776,drama
37777,drama
37778,drama
37779,horror
37780,drama
37781,drama
37782,comedy
37783,documentary
37784,drama
37785,drama
37786,short
37787,comedy
37788,drama
37789,drama
37790,horror
37791,drama
37792,drama
37793,horror
37794,drama
37795,documentary
37796,drama
37797,drama
37798,horror
37799,documentary
37800,documentary
37801,comedy
37802,documentary
37803,drama
37804,news
37805,comedy
37806,drama
37807,documentary
37808,horror
37809,drama
37810,drama
37811,documentary
37812,drama
37813,drama
37814,documentary
37815,comedy
37816,drama
37817,drama
37818,drama
37819,comedy
37820,short
37821,documentary
37822,documentary
37823,drama
37824,drama
37825,documentary
37826,drama
37827,drama
37828,comedy
37829,short
37830,drama
37831,documentary
37832,drama
37833,documentary
37834,documentary
37835,documentary
37836,drama
37837,drama
37838,comedy
37839,documentary
37840,short
37841,comedy
37842,drama
37843,drama
37844,documentary
37845,short
37846,drama
37847,documentary
37848,drama
37849,documentary
37850,drama
37851,drama
37852,drama
37853,drama
37854,drama
37855,thriller
37856,music
37857,drama
37858,drama
37859,action
37860,drama
37861,drama
37862,short
37863,documentary
37864,short
37865,documentary
37866,documentary
37867,game-show
37868,horror
37869,music
37870,documentary
37871,documentary
37872,documentary
37873,drama
37874,drama
37875,short
37876,comedy
37877,short
37878,sport
37879,drama
37880,comedy
37881,drama
37882,short
37883,western
37884,documentary
37885,documentary
37886,comedy
37887,comedy
37888,short
37889,comedy
37890,documentary
37891,comedy
37892,drama
37893,documentary
37894,documentary
37895,documentary
37896,war
37897,documentary
37898,documentary
37899,action
37900,horror
37901,documentary
37902,drama
37903,horror
37904,documentary
37905,documentary
37906,action
37907,horror
37908,short
37909,comedy
37910,documentary
37911,drama
37912,comedy
37913,drama
37914,drama
37915,documentary
37916,documentary
37917,comedy
37918,short
37919,comedy
37920,drama
37921,documentary
37922,drama
37923,comedy
37924,drama
37925,drama
37926,comedy
37927,drama
37928,drama
37929,comedy
37930,documentary
37931,short
37932,comedy
37933,documentary
37934,documentary
37935,drama
37936,short
37937,drama
37938,drama
37939,documentary
37940,documentary
37941,documentary
37942,short
37943,drama
37944,documentary
37945,drama
37946,comedy
37947,documentary
37948,drama
37949,drama
37950,documentary
37951,short
37952,comedy
37953,drama
37954,documentary
37955,drama
37956,documentary
37957,drama
37958,drama
37959,documentary
37960,documentary
37961,documentary
37962,comedy
37963,documentary
37964,comedy
37965,drama
37966,drama
37967,drama
37968,drama
37969,drama
37970,western
37971,drama
37972,horror
37973,documentary
37974,comedy
37975,comedy
37976,short
37977,drama
37978,drama
37979,documentary
37980,documentary
37981,documentary
37982,drama
37983,documentary
37984,comedy
37985,documentary
37986,comedy
37987,documentary
37988,documentary
37989,drama
37990,documentary
37991,thriller
37992,documentary
37993,comedy
37994,comedy
37995,drama
37996,drama
37997,documentary
37998,short
37999,documentary
38000,documentary
38001,documentary
38002,documentary
38003,drama
38004,drama
38005,drama
38006,western
38007,action
38008,drama
38009,drama
38010,drama
38011,comedy
38012,drama
38013,adventure
38014,thriller
38015,drama
38016,documentary
38017,documentary
38018,comedy
38019,documentary
38020,documentary
38021,documentary
38022,documentary
38023,comedy
38024,drama
38025,documentary
38026,comedy
38027,horror
38028,drama
38029,drama
38030,comedy
38031,drama
38032,documentary
38033,drama
38034,drama
38035,drama
38036,documentary
38037,comedy
38038,documentary
38039,drama
38040,action
38041,comedy
38042,western
38043,comedy
38044,drama
38045,short
38046,documentary
38047,drama
38048,drama
38049,action
38050,horror
38051,horror
38052,documentary
38053,documentary
38054,documentary
38055,documentary
38056,short
38057,comedy
38058,documentary
38059,drama
38060,comedy
38061,sport
38062,western
38063,documentary
38064,reality-tv
38065,drama
38066,drama
38067,documentary
38068,documentary
38069,drama
38070,documentary
38071,comedy
38072,drama
38073,horror
38074,comedy
38075,comedy
38076,drama
38077,short
38078,drama
38079,western
38080,drama
38081,drama
38082,drama
38083,drama
38084,drama
38085,horror
38086,musical
38087,documentary
38088,documentary
38089,drama
38090,documentary
38091,drama
38092,documentary
38093,documentary
38094,drama
38095,thriller
38096,short
38097,drama
38098,documentary
38099,documentary
38100,drama
38101,music
38102,drama
38103,drama
38104,drama
38105,western
38106,documentary
38107,documentary
38108,drama
38109,comedy
38110,documentary
38111,music
38112,documentary
38113,documentary
38114,drama
38115,documentary
38116,drama
38117,documentary
38118,drama
38119,drama
38120,drama
38121,documentary
38122,drama
38123,drama
38124,short
38125,documentary
38126,drama
38127,short
38128,short
38129,horror
38130,drama
38131,drama
38132,drama
38133,comedy
38134,drama
38135,documentary
38136,drama
38137,drama
38138,drama
38139,drama
38140,comedy
38141,short
38142,documentary
38143,documentary
38144,talk-show
38145,documentary
38146,documentary
38147,comedy
38148,drama
38149,drama
38150,comedy
38151,drama
38152,documentary
38153,documentary
38154,drama
38155,documentary
38156,adult
38157,drama
38158,documentary
38159,drama
38160,documentary
38161,documentary
38162,documentary
38163,short
38164,family
38165,western
38166,documentary
38167,documentary
38168,comedy
38169,drama
38170,drama
38171,documentary
38172,documentary
38173,drama
38174,drama
38175,comedy
38176,documentary
38177,short
38178,comedy
38179,adult
38180,drama
38181,documentary
38182,music
38183,drama
38184,drama
38185,drama
38186,drama
38187,drama
38188,drama
38189,comedy
38190,drama
38191,documentary
38192,drama
38193,short
38194,documentary
38195,drama
38196,drama
38197,drama
38198,drama
38199,documentary
38200,documentary
38201,drama
38202,documentary
38203,documentary
38204,comedy
38205,documentary
38206,documentary
38207,short
38208,horror
38209,comedy
38210,drama
38211,documentary
38212,comedy
38213,drama
38214,documentary
38215,documentary
38216,documentary
38217,comedy
38218,documentary
38219,drama
38220,short
38221,documentary
38222,documentary
38223,drama
38224,short
38225,documentary
38226,drama
38227,drama
38228,drama
38229,comedy
38230,documentary
38231,documentary
38232,adult
38233,documentary
38234,documentary
38235,drama
38236,documentary
38237,comedy
38238,drama
38239,documentary
38240,comedy
38241,comedy
38242,short
38243,drama
38244,drama
38245,drama
38246,documentary
38247,drama
38248,comedy
38249,documentary
38250,documentary
38251,drama
38252,comedy
38253,horror
38254,documentary
38255,drama
38256,documentary
38257,horror
38258,comedy
38259,documentary
38260,drama
38261,drama
38262,drama
38263,documentary
38264,comedy
38265,drama
38266,horror
38267,documentary
38268,romance
38269,drama
38270,documentary
38271,documentary
38272,drama
38273,drama
38274,drama
38275,short
38276,sci-fi
38277,drama
38278,comedy
38279,documentary
38280,action
38281,documentary
38282,drama
38283,reality-tv
38284,action
38285,drama
38286,music
38287,drama
38288,documentary
38289,documentary
38290,short
38291,horror
38292,drama
38293,short
38294,comedy
38295,crime
38296,thriller
38297,comedy
38298,documentary
38299,drama
38300,documentary
38301,drama
38302,comedy
38303,action
38304,drama
38305,horror
38306,drama
38307,drama
38308,drama
38309,drama
38310,short
38311,comedy
38312,short
38313,documentary
38314,drama
38315,drama
38316,documentary
38317,comedy
38318,drama
38319,horror
38320,drama
38321,drama
38322,drama
38323,short
38324,short
38325,documentary
38326,documentary
38327,drama
38328,documentary
38329,documentary
38330,comedy
38331,western
38332,horror
38333,documentary
38334,documentary
38335,drama
38336,drama
38337,documentary
38338,drama
38339,thriller
38340,documentary
38341,horror
38342,documentary
38343,documentary
38344,music
38345,reality-tv
38346,drama
38347,drama
38348,drama
38349,music
38350,documentary
38351,documentary
38352,drama
38353,short
38354,horror
38355,comedy
38356,documentary
38357,documentary
38358,documentary
38359,documentary
38360,comedy
38361,documentary
38362,comedy
38363,documentary
38364,drama
38365,documentary
38366,western
38367,documentary
38368,short
38369,comedy
38370,drama
38371,documentary
38372,drama
38373,comedy
38374,family
38375,comedy
38376,drama
38377,comedy
38378,drama
38379,drama
38380,drama
38381,documentary
38382,documentary
38383,drama
38384,drama
38385,drama
38386,documentary
38387,documentary
38388,drama
38389,documentary
38390,short
38391,horror
38392,documentary
38393,thriller
38394,drama
38395,drama
38396,drama
38397,drama
38398,documentary
38399,documentary
38400,drama
38401,western
38402,short
38403,short
38404,comedy
38405,documentary
38406,drama
38407,drama
38408,short
38409,short
38410,documentary
38411,drama
38412,drama
38413,short
38414,drama
38415,drama
38416,drama
38417,western
38418,drama
38419,documentary
38420,drama
38421,documentary
38422,documentary
38423,comedy
38424,drama
38425,short
38426,horror
38427,drama
38428,documentary
38429,drama
38430,documentary
38431,adult
38432,drama
38433,documentary
38434,horror
38435,drama
38436,comedy
38437,drama
38438,drama
38439,action
38440,documentary
38441,documentary
38442,documentary
38443,documentary
38444,drama
38445,drama
38446,drama
38447,short
38448,action
38449,documentary
38450,documentary
38451,documentary
38452,documentary
38453,drama
38454,drama
38455,documentary
38456,drama
38457,horror
38458,short
38459,drama
38460,documentary
38461,drama
38462,documentary
38463,drama
38464,sci-fi
38465,thriller
38466,drama
38467,short
38468,documentary
38469,documentary
38470,comedy
38471,comedy
38472,documentary
38473,drama
38474,documentary
38475,comedy
38476,documentary
38477,drama
38478,documentary
38479,western
38480,drama
38481,documentary
38482,drama
38483,drama
38484,reality-tv
38485,drama
38486,documentary
38487,drama
38488,short
38489,drama
38490,drama
38491,sci-fi
38492,talk-show
38493,documentary
38494,thriller
38495,short
38496,documentary
38497,drama
38498,drama
38499,documentary
38500,drama
38501,short
38502,documentary
38503,documentary
38504,drama
38505,comedy
38506,drama
38507,drama
38508,short
38509,adventure
38510,short
38511,documentary
38512,comedy
38513,documentary
38514,drama
38515,drama
38516,drama
38517,drama
38518,drama
38519,drama
38520,drama
38521,drama
38522,short
38523,documentary
38524,drama
38525,documentary
38526,fantasy
38527,comedy
38528,documentary
38529,drama
38530,drama
38531,horror
38532,documentary
38533,thriller
38534,documentary
38535,documentary
38536,drama
38537,comedy
38538,documentary
38539,comedy
38540,drama
38541,documentary
38542,documentary
38543,drama
38544,horror
38545,drama
38546,drama
38547,drama
38548,comedy
38549,documentary
38550,comedy
38551,documentary
38552,drama
38553,comedy
38554,thriller
38555,horror
38556,drama
38557,drama
38558,musical
38559,documentary
38560,drama
38561,documentary
38562,western
38563,drama
38564,thriller
38565,drama
38566,documentary
38567,drama
38568,comedy
38569,documentary
38570,short
38571,documentary
38572,horror
38573,drama
38574,drama
38575,short
38576,documentary
38577,comedy
38578,documentary
38579,thriller
38580,documentary
38581,short
38582,drama
38583,thriller
38584,comedy
38585,documentary
38586,drama
38587,horror
38588,documentary
38589,drama
38590,drama
38591,drama
38592,documentary
38593,drama
38594,documentary
38595,comedy
38596,drama
38597,comedy
38598,drama
38599,western
38600,animation
38601,documentary
38602,drama
38603,drama
38604,comedy
38605,horror
38606,drama
38607,documentary
38608,drama
38609,documentary
38610,drama
38611,documentary
38612,adult
38613,drama
38614,drama
38615,documentary
38616,documentary
38617,documentary
38618,documentary
38619,short
38620,documentary
38621,drama
38622,documentary
38623,horror
38624,documentary
38625,comedy
38626,documentary
38627,documentary
38628,comedy
38629,comedy
38630,family
38631,short
38632,comedy
38633,horror
38634,documentary
38635,documentary
38636,drama
38637,documentary
38638,sci-fi
38639,drama
38640,drama
38641,documentary
38642,documentary
38643,game-show
38644,comedy
38645,short
38646,documentary
38647,drama
38648,drama
38649,action
38650,adult
38651,drama
38652,short
38653,musical
38654,drama
38655,documentary
38656,horror
38657,drama
38658,comedy
38659,comedy
38660,drama
38661,reality-tv
38662,documentary
38663,drama
38664,drama
38665,horror
38666,comedy
38667,documentary
38668,drama
38669,documentary
38670,comedy
38671,drama
38672,thriller
38673,documentary
38674,drama
38675,horror
38676,comedy
38677,drama
38678,action
38679,horror
38680,sci-fi
38681,documentary
38682,drama
38683,documentary
38684,thriller
38685,drama
38686,documentary
38687,short
38688,documentary
38689,music
38690,drama
38691,documentary
38692,comedy
38693,comedy
38694,documentary
38695,documentary
38696,documentary
38697,documentary
38698,horror
38699,documentary
38700,drama
38701,drama
38702,short
38703,western
38704,drama
38705,documentary
38706,drama
38707,documentary
38708,documentary
38709,reality-tv
38710,short
38711,drama
38712,drama
38713,drama
38714,drama
38715,western
38716,documentary
38717,horror
38718,documentary
38719,drama
38720,comedy
38721,horror
38722,horror
38723,documentary
38724,documentary
38725,documentary
38726,drama
38727,drama
38728,western
38729,documentary
38730,short
38731,documentary
38732,documentary
38733,comedy
38734,short
38735,comedy
38736,documentary
38737,drama
38738,short
38739,drama
38740,western
38741,short
38742,short
38743,documentary
38744,documentary
38745,drama
38746,horror
38747,documentary
38748,short
38749,documentary
38750,documentary
38751,comedy
38752,comedy
38753,short
38754,western
38755,reality-tv
38756,comedy
38757,documentary
38758,documentary
38759,horror
38760,documentary
38761,documentary
38762,documentary
38763,thriller
38764,documentary
38765,comedy
38766,documentary
38767,documentary
38768,sci-fi
38769,sport
38770,documentary
38771,short
38772,drama
38773,documentary
38774,drama
38775,drama
38776,documentary
38777,adventure
38778,horror
38779,family
38780,drama
38781,drama
38782,drama
38783,drama
38784,comedy
38785,comedy
38786,drama
38787,drama
38788,drama
38789,drama
38790,documentary
38791,drama
38792,drama
38793,comedy
38794,drama
38795,comedy
38796,sci-fi
38797,drama
38798,documentary
38799,drama
38800,short
38801,drama
38802,comedy
38803,drama
38804,drama
38805,drama
38806,comedy
38807,short
38808,short
38809,comedy
38810,drama
38811,documentary
38812,drama
38813,documentary
38814,documentary
38815,comedy
38816,action
38817,horror
38818,short
38819,comedy
38820,documentary
38821,documentary
38822,documentary
38823,comedy
38824,drama
38825,sci-fi
38826,short
38827,drama
38828,comedy
38829,drama
38830,thriller
38831,documentary
38832,documentary
38833,comedy
38834,documentary
38835,drama
38836,western
38837,drama
38838,documentary
38839,documentary
38840,comedy
38841,documentary
38842,documentary
38843,documentary
38844,comedy
38845,drama
38846,comedy
38847,drama
38848,comedy
38849,drama
38850,comedy
38851,documentary
38852,drama
38853,drama
38854,short
38855,comedy
38856,drama
38857,drama
38858,documentary
38859,drama
38860,short
38861,drama
38862,comedy
38863,drama
38864,drama
38865,documentary
38866,drama
38867,documentary
38868,drama
38869,horror
38870,documentary
38871,drama
38872,documentary
38873,documentary
38874,documentary
38875,comedy
38876,documentary
38877,comedy
38878,drama
38879,drama
38880,drama
38881,drama
38882,drama
38883,comedy
38884,animation
38885,drama
38886,western
38887,documentary
38888,short
38889,drama
38890,documentary
38891,documentary
38892,drama
38893,documentary
38894,drama
38895,documentary
38896,short
38897,documentary
38898,drama
38899,comedy
38900,action
38901,drama
38902,drama
38903,reality-tv
38904,documentary
38905,documentary
38906,documentary
38907,comedy
38908,drama
38909,sci-fi
38910,action
38911,documentary
38912,drama
38913,documentary
38914,documentary
38915,drama
38916,documentary
38917,documentary
38918,documentary
38919,drama
38920,drama
38921,comedy
38922,drama
38923,documentary
38924,drama
38925,documentary
38926,drama
38927,drama
38928,short
38929,drama
38930,documentary
38931,comedy
38932,adventure
38933,music
38934,documentary
38935,documentary
38936,drama
38937,documentary
38938,documentary
38939,documentary
38940,drama
38941,drama
38942,drama
38943,documentary
38944,drama
38945,drama
38946,drama
38947,drama
38948,comedy
38949,horror
38950,short
38951,documentary
38952,drama
38953,mystery
38954,horror
38955,drama
38956,documentary
38957,reality-tv
38958,documentary
38959,documentary
38960,documentary
38961,documentary
38962,romance
38963,sci-fi
38964,drama
38965,comedy
38966,short
38967,comedy
38968,drama
38969,documentary
38970,drama
38971,documentary
38972,documentary
38973,documentary
38974,horror
38975,comedy
38976,drama
38977,comedy
38978,drama
38979,documentary
38980,thriller
38981,comedy
38982,documentary
38983,drama
38984,documentary
38985,drama
38986,short
38987,drama
38988,documentary
38989,drama
38990,comedy
38991,documentary
38992,documentary
38993,documentary
38994,thriller
38995,documentary
38996,documentary
38997,drama
38998,sport
38999,short
39000,short
39001,romance
39002,adult
39003,short
39004,adventure
39005,drama
39006,documentary
39007,drama
39008,documentary
39009,short
39010,adult
39011,short
39012,drama
39013,drama
39014,drama
39015,documentary
39016,documentary
39017,documentary
39018,documentary
39019,documentary
39020,drama
39021,short
39022,documentary
39023,action
39024,drama
39025,drama
39026,comedy
39027,documentary
39028,drama
39029,short
39030,documentary
39031,drama
39032,sport
39033,comedy
39034,western
39035,documentary
39036,drama
39037,short
39038,documentary
39039,comedy
39040,comedy
39041,documentary
39042,drama
39043,drama
39044,documentary
39045,documentary
39046,documentary
39047,documentary
39048,documentary
39049,comedy
39050,short
39051,documentary
39052,documentary
39053,drama
39054,drama
39055,drama
39056,short
39057,documentary
39058,comedy
39059,horror
39060,drama
39061,drama
39062,drama
39063,comedy
39064,documentary
39065,documentary
39066,documentary
39067,documentary
39068,sci-fi
39069,short
39070,drama
39071,documentary
39072,comedy
39073,drama
39074,comedy
39075,adult
39076,drama
39077,documentary
39078,documentary
39079,documentary
39080,drama
39081,documentary
39082,comedy
39083,documentary
39084,drama
39085,documentary
39086,drama
39087,adventure
39088,drama
39089,family
39090,documentary
39091,drama
39092,drama
39093,comedy
39094,action
39095,drama
39096,drama
39097,documentary
39098,drama
39099,documentary
39100,reality-tv
39101,comedy
39102,comedy
39103,documentary
39104,drama
39105,documentary
39106,documentary
39107,horror
39108,drama
39109,comedy
39110,talk-show
39111,comedy
39112,drama
39113,documentary
39114,documentary
39115,adult
39116,western
39117,drama
39118,documentary
39119,documentary
39120,comedy
39121,western
39122,action
39123,drama
39124,documentary
39125,documentary
39126,drama
39127,comedy
39128,documentary
39129,drama
39130,documentary
39131,horror
39132,game-show
39133,drama
39134,drama
39135,short
39136,drama
39137,documentary
39138,drama
39139,drama
39140,documentary
39141,documentary
39142,horror
39143,horror
39144,comedy
39145,drama
39146,short
39147,documentary
39148,documentary
39149,documentary
39150,documentary
39151,drama
39152,drama
39153,drama
39154,documentary
39155,documentary
39156,documentary
39157,documentary
39158,documentary
39159,drama
39160,drama
39161,drama
39162,comedy
39163,drama
39164,documentary
39165,documentary
39166,drama
39167,music
39168,documentary
39169,drama
39170,drama
39171,documentary
39172,documentary
39173,short
39174,documentary
39175,drama
39176,documentary
39177,drama
39178,documentary
39179,short
39180,short
39181,drama
39182,documentary
39183,comedy
39184,comedy
39185,drama
39186,documentary
39187,drama
39188,drama
39189,documentary
39190,drama
39191,documentary
39192,documentary
39193,documentary
39194,drama
39195,documentary
39196,drama
39197,comedy
39198,adult
39199,drama
39200,documentary
39201,documentary
39202,documentary
39203,documentary
39204,short
39205,documentary
39206,documentary
39207,short
39208,documentary
39209,documentary
39210,documentary
39211,drama
39212,comedy
39213,comedy
39214,documentary
39215,western
39216,drama
39217,documentary
39218,documentary
39219,comedy
39220,documentary
39221,comedy
39222,comedy
39223,documentary
39224,drama
39225,documentary
39226,documentary
39227,action
39228,drama
39229,documentary
39230,documentary
39231,drama
39232,short
39233,documentary
39234,documentary
39235,drama
39236,documentary
39237,drama
39238,crime
39239,short
39240,music
39241,drama
39242,documentary
39243,drama
39244,drama
39245,drama
39246,action
39247,comedy
39248,drama
39249,comedy
39250,documentary
39251,documentary
39252,drama
39253,short
39254,talk-show
39255,documentary
39256,documentary
39257,drama
39258,comedy
39259,documentary
39260,drama
39261,documentary
39262,documentary
39263,game-show
39264,drama
39265,comedy
39266,comedy
39267,talk-show
39268,drama
39269,adventure
39270,drama
39271,comedy
39272,comedy
39273,documentary
39274,documentary
39275,comedy
39276,documentary
39277,drama
39278,horror
39279,comedy
39280,drama
39281,drama
39282,drama
39283,music
39284,documentary
39285,comedy
39286,drama
39287,drama
39288,comedy
39289,comedy
39290,comedy
39291,drama
39292,horror
39293,drama
39294,short
39295,documentary
39296,drama
39297,comedy
39298,documentary
39299,comedy
39300,comedy
39301,documentary
39302,comedy
39303,comedy
39304,drama
39305,action
39306,short
39307,drama
39308,documentary
39309,comedy
39310,comedy
39311,drama
39312,comedy
39313,drama
39314,short
39315,documentary
39316,drama
39317,drama
39318,comedy
39319,drama
39320,drama
39321,drama
39322,news
39323,comedy
39324,drama
39325,comedy
39326,drama
39327,documentary
39328,documentary
39329,horror
39330,documentary
39331,drama
39332,drama
39333,drama
39334,documentary
39335,drama
39336,game-show
39337,documentary
39338,documentary
39339,drama
39340,documentary
39341,comedy
39342,drama
39343,drama
39344,drama
39345,documentary
39346,adventure
39347,comedy
39348,documentary
39349,documentary
39350,drama
39351,drama
39352,horror
39353,documentary
39354,short
39355,drama
39356,drama
39357,comedy
39358,documentary
39359,drama
39360,thriller
39361,horror
39362,documentary
39363,drama
39364,comedy
39365,drama
39366,documentary
39367,comedy
39368,documentary
39369,drama
39370,drama
39371,drama
39372,documentary
39373,documentary
39374,documentary
39375,comedy
39376,drama
39377,documentary
39378,drama
39379,adult
39380,documentary
39381,documentary
39382,documentary
39383,drama
39384,music
39385,drama
39386,documentary
39387,drama
39388,sci-fi
39389,documentary
39390,comedy
39391,comedy
39392,documentary
39393,documentary
39394,documentary
39395,drama
39396,comedy
39397,comedy
39398,comedy
39399,comedy
39400,drama
39401,talk-show
39402,documentary
39403,drama
39404,documentary
39405,drama
39406,documentary
39407,drama
39408,drama
39409,drama
39410,comedy
39411,drama
39412,documentary
39413,drama
39414,short
39415,documentary
39416,documentary
39417,drama
39418,comedy
39419,comedy
39420,drama
39421,drama
39422,comedy
39423,documentary
39424,adventure
39425,drama
39426,horror
39427,documentary
39428,short
39429,documentary
39430,comedy
39431,drama
39432,action
39433,drama
39434,drama
39435,comedy
39436,documentary
39437,documentary
39438,drama
39439,western
39440,drama
39441,horror
39442,documentary
39443,short
39444,drama
39445,short
39446,drama
39447,action
39448,horror
39449,comedy
39450,documentary
39451,drama
39452,documentary
39453,documentary
39454,comedy
39455,documentary
39456,drama
39457,documentary
39458,documentary
39459,drama
39460,horror
39461,music
39462,drama
39463,talk-show
39464,drama
39465,documentary
39466,drama
39467,comedy
39468,documentary
39469,comedy
39470,documentary
39471,reality-tv
39472,drama
39473,documentary
39474,comedy
39475,short
39476,thriller
39477,drama
39478,drama
39479,drama
39480,documentary
39481,documentary
39482,mystery
39483,comedy
39484,drama
39485,drama
39486,drama
39487,drama
39488,drama
39489,adventure
39490,drama
39491,documentary
39492,action
39493,documentary
39494,short
39495,documentary
39496,comedy
39497,short
39498,drama
39499,comedy
39500,romance
39501,drama
39502,documentary
39503,documentary
39504,drama
39505,horror
39506,drama
39507,documentary
39508,documentary
39509,documentary
39510,documentary
39511,drama
39512,drama
39513,comedy
39514,documentary
39515,documentary
39516,comedy
39517,drama
39518,drama
39519,drama
39520,drama
39521,documentary
39522,horror
39523,documentary
39524,sport
39525,comedy
39526,drama
39527,drama
39528,documentary
39529,documentary
39530,documentary
39531,comedy
39532,comedy
39533,drama
39534,short
39535,drama
39536,comedy
39537,drama
39538,drama
39539,drama
39540,documentary
39541,documentary
39542,documentary
39543,drama
39544,documentary
39545,documentary
39546,drama
39547,documentary
39548,comedy
39549,drama
39550,short
39551,drama
39552,documentary
39553,documentary
39554,adult
39555,documentary
39556,drama
39557,drama
39558,drama
39559,short
39560,drama
39561,music
39562,documentary
39563,documentary
39564,drama
39565,documentary
39566,drama
39567,documentary
39568,drama
39569,comedy
39570,documentary
39571,documentary
39572,short
39573,drama
39574,short
39575,short
39576,documentary
39577,documentary
39578,documentary
39579,documentary
39580,comedy
39581,drama
39582,family
39583,drama
39584,drama
39585,comedy
39586,documentary
39587,music
39588,documentary
39589,documentary
39590,short
39591,documentary
39592,drama
39593,action
39594,short
39595,documentary
39596,comedy
39597,drama
39598,comedy
39599,action
39600,drama
39601,documentary
39602,documentary
39603,documentary
39604,documentary
39605,comedy
39606,documentary
39607,drama
39608,sport
39609,documentary
39610,documentary
39611,drama
39612,documentary
39613,drama
39614,documentary
39615,drama
39616,family
39617,drama
39618,documentary
39619,drama
39620,horror
39621,drama
39622,documentary
39623,comedy
39624,drama
39625,comedy
39626,documentary
39627,documentary
39628,western
39629,drama
39630,drama
39631,documentary
39632,documentary
39633,comedy
39634,comedy
39635,comedy
39636,drama
39637,short
39638,drama
39639,drama
39640,drama
39641,drama
39642,drama
39643,animation
39644,drama
39645,documentary
39646,comedy
39647,drama
39648,documentary
39649,comedy
39650,drama
39651,drama
39652,documentary
39653,drama
39654,drama
39655,comedy
39656,drama
39657,drama
39658,drama
39659,documentary
39660,documentary
39661,documentary
39662,drama
39663,documentary
39664,documentary
39665,drama
39666,documentary
39667,drama
39668,game-show
39669,drama
39670,drama
39671,short
39672,documentary
39673,drama
39674,documentary
39675,horror
39676,horror
39677,documentary
39678,documentary
39679,talk-show
39680,drama
39681,comedy
39682,action
39683,action
39684,comedy
39685,documentary
39686,documentary
39687,documentary
39688,drama
39689,drama
39690,music
39691,music
39692,drama
39693,documentary
39694,documentary
39695,comedy
39696,short
39697,drama
39698,horror
39699,documentary
39700,short
39701,documentary
39702,documentary
39703,drama
39704,comedy
39705,drama
39706,drama
39707,horror
39708,western
39709,comedy
39710,documentary
39711,short
39712,comedy
39713,documentary
39714,drama
39715,short
39716,drama
39717,documentary
39718,sci-fi
39719,drama
39720,western
39721,drama
39722,drama
39723,documentary
39724,horror
39725,drama
39726,horror
39727,comedy
39728,drama
39729,horror
39730,drama
39731,comedy
39732,western
39733,drama
39734,drama
39735,drama
39736,comedy
39737,drama
39738,comedy
39739,documentary
39740,documentary
39741,drama
39742,horror
39743,comedy
39744,documentary
39745,documentary
39746,documentary
39747,documentary
39748,drama
39749,comedy
39750,comedy
39751,documentary
39752,short
39753,drama
39754,drama
39755,crime
39756,comedy
39757,drama
39758,comedy
39759,drama
39760,western
39761,documentary
39762,documentary
39763,thriller
39764,comedy
39765,horror
39766,short
39767,documentary
39768,drama
39769,comedy
39770,drama
39771,drama
39772,documentary
39773,comedy
39774,comedy
39775,drama
39776,thriller
39777,drama
39778,documentary
39779,drama
39780,drama
39781,drama
39782,documentary
39783,drama
39784,drama
39785,documentary
39786,horror
39787,action
39788,documentary
39789,comedy
39790,drama
39791,drama
39792,drama
39793,comedy
39794,drama
39795,short
39796,drama
39797,comedy
39798,documentary
39799,drama
39800,documentary
39801,documentary
39802,documentary
39803,short
39804,comedy
39805,drama
39806,drama
39807,documentary
39808,documentary
39809,drama
39810,drama
39811,documentary
39812,drama
39813,drama
39814,documentary
39815,comedy
39816,short
39817,drama
39818,drama
39819,short
39820,drama
39821,drama
39822,documentary
39823,comedy
39824,short
39825,documentary
39826,drama
39827,documentary
39828,drama
39829,drama
39830,documentary
39831,documentary
39832,thriller
39833,documentary
39834,sci-fi
39835,horror
39836,horror
39837,sci-fi
39838,documentary
39839,documentary
39840,horror
39841,drama
39842,drama
39843,comedy
39844,short
39845,drama
39846,comedy
39847,comedy
39848,sport
39849,comedy
39850,short
39851,drama
39852,documentary
39853,drama
39854,documentary
39855,documentary
39856,documentary
39857,western
39858,documentary
39859,reality-tv
39860,horror
39861,documentary
39862,documentary
39863,documentary
39864,drama
39865,comedy
39866,drama
39867,drama
39868,comedy
39869,thriller
39870,documentary
39871,drama
39872,drama
39873,documentary
39874,horror
39875,drama
39876,documentary
39877,horror
39878,documentary
39879,documentary
39880,documentary
39881,comedy
39882,documentary
39883,documentary
39884,documentary
39885,documentary
39886,drama
39887,drama
39888,drama
39889,comedy
39890,documentary
39891,comedy
39892,documentary
39893,drama
39894,documentary
39895,documentary
39896,drama
39897,drama
39898,documentary
39899,music
39900,short
39901,documentary
39902,short
39903,comedy
39904,documentary
39905,documentary
39906,drama
39907,drama
39908,drama
39909,comedy
39910,drama
39911,drama
39912,documentary
39913,drama
39914,drama
39915,drama
39916,drama
39917,drama
39918,horror
39919,drama
39920,horror
39921,comedy
39922,documentary
39923,documentary
39924,documentary
39925,comedy
39926,comedy
39927,drama
39928,drama
39929,documentary
39930,sci-fi
39931,drama
39932,horror
39933,documentary
39934,documentary
39935,drama
39936,documentary
39937,drama
39938,reality-tv
39939,drama
39940,drama
39941,family
39942,documentary
39943,documentary
39944,drama
39945,documentary
39946,drama
39947,documentary
39948,mystery
39949,drama
39950,drama
39951,documentary
39952,drama
39953,drama
39954,reality-tv
39955,short
39956,drama
39957,drama
39958,short
39959,documentary
39960,drama
39961,documentary
39962,drama
39963,documentary
39964,comedy
39965,documentary
39966,thriller
39967,documentary
39968,drama
39969,comedy
39970,drama
39971,documentary
39972,drama
39973,drama
39974,documentary
39975,drama
39976,documentary
39977,short
39978,action
39979,comedy
39980,music
39981,drama
39982,documentary
39983,short
39984,short
39985,drama
39986,documentary
39987,documentary
39988,documentary
39989,documentary
39990,drama
39991,drama
39992,comedy
39993,musical
39994,comedy
39995,comedy
39996,comedy
39997,drama
39998,documentary
39999,documentary
40000,drama
40001,comedy
40002,drama
40003,action
40004,documentary
40005,comedy
40006,sport
40007,drama
40008,documentary
40009,comedy
40010,drama
40011,drama
40012,horror
40013,comedy
40014,drama
40015,drama
40016,drama
40017,documentary
40018,game-show
40019,documentary
40020,documentary
40021,comedy
40022,drama
40023,drama
40024,drama
40025,documentary
40026,comedy
40027,documentary
40028,drama
40029,drama
40030,documentary
40031,comedy
40032,comedy
40033,drama
40034,comedy
40035,drama
40036,documentary
40037,documentary
40038,drama
40039,documentary
40040,comedy
40041,drama
40042,drama
40043,drama
40044,drama
40045,documentary
40046,comedy
40047,thriller
40048,horror
40049,documentary
40050,short
40051,drama
40052,short
40053,western
40054,thriller
40055,horror
40056,drama
40057,comedy
40058,comedy
40059,drama
40060,action
40061,documentary
40062,documentary
40063,comedy
40064,drama
40065,documentary
40066,comedy
40067,documentary
40068,comedy
40069,drama
40070,comedy
40071,documentary
40072,documentary
40073,comedy
40074,documentary
40075,documentary
40076,short
40077,western
40078,short
40079,action
40080,documentary
40081,action
40082,drama
40083,documentary
40084,drama
40085,documentary
40086,comedy
40087,documentary
40088,comedy
40089,documentary
40090,drama
40091,short
40092,western
40093,documentary
40094,comedy
40095,documentary
40096,drama
40097,documentary
40098,drama
40099,documentary
40100,music
40101,drama
40102,drama
40103,music
40104,documentary
40105,documentary
40106,documentary
40107,short
40108,comedy
40109,comedy
40110,drama
40111,music
40112,drama
40113,drama
40114,documentary
40115,drama
40116,short
40117,comedy
40118,drama
40119,short
40120,short
40121,drama
40122,drama
40123,horror
40124,western
40125,short
40126,comedy
40127,action
40128,drama
40129,action
40130,comedy
40131,drama
40132,documentary
40133,short
40134,short
40135,music
40136,sci-fi
40137,drama
40138,comedy
40139,drama
40140,documentary
40141,drama
40142,documentary
40143,drama
40144,drama
40145,short
40146,comedy
40147,drama
40148,documentary
40149,drama
40150,documentary
40151,drama
40152,documentary
40153,documentary
40154,comedy
40155,documentary
40156,action
40157,drama
40158,horror
40159,horror
40160,drama
40161,drama
40162,horror
40163,documentary
40164,documentary
40165,short
40166,music
40167,documentary
40168,comedy
40169,documentary
40170,comedy
40171,drama
40172,documentary
40173,sport
40174,drama
40175,documentary
40176,horror
40177,talk-show
40178,drama
40179,horror
40180,sci-fi
40181,documentary
40182,comedy
40183,comedy
40184,documentary
40185,comedy
40186,documentary
40187,documentary
40188,drama
40189,drama
40190,short
40191,documentary
40192,drama
40193,comedy
40194,horror
40195,horror
40196,documentary
40197,thriller
40198,documentary
40199,documentary
40200,drama
40201,documentary
40202,drama
40203,documentary
40204,drama
40205,documentary
40206,drama
40207,drama
40208,drama
40209,documentary
40210,documentary
40211,drama
40212,drama
40213,documentary
40214,documentary
40215,documentary
40216,comedy
40217,talk-show
40218,comedy
40219,comedy
40220,documentary
40221,documentary
40222,short
40223,history
40224,documentary
40225,documentary
40226,drama
40227,comedy
40228,comedy
40229,documentary
40230,drama
40231,documentary
40232,drama
40233,documentary
40234,thriller
40235,music
40236,documentary
40237,documentary
40238,documentary
40239,reality-tv
40240,comedy
40241,drama
40242,drama
40243,drama
40244,drama
40245,comedy
40246,short
40247,documentary
40248,drama
40249,documentary
40250,documentary
40251,drama
40252,drama
40253,action
40254,short
40255,reality-tv
40256,drama
40257,comedy
40258,drama
40259,comedy
40260,sci-fi
40261,documentary
40262,comedy
40263,documentary
40264,drama
40265,drama
40266,reality-tv
40267,documentary
40268,drama
40269,game-show
40270,documentary
40271,drama
40272,drama
40273,reality-tv
40274,comedy
40275,horror
40276,documentary
40277,drama
40278,comedy
40279,action
40280,horror
40281,drama
40282,documentary
40283,short
40284,documentary
40285,drama
40286,drama
40287,documentary
40288,documentary
40289,short
40290,horror
40291,thriller
40292,crime
40293,documentary
40294,documentary
40295,drama
40296,drama
40297,drama
40298,adventure
40299,drama
40300,comedy
40301,documentary
40302,documentary
40303,short
40304,documentary
40305,documentary
40306,documentary
40307,drama
40308,drama
40309,drama
40310,comedy
40311,drama
40312,documentary
40313,comedy
40314,comedy
40315,drama
40316,sport
40317,drama
40318,comedy
40319,music
40320,documentary
40321,comedy
40322,talk-show
40323,comedy
40324,drama
40325,drama
40326,thriller
40327,drama
40328,documentary
40329,short
40330,drama
40331,drama
40332,drama
40333,short
40334,drama
40335,short
40336,action
40337,documentary
40338,documentary
40339,comedy
40340,documentary
40341,documentary
40342,comedy
40343,drama
40344,documentary
40345,short
40346,drama
40347,drama
40348,drama
40349,comedy
40350,comedy
40351,drama
40352,drama
40353,action
40354,drama
40355,documentary
40356,documentary
40357,documentary
40358,drama
40359,comedy
40360,drama
40361,comedy
40362,horror
40363,documentary
40364,documentary
40365,drama
40366,documentary
40367,comedy
40368,drama
40369,short
40370,documentary
40371,comedy
40372,drama
40373,comedy
40374,drama
40375,comedy
40376,documentary
40377,drama
40378,drama
40379,drama
40380,reality-tv
40381,documentary
40382,comedy
40383,documentary
40384,family
40385,drama
40386,music
40387,drama
40388,documentary
40389,documentary
40390,documentary
40391,horror
40392,documentary
40393,game-show
40394,documentary
40395,comedy
40396,comedy
40397,documentary
40398,documentary
40399,drama
40400,drama
40401,comedy
40402,documentary
40403,comedy
40404,documentary
40405,drama
40406,documentary
40407,documentary
40408,drama
40409,comedy
40410,drama
40411,comedy
40412,documentary
40413,documentary
40414,drama
40415,documentary
40416,documentary
40417,documentary
40418,short
40419,family
40420,documentary
40421,short
40422,horror
40423,drama
40424,drama
40425,comedy
40426,drama
40427,documentary
40428,documentary
40429,drama
40430,drama
40431,horror
40432,drama
40433,comedy
40434,comedy
40435,drama
40436,drama
40437,drama
40438,documentary
40439,documentary
40440,reality-tv
40441,documentary
40442,documentary
40443,drama
40444,documentary
40445,comedy
40446,documentary
40447,action
40448,documentary
40449,documentary
40450,documentary
40451,drama
40452,documentary
40453,comedy
40454,documentary
40455,documentary
40456,drama
40457,drama
40458,drama
40459,documentary
40460,comedy
40461,documentary
40462,reality-tv
40463,horror
40464,horror
40465,comedy
40466,documentary
40467,horror
40468,documentary
40469,documentary
40470,comedy
40471,drama
40472,comedy
40473,horror
40474,short
40475,comedy
40476,comedy
40477,short
40478,documentary
40479,comedy
40480,drama
40481,family
40482,sport
40483,comedy
40484,drama
40485,documentary
40486,drama
40487,adult
40488,western
40489,comedy
40490,short
40491,drama
40492,drama
40493,documentary
40494,drama
40495,drama
40496,documentary
40497,comedy
40498,comedy
40499,documentary
40500,drama
40501,documentary
40502,comedy
40503,comedy
40504,drama
40505,documentary
40506,drama
40507,drama
40508,comedy
40509,documentary
40510,drama
40511,comedy
40512,reality-tv
40513,documentary
40514,drama
40515,drama
40516,drama
40517,drama
40518,documentary
40519,documentary
40520,drama
40521,drama
40522,documentary
40523,comedy
40524,drama
40525,drama
40526,drama
40527,drama
40528,documentary
40529,horror
40530,documentary
40531,short
40532,documentary
40533,documentary
40534,drama
40535,drama
40536,drama
40537,drama
40538,drama
40539,documentary
40540,short
40541,drama
40542,drama
40543,drama
40544,short
40545,documentary
40546,comedy
40547,documentary
40548,action
40549,documentary
40550,documentary
40551,short
40552,drama
40553,drama
40554,documentary
40555,documentary
40556,documentary
40557,comedy
40558,drama
40559,documentary
40560,drama
40561,documentary
40562,comedy
40563,music
40564,documentary
40565,documentary
40566,documentary
40567,horror
40568,comedy
40569,short
40570,western
40571,documentary
40572,documentary
40573,documentary
40574,documentary
40575,drama
40576,comedy
40577,comedy
40578,documentary
40579,comedy
40580,short
40581,comedy
40582,music
40583,drama
40584,horror
40585,comedy
40586,documentary
40587,documentary
40588,comedy
40589,drama
40590,documentary
40591,drama
40592,sport
40593,drama
40594,drama
40595,drama
40596,drama
40597,drama
40598,drama
40599,short
40600,short
40601,comedy
40602,short
40603,comedy
40604,comedy
40605,drama
40606,documentary
40607,documentary
40608,horror
40609,short
40610,comedy
40611,music
40612,drama
40613,documentary
40614,documentary
40615,drama
40616,drama
40617,documentary
40618,comedy
40619,thriller
40620,western
40621,drama
40622,short
40623,drama
40624,drama
40625,documentary
40626,comedy
40627,drama
40628,drama
40629,drama
40630,western
40631,documentary
40632,news
40633,comedy
40634,drama
40635,adventure
40636,western
40637,comedy
40638,drama
40639,thriller
40640,comedy
40641,drama
40642,short
40643,drama
40644,comedy
40645,comedy
40646,documentary
40647,documentary
40648,documentary
40649,adventure
40650,drama
40651,comedy
40652,documentary
40653,western
40654,short
40655,horror
40656,drama
40657,comedy
40658,documentary
40659,horror
40660,drama
40661,documentary
40662,documentary
40663,documentary
40664,drama
40665,documentary
40666,documentary
40667,comedy
40668,comedy
40669,drama
40670,drama
40671,drama
40672,drama
40673,comedy
40674,documentary
40675,documentary
40676,drama
40677,drama
40678,drama
40679,short
40680,documentary
40681,drama
40682,drama
40683,comedy
40684,music
40685,comedy
40686,drama
40687,comedy
40688,documentary
40689,documentary
40690,documentary
40691,documentary
40692,comedy
40693,comedy
40694,documentary
40695,comedy
40696,drama
40697,documentary
40698,comedy
40699,comedy
40700,drama
40701,short
40702,comedy
40703,comedy
40704,drama
40705,drama
40706,sci-fi
40707,documentary
40708,documentary
40709,drama
40710,documentary
40711,drama
40712,drama
40713,drama
40714,comedy
40715,adventure
40716,comedy
40717,horror
40718,short
40719,drama
40720,comedy
40721,drama
40722,thriller
40723,sport
40724,drama
40725,documentary
40726,drama
40727,sci-fi
40728,documentary
40729,drama
40730,comedy
40731,adventure
40732,drama
40733,drama
40734,documentary
40735,comedy
40736,drama
40737,documentary
40738,comedy
40739,drama
40740,drama
40741,drama
40742,drama
40743,documentary
40744,drama
40745,short
40746,reality-tv
40747,short
40748,drama
40749,drama
40750,documentary
40751,action
40752,comedy
40753,documentary
40754,animation
40755,drama
40756,drama
40757,drama
40758,short
40759,drama
40760,drama
40761,documentary
40762,short
40763,documentary
40764,documentary
40765,documentary
40766,comedy
40767,drama
40768,comedy
40769,documentary
40770,drama
40771,drama
40772,drama
40773,drama
40774,drama
40775,drama
40776,comedy
40777,comedy
40778,drama
40779,comedy
40780,documentary
40781,western
40782,drama
40783,comedy
40784,comedy
40785,documentary
40786,documentary
40787,short
40788,comedy
40789,drama
40790,documentary
40791,short
40792,documentary
40793,drama
40794,drama
40795,documentary
40796,drama
40797,short
40798,drama
40799,documentary
40800,action
40801,drama
40802,documentary
40803,drama
40804,music
40805,drama
40806,short
40807,drama
40808,documentary
40809,drama
40810,horror
40811,drama
40812,documentary
40813,drama
40814,documentary
40815,drama
40816,documentary
40817,horror
40818,documentary
40819,adult
40820,documentary
40821,game-show
40822,drama
40823,documentary
40824,comedy
40825,drama
40826,drama
40827,drama
40828,documentary
40829,short
40830,comedy
40831,drama
40832,comedy
40833,drama
40834,documentary
40835,documentary
40836,horror
40837,comedy
40838,horror
40839,drama
40840,drama
40841,horror
40842,documentary
40843,drama
40844,drama
40845,drama
40846,comedy
40847,drama
40848,comedy
40849,documentary
40850,drama
40851,drama
40852,comedy
40853,comedy
40854,documentary
40855,documentary
40856,documentary
40857,documentary
40858,drama
40859,documentary
40860,action
40861,drama
40862,short
40863,drama
40864,documentary
40865,sci-fi
40866,animation
40867,drama
40868,comedy
40869,documentary
40870,comedy
40871,drama
40872,music
40873,comedy
40874,drama
40875,documentary
40876,documentary
40877,sport
40878,comedy
40879,thriller
40880,horror
40881,sport
40882,drama
40883,documentary
40884,drama
40885,documentary
40886,music
40887,drama
40888,horror
40889,action
40890,documentary
40891,documentary
40892,documentary
40893,horror
40894,game-show
40895,comedy
40896,drama
40897,comedy
40898,short
40899,drama
40900,documentary
40901,short
40902,thriller
40903,documentary
40904,documentary
40905,drama
40906,action
40907,drama
40908,western
40909,drama
40910,documentary
40911,comedy
40912,comedy
40913,documentary
40914,documentary
40915,comedy
40916,reality-tv
40917,drama
40918,western
40919,documentary
40920,drama
40921,drama
40922,documentary
40923,horror
40924,comedy
40925,documentary
40926,drama
40927,drama
40928,documentary
40929,horror
40930,comedy
40931,documentary
40932,drama
40933,adult
40934,comedy
40935,documentary
40936,drama
40937,documentary
40938,drama
40939,romance
40940,documentary
40941,short
40942,drama
40943,drama
40944,comedy
40945,drama
40946,documentary
40947,drama
40948,western
40949,drama
40950,drama
40951,documentary
40952,comedy
40953,comedy
40954,drama
40955,comedy
40956,documentary
40957,drama
40958,drama
40959,comedy
40960,horror
40961,documentary
40962,drama
40963,documentary
40964,drama
40965,horror
40966,documentary
40967,short
40968,documentary
40969,music
40970,documentary
40971,documentary
40972,drama
40973,documentary
40974,drama
40975,documentary
40976,family
40977,reality-tv
40978,documentary
40979,documentary
40980,drama
40981,documentary
40982,drama
40983,drama
40984,romance
40985,drama
40986,documentary
40987,documentary
40988,drama
40989,drama
40990,comedy
40991,documentary
40992,drama
40993,documentary
40994,drama
40995,comedy
40996,horror
40997,drama
40998,horror
40999,drama
41000,drama
41001,documentary
41002,comedy
41003,comedy
41004,drama
41005,documentary
41006,drama
41007,drama
41008,horror
41009,drama
41010,documentary
41011,drama
41012,action
41013,comedy
41014,short
41015,documentary
41016,short
41017,sci-fi
41018,drama
41019,comedy
41020,drama
41021,horror
41022,short
41023,short
41024,sport
41025,documentary
41026,documentary
41027,thriller
41028,documentary
41029,short
41030,documentary
41031,drama
41032,comedy
41033,comedy
41034,drama
41035,horror
41036,drama
41037,drama
41038,documentary
41039,documentary
41040,comedy
41041,documentary
41042,documentary
41043,drama
41044,horror
41045,documentary
41046,game-show
41047,documentary
41048,drama
41049,comedy
41050,documentary
41051,drama
41052,documentary
41053,thriller
41054,documentary
41055,documentary
41056,documentary
41057,drama
41058,drama
41059,comedy
41060,comedy
41061,drama
41062,short
41063,documentary
41064,drama
41065,horror
41066,comedy
41067,drama
41068,drama
41069,drama
41070,drama
41071,comedy
41072,comedy
41073,drama
41074,music
41075,drama
41076,animation
41077,drama
41078,comedy
41079,short
41080,documentary
41081,sport
41082,drama
41083,sci-fi
41084,drama
41085,drama
41086,comedy
41087,drama
41088,comedy
41089,short
41090,drama
41091,comedy
41092,drama
41093,comedy
41094,short
41095,comedy
41096,music
41097,comedy
41098,documentary
41099,drama
41100,western
41101,music
41102,drama
41103,horror
41104,comedy
41105,documentary
41106,documentary
41107,drama
41108,drama
41109,drama
41110,drama
41111,comedy
41112,documentary
41113,music
41114,documentary
41115,drama
41116,drama
41117,documentary
41118,comedy
41119,drama
41120,crime
41121,documentary
41122,adult
41123,documentary
41124,drama
41125,drama
41126,documentary
41127,documentary
41128,documentary
41129,documentary
41130,drama
41131,thriller
41132,action
41133,documentary
41134,drama
41135,documentary
41136,drama
41137,documentary
41138,documentary
41139,comedy
41140,adult
41141,documentary
41142,drama
41143,short
41144,drama
41145,short
41146,drama
41147,short
41148,drama
41149,documentary
41150,drama
41151,drama
41152,documentary
41153,documentary
41154,horror
41155,documentary
41156,documentary
41157,drama
41158,drama
41159,comedy
41160,drama
41161,drama
41162,drama
41163,drama
41164,documentary
41165,horror
41166,comedy
41167,drama
41168,drama
41169,documentary
41170,drama
41171,documentary
41172,short
41173,documentary
41174,drama
41175,comedy
41176,documentary
41177,comedy
41178,comedy
41179,documentary
41180,documentary
41181,drama
41182,drama
41183,comedy
41184,documentary
41185,drama
41186,action
41187,documentary
41188,drama
41189,comedy
41190,comedy
41191,short
41192,comedy
41193,short
41194,comedy
41195,drama
41196,comedy
41197,comedy
41198,comedy
41199,drama
41200,drama
41201,comedy
41202,documentary
41203,comedy
41204,comedy
41205,short
41206,horror
41207,horror
41208,drama
41209,documentary
41210,documentary
41211,comedy
41212,documentary
41213,sci-fi
41214,documentary
41215,short
41216,documentary
41217,sport
41218,comedy
41219,documentary
41220,short
41221,comedy
41222,drama
41223,documentary
41224,drama
41225,drama
41226,drama
41227,horror
41228,drama
41229,drama
41230,drama
41231,short
41232,documentary
41233,comedy
41234,drama
41235,drama
41236,reality-tv
41237,documentary
41238,comedy
41239,music
41240,documentary
41241,drama
41242,documentary
41243,horror
41244,reality-tv
41245,western
41246,documentary
41247,documentary
41248,drama
41249,thriller
41250,documentary
41251,drama
41252,drama
41253,documentary
41254,documentary
41255,documentary
41256,documentary
41257,comedy
41258,drama
41259,sci-fi
41260,drama
41261,romance
41262,documentary
41263,short
41264,documentary
41265,action
41266,documentary
41267,comedy
41268,documentary
41269,documentary
41270,sport
41271,short
41272,documentary
41273,comedy
41274,documentary
41275,drama
41276,drama
41277,adult
41278,drama
41279,short
41280,short
41281,documentary
41282,drama
41283,short
41284,drama
41285,short
41286,comedy
41287,short
41288,documentary
41289,documentary
41290,drama
41291,drama
41292,romance
41293,drama
41294,drama
41295,documentary
41296,documentary
41297,documentary
41298,comedy
41299,drama
41300,documentary
41301,comedy
41302,documentary
41303,western
41304,documentary
41305,comedy
41306,documentary
41307,drama
41308,drama
41309,family
41310,short
41311,documentary
41312,short
41313,western
41314,comedy
41315,documentary
41316,horror
41317,documentary
41318,short
41319,horror
41320,drama
41321,drama
41322,comedy
41323,comedy
41324,documentary
41325,drama
41326,documentary
41327,horror
41328,documentary
41329,documentary
41330,documentary
41331,documentary
41332,drama
41333,drama
41334,documentary
41335,documentary
41336,drama
41337,sci-fi
41338,horror
41339,drama
41340,comedy
41341,drama
41342,comedy
41343,documentary
41344,western
41345,comedy
41346,comedy
41347,comedy
41348,drama
41349,drama
41350,short
41351,short
41352,documentary
41353,documentary
41354,documentary
41355,horror
41356,documentary
41357,short
41358,thriller
41359,comedy
41360,drama
41361,drama
41362,comedy
41363,documentary
41364,comedy
41365,drama
41366,short
41367,drama
41368,comedy
41369,documentary
41370,drama
41371,thriller
41372,documentary
41373,horror
41374,documentary
41375,drama
41376,drama
41377,drama
41378,reality-tv
41379,documentary
41380,drama
41381,horror
41382,documentary
41383,documentary
41384,drama
41385,drama
41386,drama
41387,documentary
41388,drama
41389,documentary
41390,documentary
41391,documentary
41392,adventure
41393,horror
41394,western
41395,drama
41396,documentary
41397,thriller
41398,comedy
41399,drama
41400,horror
41401,drama
41402,documentary
41403,action
41404,drama
41405,documentary
41406,documentary
41407,drama
41408,drama
41409,documentary
41410,drama
41411,adventure
41412,thriller
41413,documentary
41414,documentary
41415,short
41416,documentary
41417,documentary
41418,documentary
41419,documentary
41420,horror
41421,action
41422,short
41423,documentary
41424,drama
41425,documentary
41426,drama
41427,comedy
41428,drama
41429,documentary
41430,drama
41431,comedy
41432,documentary
41433,drama
41434,western
41435,documentary
41436,documentary
41437,documentary
41438,documentary
41439,drama
41440,documentary
41441,drama
41442,short
41443,documentary
41444,drama
41445,documentary
41446,drama
41447,comedy
41448,drama
41449,comedy
41450,drama
41451,fantasy
41452,drama
41453,drama
41454,documentary
41455,documentary
41456,drama
41457,drama
41458,action
41459,drama
41460,talk-show
41461,documentary
41462,comedy
41463,comedy
41464,drama
41465,drama
41466,war
41467,drama
41468,documentary
41469,documentary
41470,documentary
41471,sci-fi
41472,drama
41473,drama
41474,documentary
41475,short
41476,short
41477,comedy
41478,action
41479,documentary
41480,comedy
41481,comedy
41482,comedy
41483,short
41484,horror
41485,comedy
41486,documentary
41487,thriller
41488,drama
41489,documentary
41490,documentary
41491,drama
41492,drama
41493,comedy
41494,drama
41495,comedy
41496,comedy
41497,game-show
41498,drama
41499,documentary
41500,drama
41501,documentary
41502,short
41503,documentary
41504,drama
41505,drama
41506,adult
41507,drama
41508,documentary
41509,drama
41510,drama
41511,documentary
41512,documentary
41513,documentary
41514,comedy
41515,drama
41516,documentary
41517,comedy
41518,thriller
41519,documentary
41520,documentary
41521,documentary
41522,drama
41523,comedy
41524,documentary
41525,drama
41526,comedy
41527,documentary
41528,documentary
41529,drama
41530,drama
41531,sci-fi
41532,documentary
41533,comedy
41534,comedy
41535,documentary
41536,documentary
41537,documentary
41538,comedy
41539,drama
41540,documentary
41541,drama
41542,drama
41543,thriller
41544,documentary
41545,drama
41546,drama
41547,short
41548,comedy
41549,drama
41550,documentary
41551,drama
41552,drama
41553,music
41554,comedy
41555,drama
41556,short
41557,short
41558,short
41559,documentary
41560,documentary
41561,documentary
41562,adult
41563,documentary
41564,documentary
41565,documentary
41566,horror
41567,family
41568,comedy
41569,drama
41570,comedy
41571,drama
41572,documentary
41573,drama
41574,drama
41575,drama
41576,drama
41577,comedy
41578,documentary
41579,documentary
41580,short
41581,drama
41582,documentary
41583,sport
41584,drama
41585,documentary
41586,documentary
41587,drama
41588,drama
41589,comedy
41590,comedy
41591,drama
41592,documentary
41593,comedy
41594,comedy
41595,comedy
41596,drama
41597,drama
41598,drama
41599,documentary
41600,comedy
41601,comedy
41602,comedy
41603,drama
41604,drama
41605,documentary
41606,documentary
41607,action
41608,music
41609,comedy
41610,horror
41611,drama
41612,drama
41613,drama
41614,documentary
41615,drama
41616,drama
41617,horror
41618,documentary
41619,comedy
41620,documentary
41621,comedy
41622,documentary
41623,drama
41624,short
41625,drama
41626,documentary
41627,drama
41628,drama
41629,drama
41630,comedy
41631,documentary
41632,drama
41633,short
41634,drama
41635,documentary
41636,comedy
41637,short
41638,drama
41639,drama
41640,short
41641,comedy
41642,drama
41643,drama
41644,drama
41645,drama
41646,drama
41647,documentary
41648,documentary
41649,comedy
41650,drama
41651,drama
41652,documentary
41653,comedy
41654,drama
41655,documentary
41656,documentary
41657,drama
41658,drama
41659,documentary
41660,drama
41661,action
41662,documentary
41663,comedy
41664,drama
41665,horror
41666,comedy
41667,short
41668,drama
41669,documentary
41670,drama
41671,horror
41672,drama
41673,drama
41674,documentary
41675,documentary
41676,documentary
41677,comedy
41678,short
41679,documentary
41680,short
41681,action
41682,drama
41683,horror
41684,drama
41685,documentary
41686,documentary
41687,drama
41688,comedy
41689,documentary
41690,music
41691,drama
41692,short
41693,drama
41694,drama
41695,documentary
41696,documentary
41697,comedy
41698,action
41699,short
41700,drama
41701,documentary
41702,drama
41703,documentary
41704,documentary
41705,documentary
41706,drama
41707,documentary
41708,comedy
41709,horror
41710,comedy
41711,drama
41712,documentary
41713,drama
41714,documentary
41715,documentary
41716,drama
41717,animation
41718,documentary
41719,sci-fi
41720,documentary
41721,comedy
41722,comedy
41723,horror
41724,thriller
41725,drama
41726,documentary
41727,short
41728,drama
41729,documentary
41730,documentary
41731,short
41732,drama
41733,drama
41734,documentary
41735,drama
41736,comedy
41737,drama
41738,drama
41739,sci-fi
41740,drama
41741,drama
41742,short
41743,drama
41744,documentary
41745,documentary
41746,documentary
41747,comedy
41748,drama
41749,drama
41750,drama
41751,drama
41752,talk-show
41753,documentary
41754,drama
41755,drama
41756,documentary
41757,documentary
41758,comedy
41759,documentary
41760,drama
41761,drama
41762,documentary
41763,drama
41764,documentary
41765,drama
41766,short
41767,comedy
41768,documentary
41769,documentary
41770,reality-tv
41771,action
41772,documentary
41773,documentary
41774,western
41775,comedy
41776,documentary
41777,drama
41778,drama
41779,drama
41780,documentary
41781,comedy
41782,documentary
41783,comedy
41784,drama
41785,comedy
41786,documentary
41787,sci-fi
41788,horror
41789,short
41790,drama
41791,documentary
41792,drama
41793,documentary
41794,comedy
41795,documentary
41796,comedy
41797,horror
41798,horror
41799,comedy
41800,documentary
41801,drama
41802,drama
41803,horror
41804,comedy
41805,short
41806,western
41807,western
41808,comedy
41809,drama
41810,comedy
41811,documentary
41812,drama
41813,drama
41814,drama
41815,documentary
41816,drama
41817,drama
41818,western
41819,thriller
41820,drama
41821,drama
41822,comedy
41823,drama
41824,short
41825,sci-fi
41826,short
41827,drama
41828,music
41829,drama
41830,drama
41831,documentary
41832,drama
41833,drama
41834,drama
41835,drama
41836,horror
41837,drama
41838,horror
41839,horror
41840,comedy
41841,documentary
41842,short
41843,drama
41844,drama
41845,comedy
41846,crime
41847,drama
41848,comedy
41849,music
41850,drama
41851,documentary
41852,reality-tv
41853,short
41854,comedy
41855,comedy
41856,documentary
41857,drama
41858,drama
41859,comedy
41860,drama
41861,action
41862,short
41863,comedy
41864,documentary
41865,drama
41866,drama
41867,comedy
41868,drama
41869,drama
41870,documentary
41871,comedy
41872,comedy
41873,animation
41874,short
41875,drama
41876,documentary
41877,comedy
41878,comedy
41879,documentary
41880,adult
41881,sci-fi
41882,drama
41883,documentary
41884,horror
41885,documentary
41886,drama
41887,short
41888,comedy
41889,drama
41890,documentary
41891,comedy
41892,comedy
41893,drama
41894,drama
41895,drama
41896,western
41897,drama
41898,game-show
41899,western
41900,comedy
41901,documentary
41902,documentary
41903,drama
41904,drama
41905,western
41906,horror
41907,comedy
41908,drama
41909,documentary
41910,western
41911,drama
41912,thriller
41913,documentary
41914,short
41915,game-show
41916,documentary
41917,comedy
41918,short
41919,drama
41920,drama
41921,drama
41922,horror
41923,drama
41924,comedy
41925,comedy
41926,drama
41927,documentary
41928,drama
41929,western
41930,drama
41931,drama
41932,drama
41933,drama
41934,documentary
41935,horror
41936,drama
41937,drama
41938,game-show
41939,documentary
41940,documentary
41941,drama
41942,horror
41943,documentary
41944,documentary
41945,short
41946,drama
41947,comedy
41948,drama
41949,drama
41950,drama
41951,drama
41952,drama
41953,drama
41954,action
41955,western
41956,drama
41957,documentary
41958,sport
41959,drama
41960,sci-fi
41961,drama
41962,documentary
41963,drama
41964,documentary
41965,documentary
41966,drama
41967,drama
41968,short
41969,comedy
41970,drama
41971,drama
41972,drama
41973,documentary
41974,drama
41975,drama
41976,drama
41977,documentary
41978,drama
41979,drama
41980,documentary
41981,documentary
41982,drama
41983,documentary
41984,documentary
41985,western
41986,documentary
41987,documentary
41988,documentary
41989,documentary
41990,comedy
41991,comedy
41992,drama
41993,horror
41994,documentary
41995,action
41996,comedy
41997,comedy
41998,documentary
41999,comedy
42000,drama
42001,documentary
42002,documentary
42003,short
42004,drama
42005,documentary
42006,horror
42007,horror
42008,thriller
42009,comedy
42010,documentary
42011,comedy
42012,drama
42013,short
42014,horror
42015,short
42016,music
42017,documentary
42018,short
42019,comedy
42020,drama
42021,drama
42022,documentary
42023,comedy
42024,adult
42025,reality-tv
42026,short
42027,comedy
42028,documentary
42029,drama
42030,comedy
42031,horror
42032,documentary
42033,documentary
42034,western
42035,drama
42036,comedy
42037,horror
42038,comedy
42039,documentary
42040,documentary
42041,comedy
42042,western
42043,comedy
42044,drama
42045,documentary
42046,documentary
42047,documentary
42048,short
42049,drama
42050,documentary
42051,comedy
42052,thriller
42053,western
42054,drama
42055,horror
42056,drama
42057,comedy
42058,adventure
42059,comedy
42060,documentary
42061,documentary
42062,comedy
42063,western
42064,comedy
42065,drama
42066,drama
42067,drama
42068,documentary
42069,drama
42070,drama
42071,short
42072,comedy
42073,drama
42074,drama
42075,documentary
42076,drama
42077,drama
42078,drama
42079,comedy
42080,drama
42081,drama
42082,documentary
42083,documentary
42084,documentary
42085,drama
42086,drama
42087,comedy
42088,documentary
42089,drama
42090,comedy
42091,comedy
42092,comedy
42093,comedy
42094,drama
42095,music
42096,comedy
42097,drama
42098,documentary
42099,horror
42100,documentary
42101,drama
42102,thriller
42103,documentary
42104,horror
42105,comedy
42106,drama
42107,documentary
42108,documentary
42109,drama
42110,western
42111,animation
42112,drama
42113,drama
42114,documentary
42115,short
42116,drama
42117,drama
42118,comedy
42119,drama
42120,documentary
42121,sport
42122,drama
42123,documentary
42124,music
42125,comedy
42126,short
42127,documentary
42128,drama
42129,drama
42130,documentary
42131,documentary
42132,documentary
42133,drama
42134,comedy
42135,drama
42136,drama
42137,documentary
42138,comedy
42139,documentary
42140,drama
42141,drama
42142,documentary
42143,reality-tv
42144,drama
42145,drama
42146,animation
42147,drama
42148,western
42149,drama
42150,documentary
42151,drama
42152,documentary
42153,comedy
42154,comedy
42155,short
42156,comedy
42157,documentary
42158,music
42159,documentary
42160,reality-tv
42161,comedy
42162,documentary
42163,drama
42164,documentary
42165,documentary
42166,western
42167,drama
42168,drama
42169,drama
42170,drama
42171,documentary
42172,documentary
42173,drama
42174,drama
42175,short
42176,family
42177,horror
42178,drama
42179,documentary
42180,adult
42181,documentary
42182,thriller
42183,documentary
42184,music
42185,drama
42186,drama
42187,comedy
42188,horror
42189,western
42190,documentary
42191,drama
42192,comedy
42193,documentary
42194,comedy
42195,comedy
42196,drama
42197,drama
42198,comedy
42199,comedy
42200,documentary
42201,drama
42202,documentary
42203,drama
42204,music
42205,comedy
42206,drama
42207,comedy
42208,action
42209,comedy
42210,documentary
42211,drama
42212,comedy
42213,drama
42214,horror
42215,comedy
42216,documentary
42217,documentary
42218,thriller
42219,documentary
42220,drama
42221,short
42222,comedy
42223,drama
42224,drama
42225,reality-tv
42226,comedy
42227,comedy
42228,documentary
42229,documentary
42230,documentary
42231,drama
42232,drama
42233,short
42234,drama
42235,drama
42236,documentary
42237,documentary
42238,drama
42239,music
42240,documentary
42241,drama
42242,documentary
42243,drama
42244,documentary
42245,comedy
42246,documentary
42247,drama
42248,documentary
42249,adult
42250,horror
42251,documentary
42252,drama
42253,drama
42254,drama
42255,comedy
42256,comedy
42257,sport
42258,music
42259,comedy
42260,drama
42261,documentary
42262,comedy
42263,comedy
42264,documentary
42265,drama
42266,horror
42267,drama
42268,documentary
42269,comedy
42270,documentary
42271,documentary
42272,drama
42273,comedy
42274,comedy
42275,comedy
42276,short
42277,documentary
42278,drama
42279,documentary
42280,documentary
42281,horror
42282,drama
42283,short
42284,drama
42285,drama
42286,sci-fi
42287,drama
42288,comedy
42289,western
42290,drama
42291,drama
42292,drama
42293,drama
42294,drama
42295,comedy
42296,documentary
42297,drama
42298,documentary
42299,drama
42300,documentary
42301,documentary
42302,drama
42303,documentary
42304,crime
42305,documentary
42306,documentary
42307,comedy
42308,short
42309,western
42310,drama
42311,western
42312,drama
42313,comedy
42314,documentary
42315,comedy
42316,western
42317,documentary
42318,documentary
42319,drama
42320,documentary
42321,comedy
42322,comedy
42323,documentary
42324,documentary
42325,sci-fi
42326,drama
42327,action
42328,short
42329,drama
42330,horror
42331,drama
42332,horror
42333,drama
42334,western
42335,documentary
42336,western
42337,comedy
42338,drama
42339,drama
42340,drama
42341,drama
42342,documentary
42343,drama
42344,documentary
42345,drama
42346,documentary
42347,comedy
42348,documentary
42349,comedy
42350,western
42351,short
42352,documentary
42353,comedy
42354,comedy
42355,drama
42356,drama
42357,comedy
42358,documentary
42359,drama
42360,comedy
42361,short
42362,short
42363,drama
42364,drama
42365,horror
42366,documentary
42367,drama
42368,drama
42369,comedy
42370,documentary
42371,documentary
42372,documentary
42373,drama
42374,action
42375,documentary
42376,documentary
42377,drama
42378,reality-tv
42379,documentary
42380,documentary
42381,drama
42382,documentary
42383,comedy
42384,drama
42385,documentary
42386,comedy
42387,comedy
42388,family
42389,documentary
42390,drama
42391,action
42392,documentary
42393,documentary
42394,drama
42395,documentary
42396,drama
42397,drama
42398,documentary
42399,documentary
42400,documentary
42401,drama
42402,documentary
42403,drama
42404,comedy
42405,drama
42406,drama
42407,horror
42408,drama
42409,drama
42410,drama
42411,documentary
42412,documentary
42413,drama
42414,comedy
42415,documentary
42416,documentary
42417,documentary
42418,documentary
42419,adult
42420,comedy
42421,drama
42422,drama
42423,documentary
42424,documentary
42425,comedy
42426,drama
42427,documentary
42428,documentary
42429,drama
42430,drama
42431,documentary
42432,western
42433,documentary
42434,documentary
42435,comedy
42436,sci-fi
42437,short
42438,drama
42439,horror
42440,documentary
42441,short
42442,music
42443,short
42444,drama
42445,documentary
42446,sport
42447,drama
42448,documentary
42449,documentary
42450,drama
42451,documentary
42452,comedy
42453,horror
42454,drama
42455,comedy
42456,short
42457,drama
42458,documentary
42459,drama
42460,drama
42461,short
42462,documentary
42463,horror
42464,thriller
42465,documentary
42466,documentary
42467,news
42468,drama
42469,horror
42470,comedy
42471,drama
42472,action
42473,documentary
42474,drama
42475,drama
42476,documentary
42477,drama
42478,drama
42479,documentary
42480,drama
42481,western
42482,drama
42483,drama
42484,comedy
42485,documentary
42486,drama
42487,documentary
42488,documentary
42489,drama
42490,comedy
42491,drama
42492,drama
42493,short
42494,drama
42495,short
42496,documentary
42497,sport
42498,comedy
42499,drama
42500,documentary
42501,drama
42502,drama
42503,comedy
42504,comedy
42505,documentary
42506,comedy
42507,comedy
42508,drama
42509,drama
42510,documentary
42511,drama
42512,documentary
42513,comedy
42514,drama
42515,drama
42516,documentary
42517,documentary
42518,comedy
42519,drama
42520,talk-show
42521,documentary
42522,comedy
42523,comedy
42524,drama
42525,documentary
42526,action
42527,documentary
42528,comedy
42529,documentary
42530,documentary
42531,drama
42532,documentary
42533,comedy
42534,drama
42535,drama
42536,drama
42537,comedy
42538,horror
42539,thriller
42540,comedy
42541,documentary
42542,fantasy
42543,drama
42544,documentary
42545,documentary
42546,drama
42547,drama
42548,documentary
42549,comedy
42550,comedy
42551,comedy
42552,thriller
42553,sci-fi
42554,documentary
42555,documentary
42556,comedy
42557,comedy
42558,documentary
42559,comedy
42560,comedy
42561,western
42562,documentary
42563,music
42564,horror
42565,drama
42566,drama
42567,comedy
42568,comedy
42569,documentary
42570,documentary
42571,documentary
42572,documentary
42573,western
42574,documentary
42575,drama
42576,documentary
42577,horror
42578,short
42579,drama
42580,documentary
42581,comedy
42582,comedy
42583,short
42584,war
42585,drama
42586,horror
42587,comedy
42588,drama
42589,western
42590,documentary
42591,drama
42592,documentary
42593,comedy
42594,drama
42595,drama
42596,drama
42597,reality-tv
42598,documentary
42599,documentary
42600,drama
42601,documentary
42602,documentary
42603,documentary
42604,drama
42605,documentary
42606,documentary
42607,documentary
42608,documentary
42609,short
42610,documentary
42611,documentary
42612,documentary
42613,drama
42614,documentary
42615,drama
42616,drama
42617,drama
42618,drama
42619,documentary
42620,documentary
42621,drama
42622,documentary
42623,drama
42624,drama
42625,drama
42626,comedy
42627,drama
42628,documentary
42629,documentary
42630,comedy
42631,drama
42632,horror
42633,short
42634,documentary
42635,documentary
42636,horror
42637,drama
42638,drama
42639,short
42640,drama
42641,horror
42642,drama
42643,horror
42644,documentary
42645,documentary
42646,action
42647,western
42648,drama
42649,short
42650,documentary
42651,drama
42652,documentary
42653,documentary
42654,documentary
42655,talk-show
42656,documentary
42657,short
42658,drama
42659,drama
42660,short
42661,drama
42662,horror
42663,documentary
42664,drama
42665,documentary
42666,drama
42667,drama
42668,short
42669,comedy
42670,adult
42671,documentary
42672,documentary
42673,documentary
42674,comedy
42675,comedy
42676,documentary
42677,drama
42678,horror
42679,drama
42680,documentary
42681,documentary
42682,western
42683,drama
42684,drama
42685,action
42686,drama
42687,drama
42688,drama
42689,drama
42690,drama
42691,documentary
42692,drama
42693,fantasy
42694,documentary
42695,comedy
42696,music
42697,short
42698,drama
42699,documentary
42700,action
42701,documentary
42702,documentary
42703,family
42704,drama
42705,talk-show
42706,comedy
42707,documentary
42708,game-show
42709,drama
42710,documentary
42711,comedy
42712,comedy
42713,comedy
42714,drama
42715,documentary
42716,documentary
42717,documentary
42718,documentary
42719,drama
42720,drama
42721,comedy
42722,western
42723,documentary
42724,documentary
42725,western
42726,comedy
42727,documentary
42728,comedy
42729,drama
42730,documentary
42731,thriller
42732,documentary
42733,comedy
42734,short
42735,comedy
42736,comedy
42737,short
42738,drama
42739,documentary
42740,sport
42741,documentary
42742,documentary
42743,adult
42744,sport
42745,drama
42746,documentary
42747,short
42748,drama
42749,documentary
42750,adventure
42751,comedy
42752,drama
42753,comedy
42754,documentary
42755,action
42756,documentary
42757,drama
42758,drama
42759,documentary
42760,documentary
42761,documentary
42762,documentary
42763,documentary
42764,documentary
42765,western
42766,documentary
42767,documentary
42768,action
42769,horror
42770,comedy
42771,documentary
42772,drama
42773,documentary
42774,documentary
42775,comedy
42776,documentary
42777,drama
42778,horror
42779,documentary
42780,horror
42781,comedy
42782,comedy
42783,western
42784,drama
42785,drama
42786,drama
42787,documentary
42788,drama
42789,news
42790,documentary
42791,short
42792,drama
42793,drama
42794,horror
42795,drama
42796,short
42797,comedy
42798,drama
42799,western
42800,documentary
42801,drama
42802,documentary
42803,documentary
42804,mystery
42805,comedy
42806,drama
42807,documentary
42808,comedy
42809,comedy
42810,drama
42811,family
42812,horror
42813,comedy
42814,short
42815,comedy
42816,documentary
42817,drama
42818,documentary
42819,comedy
42820,drama
42821,documentary
42822,thriller
42823,comedy
42824,documentary
42825,documentary
42826,drama
42827,documentary
42828,documentary
42829,drama
42830,drama
42831,drama
42832,documentary
42833,short
42834,drama
42835,documentary
42836,documentary
42837,drama
42838,comedy
42839,talk-show
42840,drama
42841,drama
42842,drama
42843,drama
42844,comedy
42845,documentary
42846,sci-fi
42847,documentary
42848,horror
42849,comedy
42850,documentary
42851,comedy
42852,horror
42853,short
42854,drama
42855,drama
42856,drama
42857,drama
42858,drama
42859,documentary
42860,documentary
42861,drama
42862,documentary
42863,western
42864,drama
42865,comedy
42866,drama
42867,drama
42868,short
42869,documentary
42870,documentary
42871,action
42872,comedy
42873,drama
42874,documentary
42875,documentary
42876,drama
42877,documentary
42878,drama
42879,documentary
42880,comedy
42881,drama
42882,drama
42883,drama
42884,drama
42885,documentary
42886,drama
42887,documentary
42888,comedy
42889,drama
42890,drama
42891,short
42892,music
42893,drama
42894,documentary
42895,comedy
42896,documentary
42897,drama
42898,comedy
42899,short
42900,documentary
42901,comedy
42902,drama
42903,thriller
42904,drama
42905,drama
42906,documentary
42907,drama
42908,drama
42909,drama
42910,comedy
42911,drama
42912,documentary
42913,comedy
42914,drama
42915,documentary
42916,western
42917,documentary
42918,music
42919,comedy
42920,drama
42921,short
42922,drama
42923,documentary
42924,comedy
42925,talk-show
42926,drama
42927,drama
42928,documentary
42929,thriller
42930,music
42931,drama
42932,drama
42933,comedy
42934,documentary
42935,documentary
42936,drama
42937,drama
42938,western
42939,documentary
42940,comedy
42941,drama
42942,drama
42943,comedy
42944,drama
42945,comedy
42946,drama
42947,comedy
42948,drama
42949,drama
42950,drama
42951,documentary
42952,comedy
42953,drama
42954,documentary
42955,drama
42956,thriller
42957,drama
42958,sci-fi
42959,comedy
42960,comedy
42961,family
42962,documentary
42963,drama
42964,documentary
42965,reality-tv
42966,drama
42967,comedy
42968,crime
42969,short
42970,comedy
42971,comedy
42972,comedy
42973,drama
42974,drama
42975,documentary
42976,comedy
42977,horror
42978,drama
42979,documentary
42980,drama
42981,documentary
42982,documentary
42983,documentary
42984,comedy
42985,documentary
42986,game-show
42987,drama
42988,drama
42989,documentary
42990,drama
42991,horror
42992,thriller
42993,documentary
42994,documentary
42995,drama
42996,documentary
42997,documentary
42998,documentary
42999,reality-tv
43000,drama
43001,drama
43002,comedy
43003,documentary
43004,horror
43005,short
43006,documentary
43007,comedy
43008,reality-tv
43009,action
43010,drama
43011,drama
43012,short
43013,drama
43014,horror
43015,drama
43016,short
43017,drama
43018,drama
43019,drama
43020,documentary
43021,drama
43022,drama
43023,short
43024,thriller
43025,reality-tv
43026,documentary
43027,drama
43028,drama
43029,comedy
43030,documentary
43031,drama
43032,documentary
43033,drama
43034,documentary
43035,drama
43036,drama
43037,comedy
43038,drama
43039,horror
43040,documentary
43041,documentary
43042,horror
43043,documentary
43044,drama
43045,documentary
43046,documentary
43047,documentary
43048,reality-tv
43049,documentary
43050,comedy
43051,drama
43052,documentary
43053,drama
43054,comedy
43055,documentary
43056,documentary
43057,drama
43058,drama
43059,drama
43060,comedy
43061,documentary
43062,comedy
43063,documentary
43064,documentary
43065,documentary
43066,drama
43067,drama
43068,drama
43069,comedy
43070,drama
43071,documentary
43072,short
43073,talk-show
43074,documentary
43075,drama
43076,drama
43077,documentary
43078,drama
43079,comedy
43080,comedy
43081,short
43082,drama
43083,documentary
43084,documentary
43085,thriller
43086,drama
43087,documentary
43088,drama
43089,horror
43090,drama
43091,comedy
43092,comedy
43093,drama
43094,adventure
43095,sport
43096,drama
43097,documentary
43098,comedy
43099,comedy
43100,documentary
43101,documentary
43102,documentary
43103,documentary
43104,documentary
43105,short
43106,horror
43107,documentary
43108,documentary
43109,thriller
43110,drama
43111,drama
43112,comedy
43113,drama
43114,drama
43115,documentary
43116,drama
43117,drama
43118,western
43119,drama
43120,documentary
43121,documentary
43122,documentary
43123,drama
43124,drama
43125,drama
43126,documentary
43127,drama
43128,adult
43129,short
43130,drama
43131,drama
43132,thriller
43133,comedy
43134,comedy
43135,drama
43136,documentary
43137,drama
43138,drama
43139,short
43140,comedy
43141,documentary
43142,comedy
43143,comedy
43144,drama
43145,documentary
43146,documentary
43147,drama
43148,drama
43149,documentary
43150,drama
43151,horror
43152,documentary
43153,documentary
43154,drama
43155,drama
43156,drama
43157,documentary
43158,documentary
43159,drama
43160,drama
43161,western
43162,comedy
43163,short
43164,documentary
43165,drama
43166,documentary
43167,documentary
43168,adult
43169,documentary
43170,drama
43171,drama
43172,documentary
43173,comedy
43174,drama
43175,drama
43176,drama
43177,western
43178,documentary
43179,drama
43180,documentary
43181,documentary
43182,drama
43183,drama
43184,adult
43185,documentary
43186,drama
43187,drama
43188,comedy
43189,documentary
43190,drama
43191,comedy
43192,documentary
43193,western
43194,comedy
43195,drama
43196,thriller
43197,comedy
43198,drama
43199,documentary
43200,documentary
43201,documentary
43202,comedy
43203,drama
43204,documentary
43205,comedy
43206,comedy
43207,comedy
43208,documentary
43209,drama
43210,horror
43211,drama
43212,documentary
43213,action
43214,horror
43215,comedy
43216,documentary
43217,drama
43218,documentary
43219,documentary
43220,drama
43221,drama
43222,adult
43223,comedy
43224,short
43225,comedy
43226,drama
43227,documentary
43228,western
43229,documentary
43230,horror
43231,comedy
43232,sport
43233,adventure
43234,drama
43235,drama
43236,talk-show
43237,documentary
43238,action
43239,horror
43240,drama
43241,documentary
43242,horror
43243,drama
43244,family
43245,documentary
43246,documentary
43247,drama
43248,documentary
43249,drama
43250,drama
43251,documentary
43252,thriller
43253,horror
43254,comedy
43255,short
43256,documentary
43257,documentary
43258,fantasy
43259,sci-fi
43260,drama
43261,drama
43262,comedy
43263,documentary
43264,documentary
43265,documentary
43266,documentary
43267,drama
43268,documentary
43269,drama
43270,documentary
43271,drama
43272,documentary
43273,drama
43274,drama
43275,documentary
43276,adventure
43277,drama
43278,documentary
43279,drama
43280,drama
43281,drama
43282,documentary
43283,horror
43284,drama
43285,documentary
43286,documentary
43287,documentary
43288,comedy
43289,documentary
43290,drama
43291,sport
43292,drama
43293,documentary
43294,comedy
43295,drama
43296,documentary
43297,horror
43298,comedy
43299,documentary
43300,family
43301,documentary
43302,short
43303,drama
43304,drama
43305,short
43306,comedy
43307,comedy
43308,documentary
43309,adventure
43310,drama
43311,documentary
43312,drama
43313,documentary
43314,documentary
43315,short
43316,sci-fi
43317,drama
43318,documentary
43319,drama
43320,drama
43321,music
43322,drama
43323,animation
43324,documentary
43325,drama
43326,documentary
43327,comedy
43328,short
43329,drama
43330,documentary
43331,drama
43332,comedy
43333,documentary
43334,reality-tv
43335,documentary
43336,comedy
43337,documentary
43338,drama
43339,thriller
43340,family
43341,documentary
43342,documentary
43343,documentary
43344,documentary
43345,drama
43346,drama
43347,comedy
43348,thriller
43349,drama
43350,documentary
43351,drama
43352,drama
43353,comedy
43354,drama
43355,short
43356,western
43357,documentary
43358,drama
43359,drama
43360,short
43361,drama
43362,drama
43363,comedy
43364,documentary
43365,comedy
43366,documentary
43367,comedy
43368,drama
43369,drama
43370,comedy
43371,drama
43372,documentary
43373,drama
43374,comedy
43375,drama
43376,adult
43377,documentary
43378,drama
43379,documentary
43380,drama
43381,drama
43382,drama
43383,documentary
43384,western
43385,action
43386,horror
43387,adult
43388,drama
43389,horror
43390,documentary
43391,documentary
43392,comedy
43393,documentary
43394,drama
43395,game-show
43396,drama
43397,drama
43398,documentary
43399,documentary
43400,drama
43401,drama
43402,comedy
43403,comedy
43404,documentary
43405,short
43406,documentary
43407,documentary
43408,drama
43409,comedy
43410,drama
43411,drama
43412,documentary
43413,drama
43414,documentary
43415,drama
43416,drama
43417,drama
43418,documentary
43419,horror
43420,documentary
43421,drama
43422,comedy
43423,documentary
43424,documentary
43425,documentary
43426,documentary
43427,drama
43428,documentary
43429,comedy
43430,horror
43431,documentary
43432,comedy
43433,comedy
43434,drama
43435,comedy
43436,adventure
43437,documentary
43438,documentary
43439,documentary
43440,drama
43441,music
43442,documentary
43443,drama
43444,comedy
43445,comedy
43446,comedy
43447,documentary
43448,documentary
43449,short
43450,thriller
43451,drama
43452,comedy
43453,documentary
43454,drama
43455,documentary
43456,drama
43457,adult
43458,short
43459,comedy
43460,comedy
43461,comedy
43462,documentary
43463,drama
43464,drama
43465,comedy
43466,documentary
43467,documentary
43468,horror
43469,drama
43470,documentary
43471,drama
43472,short
43473,comedy
43474,documentary
43475,documentary
43476,drama
43477,documentary
43478,short
43479,drama
43480,music
43481,drama
43482,documentary
43483,drama
43484,drama
43485,short
43486,drama
43487,drama
43488,documentary
43489,documentary
43490,drama
43491,drama
43492,documentary
43493,documentary
43494,documentary
43495,drama
43496,documentary
43497,adult
43498,short
43499,documentary
43500,comedy
43501,drama
43502,documentary
43503,drama
43504,drama
43505,horror
43506,drama
43507,short
43508,drama
43509,documentary
43510,short
43511,horror
43512,drama
43513,documentary
43514,documentary
43515,short
43516,drama
43517,music
43518,drama
43519,documentary
43520,horror
43521,drama
43522,drama
43523,documentary
43524,short
43525,drama
43526,comedy
43527,drama
43528,documentary
43529,comedy
43530,documentary
43531,drama
43532,drama
43533,horror
43534,drama
43535,comedy
43536,comedy
43537,drama
43538,short
43539,documentary
43540,music
43541,drama
43542,horror
43543,western
43544,action
43545,documentary
43546,documentary
43547,documentary
43548,documentary
43549,drama
43550,documentary
43551,comedy
43552,adult
43553,documentary
43554,documentary
43555,action
43556,drama
43557,reality-tv
43558,comedy
43559,drama
43560,comedy
43561,drama
43562,documentary
43563,adult
43564,horror
43565,documentary
43566,documentary
43567,documentary
43568,comedy
43569,family
43570,documentary
43571,short
43572,drama
43573,documentary
43574,documentary
43575,documentary
43576,drama
43577,comedy
43578,drama
43579,drama
43580,comedy
43581,reality-tv
43582,thriller
43583,short
43584,comedy
43585,drama
43586,drama
43587,drama
43588,drama
43589,drama
43590,drama
43591,drama
43592,documentary
43593,action
43594,drama
43595,drama
43596,short
43597,horror
43598,drama
43599,drama
43600,comedy
43601,documentary
43602,drama
43603,documentary
43604,drama
43605,comedy
43606,drama
43607,drama
43608,documentary
43609,documentary
43610,documentary
43611,comedy
43612,documentary
43613,comedy
43614,drama
43615,documentary
43616,documentary
43617,documentary
43618,comedy
43619,comedy
43620,music
43621,short
43622,drama
43623,documentary
43624,drama
43625,family
43626,short
43627,comedy
43628,comedy
43629,documentary
43630,comedy
43631,documentary
43632,drama
43633,drama
43634,music
43635,western
43636,drama
43637,comedy
43638,adventure
43639,drama
43640,drama
43641,drama
43642,drama
43643,documentary
43644,documentary
43645,drama
43646,drama
43647,comedy
43648,drama
43649,drama
43650,comedy
43651,drama
43652,drama
43653,short
43654,comedy
43655,documentary
43656,documentary
43657,documentary
43658,drama
43659,documentary
43660,drama
43661,drama
43662,comedy
43663,drama
43664,short
43665,western
43666,documentary
43667,drama
43668,documentary
43669,documentary
43670,comedy
43671,drama
43672,drama
43673,drama
43674,documentary
43675,horror
43676,documentary
43677,documentary
43678,comedy
43679,western
43680,drama
43681,documentary
43682,drama
43683,drama
43684,horror
43685,documentary
43686,documentary
43687,documentary
43688,documentary
43689,drama
43690,drama
43691,drama
43692,drama
43693,action
43694,comedy
43695,drama
43696,drama
43697,documentary
43698,drama
43699,short
43700,drama
43701,comedy
43702,documentary
43703,documentary
43704,documentary
43705,documentary
43706,sci-fi
43707,drama
43708,documentary
43709,documentary
43710,documentary
43711,drama
43712,documentary
43713,documentary
43714,drama
43715,drama
43716,comedy
43717,drama
43718,documentary
43719,documentary
43720,drama
43721,drama
43722,documentary
43723,documentary
43724,comedy
43725,drama
43726,documentary
43727,comedy
43728,documentary
43729,drama
43730,documentary
43731,documentary
43732,sport
43733,drama
43734,drama
43735,documentary
43736,comedy
43737,short
43738,short
43739,action
43740,documentary
43741,horror
43742,documentary
43743,documentary
43744,short
43745,horror
43746,drama
43747,short
43748,western
43749,sci-fi
43750,documentary
43751,comedy
43752,comedy
43753,drama
43754,documentary
43755,comedy
43756,drama
43757,drama
43758,reality-tv
43759,comedy
43760,documentary
43761,documentary
43762,horror
43763,adventure
43764,documentary
43765,drama
43766,action
43767,western
43768,drama
43769,drama
43770,family
43771,drama
43772,comedy
43773,drama
43774,horror
43775,short
43776,documentary
43777,documentary
43778,comedy
43779,documentary
43780,music
43781,romance
43782,western
43783,documentary
43784,documentary
43785,drama
43786,reality-tv
43787,comedy
43788,horror
43789,drama
43790,drama
43791,documentary
43792,documentary
43793,comedy
43794,drama
43795,comedy
43796,documentary
43797,drama
43798,action
43799,documentary
43800,documentary
43801,comedy
43802,comedy
43803,documentary
43804,documentary
43805,documentary
43806,documentary
43807,documentary
43808,drama
43809,documentary
43810,drama
43811,drama
43812,horror
43813,drama
43814,drama
43815,drama
43816,drama
43817,drama
43818,comedy
43819,drama
43820,drama
43821,documentary
43822,western
43823,documentary
43824,documentary
43825,documentary
43826,documentary
43827,action
43828,horror
43829,drama
43830,documentary
43831,family
43832,drama
43833,short
43834,drama
43835,action
43836,comedy
43837,documentary
43838,documentary
43839,documentary
43840,documentary
43841,drama
43842,documentary
43843,action
43844,short
43845,comedy
43846,drama
43847,documentary
43848,sport
43849,western
43850,short
43851,drama
43852,documentary
43853,drama
43854,documentary
43855,drama
43856,comedy
43857,short
43858,western
43859,documentary
43860,drama
43861,drama
43862,horror
43863,documentary
43864,documentary
43865,documentary
43866,documentary
43867,drama
43868,drama
43869,documentary
43870,documentary
43871,short
43872,documentary
43873,comedy
43874,drama
43875,comedy
43876,drama
43877,documentary
43878,drama
43879,drama
43880,documentary
43881,western
43882,drama
43883,documentary
43884,documentary
43885,thriller
43886,action
43887,short
43888,mystery
43889,comedy
43890,horror
43891,short
43892,drama
43893,documentary
43894,drama
43895,western
43896,drama
43897,documentary
43898,western
43899,drama
43900,documentary
43901,drama
43902,horror
43903,drama
43904,documentary
43905,short
43906,documentary
43907,drama
43908,drama
43909,comedy
43910,drama
43911,documentary
43912,drama
43913,comedy
43914,drama
43915,horror
43916,drama
43917,comedy
43918,drama
43919,documentary
43920,drama
43921,short
43922,drama
43923,comedy
43924,documentary
43925,drama
43926,documentary
43927,drama
43928,drama
43929,drama
43930,documentary
43931,drama
43932,comedy
43933,drama
43934,thriller
43935,comedy
43936,drama
43937,drama
43938,comedy
43939,comedy
43940,documentary
43941,documentary
43942,documentary
43943,comedy
43944,drama
43945,comedy
43946,documentary
43947,short
43948,drama
43949,horror
43950,drama
43951,drama
43952,drama
43953,documentary
43954,comedy
43955,documentary
43956,documentary
43957,documentary
43958,music
43959,drama
43960,horror
43961,drama
43962,drama
43963,drama
43964,drama
43965,drama
43966,reality-tv
43967,drama
43968,drama
43969,documentary
43970,comedy
43971,documentary
43972,action
43973,documentary
43974,drama
43975,drama
43976,comedy
43977,drama
43978,drama
43979,short
43980,drama
43981,music
43982,documentary
43983,drama
43984,comedy
43985,drama
43986,drama
43987,drama
43988,thriller
43989,family
43990,documentary
43991,drama
43992,animation
43993,drama
43994,drama
43995,music
43996,drama
43997,short
43998,documentary
43999,documentary
44000,drama
44001,drama
44002,reality-tv
44003,romance
44004,documentary
44005,thriller
44006,drama
44007,documentary
44008,comedy
44009,documentary
44010,drama
44011,drama
44012,drama
44013,documentary
44014,drama
44015,drama
44016,comedy
44017,thriller
44018,short
44019,documentary
44020,western
44021,documentary
44022,documentary
44023,short
44024,drama
44025,drama
44026,drama
44027,documentary
44028,drama
44029,comedy
44030,short
44031,drama
44032,documentary
44033,documentary
44034,short
44035,documentary
44036,drama
44037,documentary
44038,horror
44039,documentary
44040,reality-tv
44041,drama
44042,comedy
44043,thriller
44044,documentary
44045,short
44046,documentary
44047,drama
44048,short
44049,documentary
44050,short
44051,documentary
44052,documentary
44053,drama
44054,documentary
44055,drama
44056,drama
44057,comedy
44058,documentary
44059,horror
44060,drama
44061,documentary
44062,music
44063,documentary
44064,music
44065,documentary
44066,documentary
44067,documentary
44068,drama
44069,drama
44070,drama
44071,documentary
44072,drama
44073,documentary
44074,documentary
44075,drama
44076,documentary
44077,comedy
44078,documentary
44079,drama
44080,documentary
44081,documentary
44082,drama
44083,drama
44084,drama
44085,adventure
44086,documentary
44087,documentary
44088,comedy
44089,comedy
44090,short
44091,action
44092,thriller
44093,short
44094,drama
44095,drama
44096,drama
44097,action
44098,documentary
44099,documentary
44100,comedy
44101,comedy
44102,horror
44103,drama
44104,comedy
44105,comedy
44106,horror
44107,comedy
44108,family
44109,documentary
44110,sci-fi
44111,drama
44112,comedy
44113,documentary
44114,western
44115,documentary
44116,documentary
44117,drama
44118,drama
44119,short
44120,comedy
44121,comedy
44122,comedy
44123,drama
44124,documentary
44125,documentary
44126,short
44127,documentary
44128,drama
44129,drama
44130,drama
44131,comedy
44132,horror
44133,documentary
44134,drama
44135,drama
44136,comedy
44137,documentary
44138,short
44139,drama
44140,comedy
44141,music
44142,short
44143,drama
44144,comedy
44145,drama
44146,drama
44147,drama
44148,documentary
44149,drama
44150,western
44151,comedy
44152,comedy
44153,documentary
44154,documentary
44155,comedy
44156,horror
44157,drama
44158,documentary
44159,comedy
44160,documentary
44161,documentary
44162,comedy
44163,documentary
44164,comedy
44165,documentary
44166,drama
44167,drama
44168,documentary
44169,western
44170,drama
44171,drama
44172,action
44173,drama
44174,drama
44175,documentary
44176,short
44177,fantasy
44178,documentary
44179,documentary
44180,documentary
44181,drama
44182,documentary
44183,reality-tv
44184,sport
44185,documentary
44186,drama
44187,short
44188,documentary
44189,drama
44190,documentary
44191,drama
44192,drama
44193,comedy
44194,documentary
44195,drama
44196,documentary
44197,short
44198,short
44199,documentary
44200,documentary
44201,drama
44202,action
44203,documentary
44204,documentary
44205,drama
44206,adult
44207,horror
44208,drama
44209,documentary
44210,drama
44211,horror
44212,comedy
44213,drama
44214,music
44215,documentary
44216,adult
44217,short
44218,short
44219,documentary
44220,documentary
44221,documentary
44222,documentary
44223,drama
44224,drama
44225,western
44226,comedy
44227,documentary
44228,drama
44229,drama
44230,documentary
44231,comedy
44232,western
44233,drama
44234,documentary
44235,documentary
44236,action
44237,drama
44238,drama
44239,drama
44240,documentary
44241,documentary
44242,comedy
44243,reality-tv
44244,thriller
44245,documentary
44246,short
44247,drama
44248,documentary
44249,documentary
44250,comedy
44251,drama
44252,documentary
44253,comedy
44254,documentary
44255,drama
44256,western
44257,drama
44258,comedy
44259,documentary
44260,drama
44261,drama
44262,drama
44263,drama
44264,western
44265,documentary
44266,drama
44267,drama
44268,drama
44269,drama
44270,drama
44271,talk-show
44272,documentary
44273,drama
44274,documentary
44275,drama
44276,documentary
44277,drama
44278,drama
44279,drama
44280,comedy
44281,western
44282,sport
44283,drama
44284,documentary
44285,comedy
44286,documentary
44287,drama
44288,short
44289,drama
44290,talk-show
44291,drama
44292,comedy
44293,western
44294,family
44295,documentary
44296,documentary
44297,drama
44298,documentary
44299,documentary
44300,documentary
44301,documentary
44302,western
44303,drama
44304,drama
44305,documentary
44306,drama
44307,short
44308,drama
44309,comedy
44310,documentary
44311,documentary
44312,documentary
44313,documentary
44314,short
44315,horror
44316,drama
44317,documentary
44318,drama
44319,drama
44320,drama
44321,short
44322,drama
44323,drama
44324,documentary
44325,drama
44326,documentary
44327,drama
44328,documentary
44329,documentary
44330,drama
44331,comedy
44332,comedy
44333,drama
44334,documentary
44335,documentary
44336,short
44337,documentary
44338,documentary
44339,drama
44340,drama
44341,short
44342,drama
44343,drama
44344,drama
44345,music
44346,action
44347,horror
44348,drama
44349,comedy
44350,comedy
44351,documentary
44352,drama
44353,comedy
44354,drama
44355,sci-fi
44356,documentary
44357,documentary
44358,drama
44359,documentary
44360,drama
44361,short
44362,documentary
44363,comedy
44364,documentary
44365,comedy
44366,documentary
44367,reality-tv
44368,drama
44369,short
44370,documentary
44371,comedy
44372,horror
44373,documentary
44374,thriller
44375,comedy
44376,drama
44377,drama
44378,documentary
44379,documentary
44380,drama
44381,drama
44382,documentary
44383,drama
44384,sci-fi
44385,drama
44386,drama
44387,documentary
44388,drama
44389,documentary
44390,drama
44391,documentary
44392,drama
44393,documentary
44394,comedy
44395,reality-tv
44396,drama
44397,drama
44398,drama
44399,drama
44400,documentary
44401,drama
44402,documentary
44403,documentary
44404,short
44405,comedy
44406,drama
44407,short
44408,drama
44409,comedy
44410,documentary
44411,game-show
44412,horror
44413,drama
44414,short
44415,comedy
44416,horror
44417,documentary
44418,comedy
44419,drama
44420,documentary
44421,documentary
44422,horror
44423,comedy
44424,horror
44425,drama
44426,documentary
44427,music
44428,drama
44429,comedy
44430,drama
44431,documentary
44432,documentary
44433,family
44434,documentary
44435,documentary
44436,documentary
44437,comedy
44438,horror
44439,drama
44440,drama
44441,documentary
44442,documentary
44443,drama
44444,documentary
44445,drama
44446,documentary
44447,short
44448,short
44449,drama
44450,adventure
44451,action
44452,documentary
44453,documentary
44454,drama
44455,documentary
44456,adult
44457,drama
44458,documentary
44459,adventure
44460,thriller
44461,drama
44462,animation
44463,drama
44464,comedy
44465,drama
44466,music
44467,drama
44468,reality-tv
44469,drama
44470,comedy
44471,documentary
44472,drama
44473,drama
44474,news
44475,documentary
44476,comedy
44477,action
44478,documentary
44479,documentary
44480,comedy
44481,drama
44482,documentary
44483,family
44484,comedy
44485,drama
44486,drama
44487,documentary
44488,horror
44489,documentary
44490,drama
44491,documentary
44492,comedy
44493,drama
44494,documentary
44495,documentary
44496,comedy
44497,documentary
44498,documentary
44499,drama
44500,drama
44501,drama
44502,drama
44503,documentary
44504,short
44505,documentary
44506,short
44507,drama
44508,documentary
44509,sport
44510,comedy
44511,drama
44512,sci-fi
44513,comedy
44514,drama
44515,comedy
44516,horror
44517,documentary
44518,drama
44519,drama
44520,drama
44521,drama
44522,drama
44523,documentary
44524,short
44525,comedy
44526,documentary
44527,documentary
44528,documentary
44529,documentary
44530,drama
44531,documentary
44532,western
44533,sport
44534,short
44535,drama
44536,documentary
44537,documentary
44538,drama
44539,thriller
44540,documentary
44541,drama
44542,documentary
44543,documentary
44544,horror
44545,thriller
44546,drama
44547,comedy
44548,reality-tv
44549,drama
44550,documentary
44551,action
44552,comedy
44553,thriller
44554,documentary
44555,short
44556,drama
44557,horror
44558,documentary
44559,sport
44560,comedy
44561,drama
44562,documentary
44563,horror
44564,comedy
44565,short
44566,drama
44567,documentary
44568,documentary
44569,drama
44570,comedy
44571,drama
44572,drama
44573,western
44574,documentary
44575,comedy
44576,short
44577,drama
44578,drama
44579,documentary
44580,comedy
44581,documentary
44582,music
44583,drama
44584,documentary
44585,documentary
44586,documentary
44587,documentary
44588,documentary
44589,drama
44590,drama
44591,documentary
44592,drama
44593,drama
44594,short
44595,horror
44596,documentary
44597,documentary
44598,documentary
44599,documentary
44600,documentary
44601,comedy
44602,drama
44603,horror
44604,drama
44605,documentary
44606,drama
44607,documentary
44608,drama
44609,drama
44610,horror
44611,comedy
44612,drama
44613,drama
44614,documentary
44615,documentary
44616,comedy
44617,comedy
44618,drama
44619,comedy
44620,documentary
44621,documentary
44622,drama
44623,drama
44624,comedy
44625,drama
44626,reality-tv
44627,documentary
44628,drama
44629,drama
44630,drama
44631,documentary
44632,drama
44633,sci-fi
44634,documentary
44635,documentary
44636,documentary
44637,comedy
44638,drama
44639,drama
44640,documentary
44641,drama
44642,comedy
44643,drama
44644,documentary
44645,horror
44646,documentary
44647,drama
44648,sci-fi
44649,comedy
44650,comedy
44651,horror
44652,western
44653,drama
44654,documentary
44655,drama
44656,drama
44657,drama
44658,comedy
44659,drama
44660,comedy
44661,comedy
44662,short
44663,drama
44664,action
44665,drama
44666,drama
44667,drama
44668,drama
44669,documentary
44670,comedy
44671,drama
44672,drama
44673,horror
44674,short
44675,documentary
44676,drama
44677,documentary
44678,drama
44679,action
44680,horror
44681,comedy
44682,documentary
44683,drama
44684,drama
44685,drama
44686,drama
44687,animation
44688,drama
44689,drama
44690,short
44691,drama
44692,documentary
44693,short
44694,drama
44695,short
44696,horror
44697,documentary
44698,comedy
44699,comedy
44700,drama
44701,comedy
44702,drama
44703,drama
44704,drama
44705,documentary
44706,drama
44707,documentary
44708,horror
44709,documentary
44710,comedy
44711,documentary
44712,documentary
44713,drama
44714,documentary
44715,short
44716,comedy
44717,comedy
44718,documentary
44719,documentary
44720,drama
44721,documentary
44722,short
44723,comedy
44724,short
44725,drama
44726,drama
44727,drama
44728,comedy
44729,drama
44730,comedy
44731,mystery
44732,documentary
44733,drama
44734,music
44735,documentary
44736,documentary
44737,documentary
44738,short
44739,drama
44740,comedy
44741,short
44742,documentary
44743,comedy
44744,short
44745,adventure
44746,documentary
44747,documentary
44748,drama
44749,adult
44750,documentary
44751,drama
44752,drama
44753,documentary
44754,drama
44755,drama
44756,comedy
44757,action
44758,drama
44759,drama
44760,documentary
44761,drama
44762,documentary
44763,comedy
44764,horror
44765,horror
44766,sci-fi
44767,documentary
44768,drama
44769,drama
44770,documentary
44771,documentary
44772,short
44773,reality-tv
44774,horror
44775,short
44776,documentary
44777,comedy
44778,adult
44779,comedy
44780,drama
44781,music
44782,thriller
44783,drama
44784,sport
44785,documentary
44786,drama
44787,game-show
44788,documentary
44789,drama
44790,action
44791,drama
44792,documentary
44793,drama
44794,documentary
44795,documentary
44796,drama
44797,thriller
44798,short
44799,reality-tv
44800,documentary
44801,comedy
44802,drama
44803,documentary
44804,drama
44805,drama
44806,comedy
44807,short
44808,action
44809,documentary
44810,drama
44811,comedy
44812,drama
44813,documentary
44814,thriller
44815,comedy
44816,drama
44817,comedy
44818,drama
44819,documentary
44820,short
44821,horror
44822,drama
44823,thriller
44824,documentary
44825,drama
44826,drama
44827,documentary
44828,drama
44829,game-show
44830,documentary
44831,documentary
44832,drama
44833,documentary
44834,drama
44835,drama
44836,documentary
44837,documentary
44838,documentary
44839,sci-fi
44840,drama
44841,drama
44842,short
44843,documentary
44844,comedy
44845,documentary
44846,drama
44847,comedy
44848,western
44849,drama
44850,horror
44851,comedy
44852,comedy
44853,music
44854,documentary
44855,documentary
44856,drama
44857,documentary
44858,documentary
44859,documentary
44860,comedy
44861,drama
44862,documentary
44863,documentary
44864,short
44865,drama
44866,comedy
44867,horror
44868,horror
44869,short
44870,drama
44871,drama
44872,comedy
44873,documentary
44874,documentary
44875,fantasy
44876,documentary
44877,drama
44878,short
44879,comedy
44880,comedy
44881,documentary
44882,comedy
44883,documentary
44884,documentary
44885,documentary
44886,sci-fi
44887,horror
44888,drama
44889,drama
44890,drama
44891,reality-tv
44892,short
44893,animation
44894,drama
44895,short
44896,reality-tv
44897,drama
44898,documentary
44899,drama
44900,drama
44901,comedy
44902,documentary
44903,drama
44904,short
44905,documentary
44906,comedy
44907,western
44908,documentary
44909,comedy
44910,drama
44911,sport
44912,drama
44913,documentary
44914,documentary
44915,comedy
44916,drama
44917,drama
44918,drama
44919,comedy
44920,documentary
44921,documentary
44922,documentary
44923,documentary
44924,drama
44925,comedy
44926,comedy
44927,drama
44928,drama
44929,documentary
44930,reality-tv
44931,horror
44932,horror
44933,horror
44934,drama
44935,documentary
44936,drama
44937,horror
44938,drama
44939,comedy
44940,drama
44941,drama
44942,documentary
44943,horror
44944,comedy
44945,documentary
44946,action
44947,short
44948,horror
44949,documentary
44950,documentary
44951,reality-tv
44952,short
44953,action
44954,drama
44955,comedy
44956,drama
44957,documentary
44958,drama
44959,drama
44960,documentary
44961,western
44962,documentary
44963,documentary
44964,drama
44965,comedy
44966,documentary
44967,drama
44968,drama
44969,drama
44970,drama
44971,documentary
44972,documentary
44973,western
44974,short
44975,drama
44976,documentary
44977,drama
44978,documentary
44979,comedy
44980,drama
44981,documentary
44982,documentary
44983,fantasy
44984,documentary
44985,short
44986,music
44987,horror
44988,drama
44989,documentary
44990,documentary
44991,documentary
44992,drama
44993,drama
44994,documentary
44995,drama
44996,reality-tv
44997,drama
44998,drama
44999,comedy
45000,comedy
45001,comedy
45002,drama
45003,documentary
45004,drama
45005,drama
45006,comedy
45007,documentary
45008,comedy
45009,drama
45010,drama
45011,drama
45012,drama
45013,documentary
45014,western
45015,documentary
45016,documentary
45017,drama
45018,documentary
45019,horror
45020,western
45021,documentary
45022,comedy
45023,documentary
45024,documentary
45025,documentary
45026,drama
45027,comedy
45028,documentary
45029,drama
45030,action
45031,documentary
45032,documentary
45033,comedy
45034,short
45035,documentary
45036,documentary
45037,drama
45038,documentary
45039,drama
45040,drama
45041,comedy
45042,drama
45043,short
45044,sci-fi
45045,comedy
45046,documentary
45047,comedy
45048,documentary
45049,documentary
45050,drama
45051,short
45052,documentary
45053,drama
45054,drama
45055,documentary
45056,action
45057,drama
45058,documentary
45059,crime
45060,documentary
45061,drama
45062,comedy
45063,documentary
45064,drama
45065,horror
45066,drama
45067,short
45068,music
45069,short
45070,comedy
45071,short
45072,comedy
45073,thriller
45074,documentary
45075,drama
45076,drama
45077,drama
45078,documentary
45079,horror
45080,comedy
45081,comedy
45082,documentary
45083,drama
45084,documentary
45085,drama
45086,documentary
45087,short
45088,sport
45089,drama
45090,drama
45091,drama
45092,comedy
45093,comedy
45094,reality-tv
45095,documentary
45096,drama
45097,documentary
45098,drama
45099,short
45100,documentary
45101,documentary
45102,drama
45103,sport
45104,documentary
45105,documentary
45106,drama
45107,documentary
45108,comedy
45109,comedy
45110,reality-tv
45111,drama
45112,action
45113,comedy
45114,documentary
45115,drama
45116,documentary
45117,action
45118,short
45119,western
45120,short
45121,comedy
45122,drama
45123,documentary
45124,action
45125,short
45126,animation
45127,short
45128,documentary
45129,documentary
45130,animation
45131,talk-show
45132,drama
45133,drama
45134,drama
45135,documentary
45136,comedy
45137,drama
45138,horror
45139,drama
45140,drama
45141,horror
45142,drama
45143,reality-tv
45144,action
45145,comedy
45146,comedy
45147,drama
45148,comedy
45149,drama
45150,drama
45151,horror
45152,short
45153,comedy
45154,comedy
45155,drama
45156,drama
45157,drama
45158,drama
45159,comedy
45160,adult
45161,documentary
45162,drama
45163,drama
45164,drama
45165,drama
45166,drama
45167,sci-fi
45168,documentary
45169,drama
45170,documentary
45171,documentary
45172,documentary
45173,documentary
45174,comedy
45175,documentary
45176,documentary
45177,horror
45178,short
45179,documentary
45180,comedy
45181,drama
45182,documentary
45183,horror
45184,documentary
45185,documentary
45186,drama
45187,documentary
45188,drama
45189,drama
45190,documentary
45191,documentary
45192,documentary
45193,reality-tv
45194,comedy
45195,comedy
45196,horror
45197,adventure
45198,comedy
45199,documentary
45200,drama
45201,drama
45202,short
45203,drama
45204,drama
45205,documentary
45206,comedy
45207,drama
45208,documentary
45209,comedy
45210,comedy
45211,documentary
45212,western
45213,reality-tv
45214,reality-tv
45215,short
45216,short
45217,drama
45218,thriller
45219,documentary
45220,documentary
45221,comedy
45222,documentary
45223,documentary
45224,documentary
45225,drama
45226,drama
45227,documentary
45228,drama
45229,short
45230,short
45231,comedy
45232,drama
45233,drama
45234,comedy
45235,horror
45236,drama
45237,documentary
45238,action
45239,short
45240,short
45241,horror
45242,adult
45243,drama
45244,drama
45245,drama
45246,horror
45247,drama
45248,documentary
45249,drama
45250,horror
45251,drama
45252,sci-fi
45253,drama
45254,comedy
45255,short
45256,thriller
45257,drama
45258,drama
45259,comedy
45260,thriller
45261,drama
45262,documentary
45263,crime
45264,thriller
45265,documentary
45266,drama
45267,comedy
45268,documentary
45269,western
45270,comedy
45271,drama
45272,drama
45273,drama
45274,romance
45275,comedy
45276,western
45277,drama
45278,short
45279,comedy
45280,drama
45281,drama
45282,short
45283,short
45284,comedy
45285,comedy
45286,drama
45287,documentary
45288,talk-show
45289,documentary
45290,horror
45291,drama
45292,drama
45293,documentary
45294,drama
45295,documentary
45296,documentary
45297,comedy
45298,drama
45299,drama
45300,documentary
45301,documentary
45302,horror
45303,documentary
45304,comedy
45305,documentary
45306,drama
45307,documentary
45308,drama
45309,comedy
45310,drama
45311,comedy
45312,action
45313,comedy
45314,comedy
45315,romance
45316,documentary
45317,drama
45318,drama
45319,short
45320,documentary
45321,drama
45322,family
45323,drama
45324,comedy
45325,documentary
45326,documentary
45327,drama
45328,documentary
45329,documentary
45330,drama
45331,comedy
45332,reality-tv
45333,drama
45334,documentary
45335,short
45336,documentary
45337,drama
45338,drama
45339,drama
45340,horror
45341,comedy
45342,drama
45343,documentary
45344,drama
45345,drama
45346,short
45347,short
45348,documentary
45349,documentary
45350,drama
45351,comedy
45352,documentary
45353,horror
45354,comedy
45355,short
45356,short
45357,thriller
45358,comedy
45359,comedy
45360,documentary
45361,documentary
45362,documentary
45363,drama
45364,documentary
45365,music
45366,western
45367,thriller
45368,documentary
45369,horror
45370,documentary
45371,short
45372,drama
45373,documentary
45374,comedy
45375,short
45376,documentary
45377,talk-show
45378,game-show
45379,comedy
45380,comedy
45381,documentary
45382,drama
45383,drama
45384,documentary
45385,short
45386,comedy
45387,horror
45388,documentary
45389,thriller
45390,drama
45391,horror
45392,drama
45393,family
45394,documentary
45395,western
45396,comedy
45397,action
45398,comedy
45399,documentary
45400,family
45401,documentary
45402,animation
45403,western
45404,documentary
45405,comedy
45406,drama
45407,documentary
45408,drama
45409,drama
45410,comedy
45411,talk-show
45412,comedy
45413,documentary
45414,drama
45415,drama
45416,drama
45417,comedy
45418,action
45419,comedy
45420,documentary
45421,adult
45422,music
45423,horror
45424,documentary
45425,documentary
45426,thriller
45427,documentary
45428,horror
45429,documentary
45430,drama
45431,short
45432,documentary
45433,drama
45434,documentary
45435,drama
45436,western
45437,drama
45438,horror
45439,documentary
45440,documentary
45441,documentary
45442,short
45443,drama
45444,drama
45445,adult
45446,drama
45447,drama
45448,drama
45449,drama
45450,comedy
45451,comedy
45452,documentary
45453,short
45454,drama
45455,drama
45456,drama
45457,documentary
45458,drama
45459,documentary
45460,documentary
45461,thriller
45462,drama
45463,drama
45464,drama
45465,drama
45466,documentary
45467,comedy
45468,horror
45469,western
45470,comedy
45471,documentary
45472,documentary
45473,western
45474,drama
45475,documentary
45476,drama
45477,documentary
45478,documentary
45479,drama
45480,thriller
45481,action
45482,documentary
45483,documentary
45484,comedy
45485,adult
45486,documentary
45487,drama
45488,drama
45489,comedy
45490,documentary
45491,drama
45492,documentary
45493,short
45494,documentary
45495,documentary
45496,drama
45497,comedy
45498,documentary
45499,drama
45500,drama
45501,comedy
45502,sci-fi
45503,drama
45504,comedy
45505,reality-tv
45506,drama
45507,drama
45508,thriller
45509,drama
45510,documentary
45511,short
45512,short
45513,drama
45514,comedy
45515,documentary
45516,comedy
45517,documentary
45518,western
45519,documentary
45520,documentary
45521,comedy
45522,comedy
45523,drama
45524,horror
45525,western
45526,drama
45527,comedy
45528,drama
45529,documentary
45530,documentary
45531,drama
45532,drama
45533,drama
45534,short
45535,drama
45536,documentary
45537,comedy
45538,drama
45539,drama
45540,drama
45541,documentary
45542,comedy
45543,drama
45544,short
45545,documentary
45546,drama
45547,drama
45548,documentary
45549,drama
45550,drama
45551,drama
45552,drama
45553,drama
45554,drama
45555,documentary
45556,horror
45557,drama
45558,drama
45559,drama
45560,documentary
45561,drama
45562,western
45563,music
45564,drama
45565,documentary
45566,horror
45567,drama
45568,documentary
45569,documentary
45570,drama
45571,horror
45572,drama
45573,comedy
45574,documentary
45575,documentary
45576,comedy
45577,drama
45578,short
45579,comedy
45580,comedy
45581,documentary
45582,documentary
45583,comedy
45584,drama
45585,documentary
45586,music
45587,documentary
45588,action
45589,documentary
45590,documentary
45591,documentary
45592,documentary
45593,western
45594,drama
45595,drama
45596,documentary
45597,drama
45598,talk-show
45599,drama
45600,documentary
45601,drama
45602,documentary
45603,documentary
45604,horror
45605,drama
45606,short
45607,documentary
45608,short
45609,horror
45610,drama
45611,drama
45612,documentary
45613,documentary
45614,drama
45615,documentary
45616,drama
45617,comedy
45618,documentary
45619,reality-tv
45620,short
45621,documentary
45622,comedy
45623,horror
45624,drama
45625,documentary
45626,short
45627,documentary
45628,western
45629,horror
45630,documentary
45631,drama
45632,comedy
45633,documentary
45634,drama
45635,comedy
45636,comedy
45637,sci-fi
45638,comedy
45639,comedy
45640,drama
45641,documentary
45642,action
45643,documentary
45644,documentary
45645,documentary
45646,drama
45647,documentary
45648,documentary
45649,documentary
45650,thriller
45651,drama
45652,horror
45653,drama
45654,short
45655,drama
45656,documentary
45657,horror
45658,documentary
45659,documentary
45660,documentary
45661,romance
45662,documentary
45663,documentary
45664,drama
45665,horror
45666,documentary
45667,documentary
45668,drama
45669,documentary
45670,drama
45671,short
45672,short
45673,action
45674,drama
45675,drama
45676,documentary
45677,horror
45678,short
45679,drama
45680,drama
45681,drama
45682,comedy
45683,comedy
45684,comedy
45685,documentary
45686,drama
45687,drama
45688,documentary
45689,drama
45690,talk-show
45691,reality-tv
45692,comedy
45693,comedy
45694,documentary
45695,documentary
45696,short
45697,documentary
45698,horror
45699,music
45700,sci-fi
45701,documentary
45702,drama
45703,comedy
45704,reality-tv
45705,western
45706,drama
45707,drama
45708,drama
45709,drama
45710,comedy
45711,documentary
45712,comedy
45713,drama
45714,drama
45715,comedy
45716,documentary
45717,drama
45718,drama
45719,drama
45720,drama
45721,documentary
45722,drama
45723,drama
45724,horror
45725,reality-tv
45726,documentary
45727,talk-show
45728,drama
45729,comedy
45730,drama
45731,drama
45732,drama
45733,drama
45734,sci-fi
45735,comedy
45736,drama
45737,documentary
45738,drama
45739,comedy
45740,animation
45741,documentary
45742,comedy
45743,documentary
45744,drama
45745,drama
45746,comedy
45747,drama
45748,drama
45749,documentary
45750,documentary
45751,music
45752,drama
45753,documentary
45754,drama
45755,documentary
45756,drama
45757,documentary
45758,horror
45759,short
45760,documentary
45761,drama
45762,documentary
45763,drama
45764,action
45765,action
45766,documentary
45767,reality-tv
45768,short
45769,documentary
45770,documentary
45771,comedy
45772,comedy
45773,documentary
45774,documentary
45775,short
45776,drama
45777,documentary
45778,short
45779,comedy
45780,drama
45781,drama
45782,documentary
45783,drama
45784,family
45785,comedy
45786,drama
45787,documentary
45788,documentary
45789,drama
45790,comedy
45791,reality-tv
45792,drama
45793,comedy
45794,drama
45795,drama
45796,comedy
45797,documentary
45798,drama
45799,comedy
45800,documentary
45801,comedy
45802,western
45803,drama
45804,documentary
45805,documentary
45806,documentary
45807,documentary
45808,horror
45809,horror
45810,short
45811,drama
45812,documentary
45813,comedy
45814,documentary
45815,documentary
45816,drama
45817,documentary
45818,drama
45819,drama
45820,drama
45821,documentary
45822,drama
45823,western
45824,drama
45825,short
45826,documentary
45827,horror
45828,comedy
45829,thriller
45830,comedy
45831,comedy
45832,drama
45833,documentary
45834,drama
45835,drama
45836,drama
45837,documentary
45838,comedy
45839,documentary
45840,action
45841,horror
45842,documentary
45843,drama
45844,short
45845,drama
45846,sci-fi
45847,drama
45848,thriller
45849,documentary
45850,documentary
45851,comedy
45852,action
45853,comedy
45854,drama
45855,documentary
45856,drama
45857,documentary
45858,drama
45859,game-show
45860,drama
45861,documentary
45862,horror
45863,documentary
45864,drama
45865,drama
45866,adventure
45867,drama
45868,documentary
45869,drama
45870,drama
45871,comedy
45872,thriller
45873,drama
45874,drama
45875,drama
45876,documentary
45877,comedy
45878,drama
45879,comedy
45880,drama
45881,drama
45882,drama
45883,documentary
45884,horror
45885,comedy
45886,documentary
45887,drama
45888,documentary
45889,documentary
45890,documentary
45891,drama
45892,drama
45893,drama
45894,sport
45895,comedy
45896,comedy
45897,music
45898,drama
45899,documentary
45900,drama
45901,adult
45902,drama
45903,action
45904,documentary
45905,western
45906,documentary
45907,sci-fi
45908,comedy
45909,documentary
45910,comedy
45911,comedy
45912,drama
45913,drama
45914,documentary
45915,western
45916,short
45917,drama
45918,drama
45919,documentary
45920,documentary
45921,comedy
45922,comedy
45923,drama
45924,horror
45925,horror
45926,thriller
45927,game-show
45928,drama
45929,documentary
45930,drama
45931,short
45932,documentary
45933,documentary
45934,music
45935,documentary
45936,drama
45937,drama
45938,drama
45939,drama
45940,comedy
45941,documentary
45942,horror
45943,documentary
45944,western
45945,documentary
45946,drama
45947,drama
45948,comedy
45949,documentary
45950,comedy
45951,adventure
45952,drama
45953,action
45954,horror
45955,western
45956,drama
45957,documentary
45958,comedy
45959,horror
45960,drama
45961,documentary
45962,drama
45963,documentary
45964,drama
45965,horror
45966,drama
45967,short
45968,documentary
45969,documentary
45970,comedy
45971,comedy
45972,documentary
45973,documentary
45974,short
45975,western
45976,reality-tv
45977,documentary
45978,drama
45979,documentary
45980,documentary
45981,documentary
45982,short
45983,music
45984,drama
45985,drama
45986,drama
45987,drama
45988,comedy
45989,documentary
45990,drama
45991,reality-tv
45992,western
45993,drama
45994,drama
45995,documentary
45996,drama
45997,short
45998,drama
45999,documentary
46000,drama
46001,drama
46002,comedy
46003,documentary
46004,horror
46005,comedy
46006,drama
46007,drama
46008,comedy
46009,drama
46010,drama
46011,comedy
46012,documentary
46013,documentary
46014,documentary
46015,drama
46016,documentary
46017,documentary
46018,drama
46019,comedy
46020,drama
46021,comedy
46022,drama
46023,drama
46024,drama
46025,comedy
46026,drama
46027,drama
46028,comedy
46029,short
46030,action
46031,documentary
46032,documentary
46033,drama
46034,comedy
46035,comedy
46036,drama
46037,drama
46038,drama
46039,drama
46040,horror
46041,short
46042,drama
46043,comedy
46044,action
46045,documentary
46046,documentary
46047,drama
46048,horror
46049,documentary
46050,sci-fi
46051,drama
46052,documentary
46053,drama
46054,comedy
46055,drama
46056,action
46057,documentary
46058,drama
46059,comedy
46060,comedy
46061,documentary
46062,drama
46063,drama
46064,action
46065,documentary
46066,documentary
46067,drama
46068,documentary
46069,comedy
46070,documentary
46071,comedy
46072,drama
46073,comedy
46074,drama
46075,drama
46076,short
46077,drama
46078,drama
46079,documentary
46080,documentary
46081,drama
46082,drama
46083,short
46084,drama
46085,action
46086,documentary
46087,drama
46088,comedy
46089,short
46090,documentary
46091,horror
46092,drama
46093,comedy
46094,drama
46095,documentary
46096,documentary
46097,sport
46098,drama
46099,drama
46100,drama
46101,drama
46102,drama
46103,documentary
46104,comedy
46105,fantasy
46106,family
46107,documentary
46108,drama
46109,comedy
46110,short
46111,drama
46112,drama
46113,drama
46114,comedy
46115,drama
46116,comedy
46117,comedy
46118,drama
46119,drama
46120,drama
46121,short
46122,comedy
46123,sci-fi
46124,reality-tv
46125,documentary
46126,western
46127,comedy
46128,drama
46129,adventure
46130,drama
46131,horror
46132,drama
46133,thriller
46134,music
46135,documentary
46136,comedy
46137,documentary
46138,thriller
46139,documentary
46140,drama
46141,drama
46142,comedy
46143,documentary
46144,documentary
46145,comedy
46146,documentary
46147,documentary
46148,drama
46149,drama
46150,documentary
46151,horror
46152,comedy
46153,drama
46154,documentary
46155,adult
46156,documentary
46157,western
46158,reality-tv
46159,drama
46160,drama
46161,documentary
46162,documentary
46163,drama
46164,comedy
46165,western
46166,comedy
46167,sci-fi
46168,drama
46169,sci-fi
46170,drama
46171,drama
46172,documentary
46173,drama
46174,drama
46175,action
46176,documentary
46177,drama
46178,documentary
46179,documentary
46180,drama
46181,documentary
46182,horror
46183,western
46184,drama
46185,drama
46186,drama
46187,documentary
46188,comedy
46189,western
46190,documentary
46191,documentary
46192,documentary
46193,comedy
46194,documentary
46195,drama
46196,documentary
46197,drama
46198,short
46199,short
46200,drama
46201,short
46202,documentary
46203,documentary
46204,documentary
46205,drama
46206,drama
46207,documentary
46208,drama
46209,comedy
46210,comedy
46211,drama
46212,drama
46213,comedy
46214,documentary
46215,comedy
46216,action
46217,documentary
46218,drama
46219,documentary
46220,drama
46221,documentary
46222,action
46223,documentary
46224,drama
46225,drama
46226,drama
46227,documentary
46228,western
46229,drama
46230,short
46231,drama
46232,comedy
46233,action
46234,short
46235,documentary
46236,documentary
46237,comedy
46238,drama
46239,talk-show
46240,drama
46241,comedy
46242,documentary
46243,documentary
46244,drama
46245,documentary
46246,comedy
46247,documentary
46248,music
46249,drama
46250,comedy
46251,documentary
46252,action
46253,documentary
46254,comedy
46255,documentary
46256,documentary
46257,documentary
46258,drama
46259,short
46260,drama
46261,documentary
46262,short
46263,documentary
46264,sci-fi
46265,family
46266,drama
46267,documentary
46268,documentary
46269,drama
46270,short
46271,documentary
46272,documentary
46273,documentary
46274,documentary
46275,thriller
46276,drama
46277,comedy
46278,documentary
46279,drama
46280,comedy
46281,comedy
46282,drama
46283,horror
46284,comedy
46285,drama
46286,comedy
46287,drama
46288,documentary
46289,drama
46290,documentary
46291,documentary
46292,crime
46293,documentary
46294,drama
46295,documentary
46296,horror
46297,documentary
46298,documentary
46299,thriller
46300,drama
46301,documentary
46302,documentary
46303,short
46304,documentary
46305,documentary
46306,drama
46307,documentary
46308,talk-show
46309,drama
46310,documentary
46311,short
46312,drama
46313,comedy
46314,documentary
46315,short
46316,documentary
46317,drama
46318,sport
46319,comedy
46320,documentary
46321,comedy
46322,documentary
46323,short
46324,thriller
46325,documentary
46326,horror
46327,documentary
46328,documentary
46329,documentary
46330,comedy
46331,drama
46332,comedy
46333,drama
46334,comedy
46335,documentary
46336,documentary
46337,comedy
46338,horror
46339,comedy
46340,comedy
46341,drama
46342,comedy
46343,horror
46344,music
46345,comedy
46346,drama
46347,action
46348,documentary
46349,comedy
46350,sci-fi
46351,drama
46352,drama
46353,comedy
46354,drama
46355,drama
46356,music
46357,short
46358,documentary
46359,drama
46360,comedy
46361,comedy
46362,comedy
46363,drama
46364,drama
46365,comedy
46366,documentary
46367,documentary
46368,documentary
46369,comedy
46370,drama
46371,documentary
46372,documentary
46373,documentary
46374,short
46375,horror
46376,comedy
46377,drama
46378,drama
46379,documentary
46380,documentary
46381,drama
46382,drama
46383,comedy
46384,short
46385,thriller
46386,drama
46387,short
46388,drama
46389,reality-tv
46390,drama
46391,sci-fi
46392,drama
46393,horror
46394,short
46395,drama
46396,western
46397,drama
46398,documentary
46399,comedy
46400,documentary
46401,documentary
46402,drama
46403,adventure
46404,comedy
46405,comedy
46406,comedy
46407,horror
46408,documentary
46409,short
46410,documentary
46411,documentary
46412,drama
46413,short
46414,documentary
46415,drama
46416,documentary
46417,action
46418,documentary
46419,drama
46420,documentary
46421,western
46422,documentary
46423,short
46424,drama
46425,romance
46426,documentary
46427,drama
46428,documentary
46429,drama
46430,music
46431,drama
46432,reality-tv
46433,documentary
46434,drama
46435,drama
46436,documentary
46437,sci-fi
46438,game-show
46439,comedy
46440,game-show
46441,documentary
46442,war
46443,documentary
46444,documentary
46445,drama
46446,documentary
46447,comedy
46448,horror
46449,documentary
46450,comedy
46451,documentary
46452,documentary
46453,horror
46454,documentary
46455,short
46456,documentary
46457,comedy
46458,comedy
46459,documentary
46460,documentary
46461,reality-tv
46462,short
46463,documentary
46464,horror
46465,documentary
46466,drama
46467,drama
46468,comedy
46469,drama
46470,drama
46471,documentary
46472,documentary
46473,comedy
46474,comedy
46475,documentary
46476,comedy
46477,documentary
46478,documentary
46479,documentary
46480,drama
46481,documentary
46482,documentary
46483,documentary
46484,documentary
46485,drama
46486,horror
46487,drama
46488,drama
46489,documentary
46490,comedy
46491,drama
46492,reality-tv
46493,action
46494,documentary
46495,documentary
46496,short
46497,documentary
46498,documentary
46499,drama
46500,short
46501,comedy
46502,documentary
46503,drama
46504,comedy
46505,drama
46506,drama
46507,documentary
46508,sport
46509,drama
46510,drama
46511,documentary
46512,drama
46513,documentary
46514,drama
46515,comedy
46516,drama
46517,comedy
46518,documentary
46519,drama
46520,drama
46521,comedy
46522,documentary
46523,drama
46524,drama
46525,drama
46526,drama
46527,drama
46528,horror
46529,documentary
46530,comedy
46531,documentary
46532,documentary
46533,documentary
46534,short
46535,documentary
46536,comedy
46537,music
46538,comedy
46539,short
46540,documentary
46541,comedy
46542,thriller
46543,drama
46544,drama
46545,horror
46546,documentary
46547,drama
46548,drama
46549,drama
46550,drama
46551,drama
46552,documentary
46553,comedy
46554,documentary
46555,drama
46556,comedy
46557,comedy
46558,documentary
46559,drama
46560,documentary
46561,drama
46562,horror
46563,documentary
46564,drama
46565,documentary
46566,drama
46567,drama
46568,drama
46569,drama
46570,western
46571,comedy
46572,documentary
46573,drama
46574,drama
46575,drama
46576,comedy
46577,documentary
46578,comedy
46579,drama
46580,documentary
46581,drama
46582,drama
46583,comedy
46584,documentary
46585,documentary
46586,drama
46587,drama
46588,short
46589,comedy
46590,drama
46591,documentary
46592,documentary
46593,documentary
46594,drama
46595,thriller
46596,documentary
46597,documentary
46598,documentary
46599,drama
46600,documentary
46601,drama
46602,documentary
46603,horror
46604,documentary
46605,documentary
46606,drama
46607,documentary
46608,documentary
46609,documentary
46610,talk-show
46611,western
46612,sport
46613,drama
46614,drama
46615,comedy
46616,documentary
46617,drama
46618,documentary
46619,drama
46620,family
46621,comedy
46622,drama
46623,short
46624,drama
46625,drama
46626,sport
46627,horror
46628,drama
46629,drama
46630,horror
46631,comedy
46632,drama
46633,documentary
46634,documentary
46635,documentary
46636,comedy
46637,documentary
46638,documentary
46639,horror
46640,documentary
46641,documentary
46642,documentary
46643,drama
46644,documentary
46645,short
46646,documentary
46647,drama
46648,documentary
46649,short
46650,drama
46651,documentary
46652,horror
46653,drama
46654,drama
46655,drama
46656,reality-tv
46657,drama
46658,drama
46659,comedy
46660,drama
46661,documentary
46662,documentary
46663,drama
46664,documentary
46665,drama
46666,documentary
46667,documentary
46668,comedy
46669,documentary
46670,short
46671,documentary
46672,comedy
46673,horror
46674,drama
46675,drama
46676,documentary
46677,documentary
46678,documentary
46679,documentary
46680,documentary
46681,drama
46682,documentary
46683,documentary
46684,short
46685,documentary
46686,documentary
46687,drama
46688,horror
46689,documentary
46690,documentary
46691,comedy
46692,documentary
46693,comedy
46694,drama
46695,documentary
46696,comedy
46697,drama
46698,documentary
46699,drama
46700,drama
46701,documentary
46702,short
46703,western
46704,reality-tv
46705,documentary
46706,short
46707,documentary
46708,documentary
46709,documentary
46710,comedy
46711,documentary
46712,comedy
46713,drama
46714,drama
46715,comedy
46716,sci-fi
46717,drama
46718,drama
46719,drama
46720,drama
46721,drama
46722,comedy
46723,adventure
46724,comedy
46725,action
46726,documentary
46727,drama
46728,comedy
46729,drama
46730,documentary
46731,drama
46732,documentary
46733,short
46734,drama
46735,documentary
46736,drama
46737,drama
46738,documentary
46739,drama
46740,drama
46741,game-show
46742,drama
46743,drama
46744,comedy
46745,documentary
46746,documentary
46747,drama
46748,animation
46749,short
46750,documentary
46751,drama
46752,documentary
46753,drama
46754,drama
46755,documentary
46756,comedy
46757,drama
46758,drama
46759,drama
46760,drama
46761,drama
46762,western
46763,short
46764,drama
46765,documentary
46766,action
46767,action
46768,drama
46769,documentary
46770,music
46771,documentary
46772,drama
46773,action
46774,horror
46775,documentary
46776,drama
46777,documentary
46778,documentary
46779,drama
46780,horror
46781,drama
46782,documentary
46783,comedy
46784,short
46785,documentary
46786,horror
46787,documentary
46788,documentary
46789,documentary
46790,short
46791,documentary
46792,drama
46793,thriller
46794,comedy
46795,drama
46796,drama
46797,thriller
46798,documentary
46799,drama
46800,drama
46801,drama
46802,drama
46803,documentary
46804,western
46805,documentary
46806,drama
46807,documentary
46808,comedy
46809,documentary
46810,drama
46811,documentary
46812,comedy
46813,documentary
46814,documentary
46815,documentary
46816,documentary
46817,drama
46818,documentary
46819,talk-show
46820,comedy
46821,drama
46822,drama
46823,drama
46824,comedy
46825,documentary
46826,short
46827,drama
46828,comedy
46829,documentary
46830,drama
46831,drama
46832,comedy
46833,short
46834,drama
46835,comedy
46836,drama
46837,documentary
46838,short
46839,comedy
46840,drama
46841,documentary
46842,drama
46843,drama
46844,drama
46845,western
46846,adventure
46847,short
46848,drama
46849,drama
46850,documentary
46851,horror
46852,documentary
46853,adventure
46854,drama
46855,drama
46856,short
46857,drama
46858,family
46859,drama
46860,horror
46861,drama
46862,documentary
46863,documentary
46864,documentary
46865,drama
46866,drama
46867,documentary
46868,drama
46869,short
46870,comedy
46871,sci-fi
46872,documentary
46873,comedy
46874,drama
46875,comedy
46876,comedy
46877,documentary
46878,comedy
46879,drama
46880,documentary
46881,documentary
46882,documentary
46883,comedy
46884,horror
46885,drama
46886,drama
46887,comedy
46888,drama
46889,documentary
46890,drama
46891,drama
46892,short
46893,documentary
46894,drama
46895,comedy
46896,documentary
46897,drama
46898,drama
46899,drama
46900,comedy
46901,documentary
46902,western
46903,documentary
46904,drama
46905,western
46906,documentary
46907,drama
46908,documentary
46909,reality-tv
46910,drama
46911,horror
46912,comedy
46913,comedy
46914,adventure
46915,documentary
46916,drama
46917,documentary
46918,western
46919,action
46920,drama
46921,news
46922,drama
46923,comedy
46924,reality-tv
46925,documentary
46926,comedy
46927,drama
46928,comedy
46929,drama
46930,comedy
46931,short
46932,comedy
46933,reality-tv
46934,comedy
46935,documentary
46936,documentary
46937,documentary
46938,documentary
46939,short
46940,documentary
46941,drama
46942,documentary
46943,documentary
46944,drama
46945,adult
46946,documentary
46947,documentary
46948,documentary
46949,drama
46950,comedy
46951,drama
46952,drama
46953,comedy
46954,drama
46955,documentary
46956,documentary
46957,documentary
46958,documentary
46959,drama
46960,documentary
46961,drama
46962,horror
46963,comedy
46964,drama
46965,drama
46966,drama
46967,drama
46968,comedy
46969,comedy
46970,drama
46971,documentary
46972,documentary
46973,sport
46974,drama
46975,documentary
46976,documentary
46977,drama
46978,comedy
46979,drama
46980,drama
46981,comedy
46982,horror
46983,sport
46984,comedy
46985,comedy
46986,documentary
46987,drama
46988,comedy
46989,documentary
46990,horror
46991,comedy
46992,comedy
46993,documentary
46994,drama
46995,drama
46996,documentary
46997,comedy
46998,short
46999,documentary
47000,documentary
47001,documentary
47002,documentary
47003,reality-tv
47004,adventure
47005,drama
47006,documentary
47007,documentary
47008,drama
47009,documentary
47010,documentary
47011,documentary
47012,documentary
47013,drama
47014,adult
47015,drama
47016,drama
47017,drama
47018,comedy
47019,comedy
47020,short
47021,comedy
47022,documentary
47023,short
47024,short
47025,documentary
47026,drama
47027,drama
47028,action
47029,documentary
47030,sci-fi
47031,documentary
47032,short
47033,action
47034,comedy
47035,documentary
47036,drama
47037,drama
47038,drama
47039,drama
47040,western
47041,documentary
47042,drama
47043,drama
47044,documentary
47045,drama
47046,drama
47047,drama
47048,western
47049,drama
47050,short
47051,drama
47052,drama
47053,drama
47054,short
47055,short
47056,documentary
47057,drama
47058,drama
47059,drama
47060,adult
47061,documentary
47062,drama
47063,drama
47064,documentary
47065,drama
47066,drama
47067,horror
47068,action
47069,documentary
47070,comedy
47071,short
47072,documentary
47073,documentary
47074,short
47075,comedy
47076,drama
47077,documentary
47078,drama
47079,comedy
47080,drama
47081,thriller
47082,drama
47083,action
47084,drama
47085,drama
47086,short
47087,drama
47088,drama
47089,drama
47090,documentary
47091,documentary
47092,comedy
47093,drama
47094,documentary
47095,comedy
47096,documentary
47097,drama
47098,drama
47099,horror
47100,documentary
47101,short
47102,comedy
47103,drama
47104,action
47105,drama
47106,horror
47107,western
47108,comedy
47109,drama
47110,drama
47111,documentary
47112,horror
47113,comedy
47114,drama
47115,documentary
47116,drama
47117,drama
47118,documentary
47119,drama
47120,short
47121,horror
47122,adult
47123,documentary
47124,documentary
47125,drama
47126,drama
47127,horror
47128,drama
47129,reality-tv
47130,documentary
47131,documentary
47132,drama
47133,short
47134,documentary
47135,drama
47136,documentary
47137,comedy
47138,short
47139,documentary
47140,horror
47141,musical
47142,short
47143,drama
47144,adventure
47145,documentary
47146,comedy
47147,comedy
47148,drama
47149,drama
47150,drama
47151,reality-tv
47152,drama
47153,documentary
47154,documentary
47155,drama
47156,thriller
47157,documentary
47158,documentary
47159,documentary
47160,reality-tv
47161,horror
47162,drama
47163,drama
47164,documentary
47165,comedy
47166,musical
47167,mystery
47168,horror
47169,documentary
47170,documentary
47171,drama
47172,short
47173,sport
47174,reality-tv
47175,horror
47176,drama
47177,documentary
47178,documentary
47179,drama
47180,comedy
47181,drama
47182,documentary
47183,documentary
47184,documentary
47185,comedy
47186,short
47187,documentary
47188,documentary
47189,documentary
47190,documentary
47191,short
47192,drama
47193,documentary
47194,documentary
47195,documentary
47196,drama
47197,documentary
47198,drama
47199,documentary
47200,drama
47201,comedy
47202,comedy
47203,comedy
47204,documentary
47205,documentary
47206,drama
47207,comedy
47208,drama
47209,comedy
47210,comedy
47211,drama
47212,drama
47213,comedy
47214,drama
47215,drama
47216,short
47217,comedy
47218,drama
47219,drama
47220,reality-tv
47221,music
47222,short
47223,documentary
47224,music
47225,comedy
47226,drama
47227,drama
47228,short
47229,drama
47230,documentary
47231,short
47232,action
47233,drama
47234,drama
47235,documentary
47236,documentary
47237,documentary
47238,western
47239,documentary
47240,comedy
47241,documentary
47242,short
47243,short
47244,documentary
47245,documentary
47246,drama
47247,short
47248,drama
47249,comedy
47250,action
47251,drama
47252,documentary
47253,comedy
47254,comedy
47255,documentary
47256,documentary
47257,comedy
47258,comedy
47259,drama
47260,drama
47261,drama
47262,documentary
47263,drama
47264,drama
47265,comedy
47266,drama
47267,drama
47268,documentary
47269,action
47270,comedy
47271,drama
47272,drama
47273,drama
47274,horror
47275,drama
47276,comedy
47277,action
47278,drama
47279,drama
47280,short
47281,documentary
47282,documentary
47283,horror
47284,reality-tv
47285,western
47286,documentary
47287,drama
47288,reality-tv
47289,documentary
47290,documentary
47291,horror
47292,drama
47293,documentary
47294,drama
47295,drama
47296,horror
47297,documentary
47298,drama
47299,reality-tv
47300,documentary
47301,drama
47302,short
47303,documentary
47304,drama
47305,drama
47306,short
47307,drama
47308,comedy
47309,adult
47310,documentary
47311,comedy
47312,short
47313,documentary
47314,horror
47315,documentary
47316,drama
47317,drama
47318,drama
47319,drama
47320,romance
47321,adventure
47322,short
47323,short
47324,thriller
47325,documentary
47326,documentary
47327,documentary
47328,documentary
47329,drama
47330,comedy
47331,short
47332,horror
47333,documentary
47334,comedy
47335,short
47336,drama
47337,documentary
47338,documentary
47339,drama
47340,drama
47341,drama
47342,documentary
47343,comedy
47344,documentary
47345,comedy
47346,drama
47347,drama
47348,drama
47349,documentary
47350,adventure
47351,drama
47352,comedy
47353,comedy
47354,short
47355,short
47356,documentary
47357,drama
47358,documentary
47359,documentary
47360,drama
47361,comedy
47362,documentary
47363,drama
47364,short
47365,drama
47366,game-show
47367,short
47368,horror
47369,documentary
47370,documentary
47371,drama
47372,drama
47373,drama
47374,comedy
47375,drama
47376,documentary
47377,documentary
47378,drama
47379,drama
47380,drama
47381,documentary
47382,romance
47383,drama
47384,comedy
47385,drama
47386,documentary
47387,documentary
47388,short
47389,short
47390,drama
47391,documentary
47392,horror
47393,drama
47394,short
47395,drama
47396,action
47397,documentary
47398,documentary
47399,drama
47400,documentary
47401,drama
47402,drama
47403,music
47404,drama
47405,drama
47406,documentary
47407,drama
47408,drama
47409,documentary
47410,music
47411,documentary
47412,documentary
47413,drama
47414,documentary
47415,documentary
47416,drama
47417,documentary
47418,documentary
47419,drama
47420,reality-tv
47421,drama
47422,drama
47423,documentary
47424,documentary
47425,documentary
47426,short
47427,drama
47428,drama
47429,documentary
47430,thriller
47431,reality-tv
47432,sci-fi
47433,documentary
47434,documentary
47435,drama
47436,action
47437,documentary
47438,drama
47439,documentary
47440,comedy
47441,documentary
47442,drama
47443,documentary
47444,comedy
47445,documentary
47446,drama
47447,comedy
47448,drama
47449,drama
47450,drama
47451,documentary
47452,short
47453,drama
47454,comedy
47455,documentary
47456,documentary
47457,thriller
47458,documentary
47459,short
47460,action
47461,drama
47462,drama
47463,western
47464,horror
47465,comedy
47466,documentary
47467,documentary
47468,drama
47469,documentary
47470,drama
47471,drama
47472,adult
47473,drama
47474,horror
47475,drama
47476,drama
47477,western
47478,documentary
47479,action
47480,documentary
47481,horror
47482,western
47483,documentary
47484,documentary
47485,drama
47486,comedy
47487,horror
47488,drama
47489,comedy
47490,music
47491,drama
47492,drama
47493,drama
47494,drama
47495,drama
47496,documentary
47497,drama
47498,drama
47499,documentary
47500,documentary
47501,drama
47502,documentary
47503,drama
47504,drama
47505,drama
47506,drama
47507,drama
47508,short
47509,drama
47510,documentary
47511,drama
47512,drama
47513,short
47514,drama
47515,drama
47516,documentary
47517,drama
47518,drama
47519,comedy
47520,documentary
47521,drama
47522,comedy
47523,drama
47524,horror
47525,documentary
47526,action
47527,drama
47528,documentary
47529,comedy
47530,comedy
47531,documentary
47532,short
47533,horror
47534,comedy
47535,comedy
47536,documentary
47537,western
47538,short
47539,comedy
47540,documentary
47541,sci-fi
47542,drama
47543,documentary
47544,comedy
47545,documentary
47546,drama
47547,comedy
47548,drama
47549,drama
47550,drama
47551,drama
47552,thriller
47553,drama
47554,documentary
47555,documentary
47556,drama
47557,comedy
47558,documentary
47559,documentary
47560,comedy
47561,action
47562,comedy
47563,comedy
47564,drama
47565,short
47566,drama
47567,action
47568,comedy
47569,drama
47570,documentary
47571,adventure
47572,music
47573,documentary
47574,documentary
47575,documentary
47576,drama
47577,drama
47578,documentary
47579,comedy
47580,documentary
47581,documentary
47582,drama
47583,drama
47584,documentary
47585,documentary
47586,drama
47587,short
47588,documentary
47589,comedy
47590,drama
47591,adventure
47592,reality-tv
47593,horror
47594,documentary
47595,drama
47596,documentary
47597,documentary
47598,comedy
47599,drama
47600,comedy
47601,documentary
47602,documentary
47603,drama
47604,documentary
47605,drama
47606,documentary
47607,drama
47608,horror
47609,documentary
47610,documentary
47611,drama
47612,documentary
47613,comedy
47614,documentary
47615,comedy
47616,documentary
47617,drama
47618,drama
47619,comedy
47620,documentary
47621,documentary
47622,documentary
47623,action
47624,drama
47625,documentary
47626,documentary
47627,action
47628,documentary
47629,comedy
47630,documentary
47631,comedy
47632,drama
47633,documentary
47634,documentary
47635,comedy
47636,documentary
47637,drama
47638,documentary
47639,drama
47640,documentary
47641,drama
47642,documentary
47643,reality-tv
47644,drama
47645,documentary
47646,short
47647,short
47648,drama
47649,comedy
47650,drama
47651,thriller
47652,comedy
47653,documentary
47654,short
47655,drama
47656,action
47657,comedy
47658,drama
47659,documentary
47660,horror
47661,documentary
47662,comedy
47663,drama
47664,music
47665,drama
47666,drama
47667,documentary
47668,drama
47669,drama
47670,documentary
47671,drama
47672,drama
47673,documentary
47674,comedy
47675,documentary
47676,documentary
47677,comedy
47678,drama
47679,documentary
47680,drama
47681,comedy
47682,sport
47683,documentary
47684,comedy
47685,comedy
47686,documentary
47687,drama
47688,short
47689,drama
47690,drama
47691,drama
47692,documentary
47693,adult
47694,drama
47695,comedy
47696,documentary
47697,documentary
47698,short
47699,short
47700,drama
47701,comedy
47702,comedy
47703,documentary
47704,drama
47705,short
47706,comedy
47707,western
47708,drama
47709,drama
47710,documentary
47711,drama
47712,comedy
47713,comedy
47714,comedy
47715,adventure
47716,comedy
47717,comedy
47718,short
47719,documentary
47720,documentary
47721,documentary
47722,drama
47723,comedy
47724,documentary
47725,documentary
47726,drama
47727,documentary
47728,drama
47729,drama
47730,documentary
47731,short
47732,documentary
47733,short
47734,comedy
47735,drama
47736,drama
47737,documentary
47738,comedy
47739,drama
47740,thriller
47741,comedy
47742,horror
47743,comedy
47744,documentary
47745,documentary
47746,drama
47747,documentary
47748,drama
47749,music
47750,comedy
47751,drama
47752,horror
47753,drama
47754,comedy
47755,action
47756,comedy
47757,documentary
47758,documentary
47759,short
47760,documentary
47761,documentary
47762,comedy
47763,drama
47764,comedy
47765,documentary
47766,comedy
47767,horror
47768,drama
47769,action
47770,musical
47771,drama
47772,comedy
47773,comedy
47774,music
47775,western
47776,documentary
47777,documentary
47778,documentary
47779,thriller
47780,documentary
47781,comedy
47782,drama
47783,documentary
47784,documentary
47785,drama
47786,western
47787,short
47788,comedy
47789,comedy
47790,documentary
47791,drama
47792,drama
47793,documentary
47794,comedy
47795,comedy
47796,documentary
47797,comedy
47798,short
47799,drama
47800,horror
47801,documentary
47802,drama
47803,documentary
47804,documentary
47805,reality-tv
47806,drama
47807,documentary
47808,drama
47809,documentary
47810,thriller
47811,documentary
47812,comedy
47813,short
47814,short
47815,drama
47816,drama
47817,drama
47818,drama
47819,short
47820,drama
47821,drama
47822,drama
47823,sci-fi
47824,drama
47825,family
47826,drama
47827,drama
47828,documentary
47829,documentary
47830,drama
47831,music
47832,drama
47833,documentary
47834,documentary
47835,drama
47836,western
47837,documentary
47838,drama
47839,drama
47840,drama
47841,drama
47842,drama
47843,drama
47844,drama
47845,documentary
47846,drama
47847,action
47848,drama
47849,drama
47850,comedy
47851,music
47852,comedy
47853,horror
47854,drama
47855,drama
47856,drama
47857,documentary
47858,drama
47859,documentary
47860,comedy
47861,comedy
47862,documentary
47863,drama
47864,comedy
47865,comedy
47866,comedy
47867,drama
47868,documentary
47869,drama
47870,fantasy
47871,horror
47872,documentary
47873,drama
47874,reality-tv
47875,drama
47876,comedy
47877,drama
47878,documentary
47879,sci-fi
47880,documentary
47881,drama
47882,short
47883,comedy
47884,action
47885,documentary
47886,horror
47887,drama
47888,drama
47889,horror
47890,drama
47891,documentary
47892,documentary
47893,drama
47894,drama
47895,comedy
47896,drama
47897,drama
47898,drama
47899,thriller
47900,comedy
47901,documentary
47902,animation
47903,drama
47904,documentary
47905,drama
47906,drama
47907,short
47908,drama
47909,sport
47910,drama
47911,short
47912,comedy
47913,drama
47914,comedy
47915,comedy
47916,documentary
47917,comedy
47918,comedy
47919,adventure
47920,short
47921,drama
47922,documentary
47923,drama
47924,drama
47925,drama
47926,drama
47927,thriller
47928,drama
47929,drama
47930,western
47931,action
47932,drama
47933,documentary
47934,drama
47935,drama
47936,short
47937,documentary
47938,documentary
47939,drama
47940,documentary
47941,documentary
47942,documentary
47943,comedy
47944,thriller
47945,drama
47946,drama
47947,comedy
47948,drama
47949,documentary
47950,comedy
47951,drama
47952,comedy
47953,comedy
47954,documentary
47955,short
47956,sci-fi
47957,action
47958,documentary
47959,documentary
47960,short
47961,documentary
47962,thriller
47963,drama
47964,drama
47965,reality-tv
47966,documentary
47967,drama
47968,drama
47969,comedy
47970,drama
47971,drama
47972,documentary
47973,drama
47974,drama
47975,documentary
47976,documentary
47977,documentary
47978,drama
47979,documentary
47980,comedy
47981,comedy
47982,documentary
47983,documentary
47984,comedy
47985,drama
47986,comedy
47987,documentary
47988,drama
47989,drama
47990,drama
47991,thriller
47992,drama
47993,documentary
47994,comedy
47995,western
47996,documentary
47997,drama
47998,documentary
47999,drama
48000,documentary
48001,documentary
48002,documentary
48003,drama
48004,drama
48005,short
48006,short
48007,drama
48008,drama
48009,comedy
48010,drama
48011,documentary
48012,documentary
48013,documentary
48014,drama
48015,documentary
48016,drama
48017,short
48018,drama
48019,documentary
48020,comedy
48021,drama
48022,sci-fi
48023,comedy
48024,drama
48025,documentary
48026,drama
48027,documentary
48028,comedy
48029,drama
48030,comedy
48031,documentary
48032,animation
48033,documentary
48034,documentary
48035,comedy
48036,documentary
48037,documentary
48038,documentary
48039,drama
48040,documentary
48041,documentary
48042,drama
48043,documentary
48044,drama
48045,comedy
48046,horror
48047,documentary
48048,drama
48049,comedy
48050,drama
48051,comedy
48052,short
48053,drama
48054,family
48055,drama
48056,drama
48057,western
48058,game-show
48059,action
48060,comedy
48061,documentary
48062,drama
48063,comedy
48064,documentary
48065,short
48066,animation
48067,sci-fi
48068,horror
48069,sci-fi
48070,documentary
48071,documentary
48072,documentary
48073,documentary
48074,reality-tv
48075,documentary
48076,drama
48077,drama
48078,documentary
48079,horror
48080,horror
48081,reality-tv
48082,drama
48083,comedy
48084,western
48085,drama
48086,short
48087,documentary
48088,documentary
48089,music
48090,short
48091,documentary
48092,horror
48093,documentary
48094,documentary
48095,documentary
48096,documentary
48097,comedy
48098,documentary
48099,documentary
48100,horror
48101,drama
48102,comedy
48103,news
48104,documentary
48105,documentary
48106,documentary
48107,comedy
48108,comedy
48109,drama
48110,documentary
48111,documentary
48112,drama
48113,drama
48114,adventure
48115,documentary
48116,comedy
48117,drama
48118,documentary
48119,drama
48120,drama
48121,documentary
48122,comedy
48123,drama
48124,drama
48125,drama
48126,drama
48127,game-show
48128,drama
48129,comedy
48130,drama
48131,sci-fi
48132,comedy
48133,comedy
48134,horror
48135,drama
48136,drama
48137,drama
48138,documentary
48139,drama
48140,documentary
48141,documentary
48142,drama
48143,drama
48144,drama
48145,comedy
48146,drama
48147,documentary
48148,drama
48149,drama
48150,documentary
48151,drama
48152,drama
48153,drama
48154,comedy
48155,drama
48156,drama
48157,adult
48158,reality-tv
48159,mystery
48160,documentary
48161,drama
48162,drama
48163,drama
48164,drama
48165,documentary
48166,comedy
48167,western
48168,drama
48169,drama
48170,drama
48171,comedy
48172,documentary
48173,drama
48174,horror
48175,music
48176,drama
48177,drama
48178,documentary
48179,short
48180,documentary
48181,drama
48182,documentary
48183,drama
48184,comedy
48185,documentary
48186,comedy
48187,comedy
48188,drama
48189,documentary
48190,comedy
48191,short
48192,documentary
48193,documentary
48194,documentary
48195,comedy
48196,documentary
48197,documentary
48198,documentary
48199,action
48200,drama
48201,comedy
48202,drama
48203,documentary
48204,documentary
48205,drama
48206,drama
48207,documentary
48208,horror
48209,drama
48210,documentary
48211,documentary
48212,short
48213,drama
48214,documentary
48215,short
48216,documentary
48217,drama
48218,drama
48219,documentary
48220,documentary
48221,drama
48222,reality-tv
48223,horror
48224,drama
48225,thriller
48226,drama
48227,documentary
48228,thriller
48229,comedy
48230,horror
48231,drama
48232,documentary
48233,horror
48234,documentary
48235,documentary
48236,comedy
48237,drama
48238,western
48239,documentary
48240,documentary
48241,documentary
48242,documentary
48243,short
48244,documentary
48245,documentary
48246,comedy
48247,documentary
48248,comedy
48249,comedy
48250,documentary
48251,comedy
48252,comedy
48253,drama
48254,thriller
48255,comedy
48256,drama
48257,drama
48258,documentary
48259,short
48260,horror
48261,horror
48262,documentary
48263,drama
48264,drama
48265,horror
48266,comedy
48267,comedy
48268,documentary
48269,drama
48270,drama
48271,documentary
48272,comedy
48273,documentary
48274,drama
48275,drama
48276,drama
48277,documentary
48278,documentary
48279,comedy
48280,sport
48281,drama
48282,documentary
48283,sport
48284,documentary
48285,short
48286,drama
48287,drama
48288,short
48289,documentary
48290,comedy
48291,drama
48292,drama
48293,comedy
48294,drama
48295,drama
48296,drama
48297,documentary
48298,documentary
48299,horror
48300,drama
48301,documentary
48302,comedy
48303,documentary
48304,comedy
48305,documentary
48306,music
48307,short
48308,documentary
48309,comedy
48310,documentary
48311,documentary
48312,drama
48313,drama
48314,comedy
48315,documentary
48316,action
48317,drama
48318,drama
48319,drama
48320,documentary
48321,comedy
48322,comedy
48323,drama
48324,drama
48325,drama
48326,music
48327,documentary
48328,documentary
48329,drama
48330,short
48331,western
48332,short
48333,short
48334,horror
48335,drama
48336,drama
48337,drama
48338,drama
48339,documentary
48340,short
48341,comedy
48342,western
48343,comedy
48344,documentary
48345,comedy
48346,documentary
48347,drama
48348,music
48349,drama
48350,documentary
48351,drama
48352,documentary
48353,documentary
48354,drama
48355,drama
48356,action
48357,horror
48358,comedy
48359,documentary
48360,documentary
48361,documentary
48362,documentary
48363,comedy
48364,family
48365,documentary
48366,drama
48367,comedy
48368,drama
48369,drama
48370,comedy
48371,drama
48372,drama
48373,documentary
48374,comedy
48375,documentary
48376,short
48377,documentary
48378,drama
48379,sci-fi
48380,documentary
48381,drama
48382,western
48383,drama
48384,documentary
48385,action
48386,documentary
48387,documentary
48388,drama
48389,documentary
48390,drama
48391,drama
48392,drama
48393,drama
48394,thriller
48395,drama
48396,action
48397,drama
48398,documentary
48399,mystery
48400,short
48401,documentary
48402,drama
48403,documentary
48404,comedy
48405,drama
48406,western
48407,reality-tv
48408,comedy
48409,drama
48410,documentary
48411,documentary
48412,documentary
48413,documentary
48414,sci-fi
48415,horror
48416,thriller
48417,drama
48418,drama
48419,drama
48420,short
48421,comedy
48422,documentary
48423,documentary
48424,drama
48425,drama
48426,documentary
48427,horror
48428,documentary
48429,drama
48430,drama
48431,drama
48432,documentary
48433,documentary
48434,comedy
48435,drama
48436,drama
48437,drama
48438,comedy
48439,western
48440,drama
48441,drama
48442,documentary
48443,comedy
48444,drama
48445,sport
48446,family
48447,comedy
48448,horror
48449,documentary
48450,western
48451,documentary
48452,short
48453,short
48454,drama
48455,comedy
48456,drama
48457,documentary
48458,sci-fi
48459,drama
48460,documentary
48461,action
48462,documentary
48463,action
48464,drama
48465,drama
48466,talk-show
48467,drama
48468,drama
48469,drama
48470,documentary
48471,drama
48472,drama
48473,documentary
48474,documentary
48475,documentary
48476,drama
48477,short
48478,sci-fi
48479,comedy
48480,adult
48481,drama
48482,comedy
48483,drama
48484,comedy
48485,drama
48486,drama
48487,documentary
48488,drama
48489,action
48490,documentary
48491,drama
48492,drama
48493,short
48494,drama
48495,drama
48496,documentary
48497,drama
48498,comedy
48499,action
48500,documentary
48501,animation
48502,drama
48503,drama
48504,drama
48505,comedy
48506,drama
48507,thriller
48508,drama
48509,comedy
48510,drama
48511,documentary
48512,comedy
48513,documentary
48514,comedy
48515,drama
48516,drama
48517,drama
48518,game-show
48519,documentary
48520,documentary
48521,documentary
48522,documentary
48523,documentary
48524,documentary
48525,drama
48526,documentary
48527,comedy
48528,comedy
48529,drama
48530,drama
48531,drama
48532,comedy
48533,comedy
48534,drama
48535,comedy
48536,thriller
48537,documentary
48538,documentary
48539,western
48540,documentary
48541,drama
48542,comedy
48543,documentary
48544,drama
48545,short
48546,documentary
48547,drama
48548,comedy
48549,drama
48550,documentary
48551,comedy
48552,drama
48553,horror
48554,documentary
48555,documentary
48556,drama
48557,drama
48558,documentary
48559,drama
48560,comedy
48561,comedy
48562,documentary
48563,comedy
48564,documentary
48565,documentary
48566,sci-fi
48567,drama
48568,comedy
48569,documentary
48570,documentary
48571,drama
48572,documentary
48573,documentary
48574,short
48575,documentary
48576,drama
48577,drama
48578,comedy
48579,documentary
48580,drama
48581,horror
48582,drama
48583,documentary
48584,documentary
48585,documentary
48586,documentary
48587,documentary
48588,documentary
48589,drama
48590,documentary
48591,short
48592,drama
48593,drama
48594,comedy
48595,adult
48596,comedy
48597,comedy
48598,drama
48599,drama
48600,drama
48601,news
48602,documentary
48603,reality-tv
48604,comedy
48605,drama
48606,drama
48607,drama
48608,short
48609,documentary
48610,drama
48611,documentary
48612,drama
48613,comedy
48614,comedy
48615,documentary
48616,documentary
48617,comedy
48618,documentary
48619,drama
48620,horror
48621,drama
48622,comedy
48623,documentary
48624,horror
48625,drama
48626,documentary
48627,drama
48628,drama
48629,documentary
48630,drama
48631,comedy
48632,drama
48633,comedy
48634,documentary
48635,documentary
48636,short
48637,fantasy
48638,comedy
48639,documentary
48640,family
48641,drama
48642,documentary
48643,documentary
48644,documentary
48645,drama
48646,comedy
48647,comedy
48648,documentary
48649,drama
48650,documentary
48651,drama
48652,short
48653,documentary
48654,drama
48655,sport
48656,music
48657,comedy
48658,comedy
48659,western
48660,talk-show
48661,horror
48662,comedy
48663,drama
48664,documentary
48665,horror
48666,drama
48667,sport
48668,drama
48669,drama
48670,documentary
48671,short
48672,horror
48673,comedy
48674,horror
48675,drama
48676,drama
48677,drama
48678,documentary
48679,drama
48680,drama
48681,short
48682,documentary
48683,drama
48684,comedy
48685,comedy
48686,thriller
48687,documentary
48688,documentary
48689,comedy
48690,documentary
48691,documentary
48692,documentary
48693,comedy
48694,documentary
48695,documentary
48696,documentary
48697,short
48698,horror
48699,drama
48700,drama
48701,action
48702,drama
48703,short
48704,drama
48705,comedy
48706,drama
48707,drama
48708,documentary
48709,short
48710,drama
48711,comedy
48712,comedy
48713,documentary
48714,horror
48715,documentary
48716,comedy
48717,comedy
48718,drama
48719,drama
48720,short
48721,thriller
48722,documentary
48723,drama
48724,horror
48725,comedy
48726,documentary
48727,documentary
48728,drama
48729,short
48730,reality-tv
48731,comedy
48732,documentary
48733,comedy
48734,documentary
48735,drama
48736,drama
48737,comedy
48738,drama
48739,drama
48740,short
48741,drama
48742,comedy
48743,documentary
48744,drama
48745,documentary
48746,thriller
48747,comedy
48748,documentary
48749,documentary
48750,documentary
48751,documentary
48752,comedy
48753,drama
48754,music
48755,documentary
48756,drama
48757,documentary
48758,documentary
48759,drama
48760,family
48761,documentary
48762,drama
48763,drama
48764,drama
48765,drama
48766,drama
48767,short
48768,western
48769,drama
48770,drama
48771,documentary
48772,drama
48773,family
48774,comedy
48775,short
48776,drama
48777,drama
48778,documentary
48779,documentary
48780,documentary
48781,documentary
48782,drama
48783,comedy
48784,comedy
48785,drama
48786,documentary
48787,documentary
48788,documentary
48789,documentary
48790,sci-fi
48791,comedy
48792,drama
48793,horror
48794,drama
48795,documentary
48796,drama
48797,drama
48798,drama
48799,documentary
48800,comedy
48801,documentary
48802,drama
48803,comedy
48804,horror
48805,comedy
48806,documentary
48807,documentary
48808,action
48809,drama
48810,short
48811,music
48812,drama
48813,documentary
48814,reality-tv
48815,documentary
48816,documentary
48817,drama
48818,comedy
48819,documentary
48820,drama
48821,documentary
48822,short
48823,drama
48824,drama
48825,drama
48826,western
48827,action
48828,drama
48829,comedy
48830,documentary
48831,comedy
48832,thriller
48833,documentary
48834,comedy
48835,comedy
48836,drama
48837,music
48838,documentary
48839,documentary
48840,short
48841,drama
48842,music
48843,documentary
48844,documentary
48845,reality-tv
48846,drama
48847,comedy
48848,comedy
48849,documentary
48850,drama
48851,comedy
48852,comedy
48853,drama
48854,drama
48855,comedy
48856,drama
48857,short
48858,documentary
48859,documentary
48860,documentary
48861,comedy
48862,thriller
48863,reality-tv
48864,drama
48865,short
48866,drama
48867,drama
48868,comedy
48869,comedy
48870,short
48871,drama
48872,drama
48873,documentary
48874,drama
48875,drama
48876,drama
48877,documentary
48878,comedy
48879,thriller
48880,drama
48881,comedy
48882,documentary
48883,documentary
48884,comedy
48885,drama
48886,documentary
48887,documentary
48888,comedy
48889,documentary
48890,documentary
48891,comedy
48892,comedy
48893,drama
48894,drama
48895,drama
48896,documentary
48897,drama
48898,drama
48899,drama
48900,documentary
48901,documentary
48902,drama
48903,drama
48904,action
48905,documentary
48906,western
48907,comedy
48908,drama
48909,short
48910,comedy
48911,drama
48912,documentary
48913,drama
48914,comedy
48915,documentary
48916,comedy
48917,drama
48918,documentary
48919,drama
48920,horror
48921,drama
48922,drama
48923,drama
48924,comedy
48925,drama
48926,drama
48927,thriller
48928,comedy
48929,short
48930,drama
48931,drama
48932,documentary
48933,drama
48934,documentary
48935,drama
48936,drama
48937,short
48938,reality-tv
48939,western
48940,drama
48941,drama
48942,documentary
48943,documentary
48944,short
48945,documentary
48946,comedy
48947,comedy
48948,comedy
48949,drama
48950,documentary
48951,comedy
48952,drama
48953,documentary
48954,horror
48955,drama
48956,drama
48957,documentary
48958,comedy
48959,comedy
48960,drama
48961,documentary
48962,documentary
48963,comedy
48964,drama
48965,comedy
48966,drama
48967,drama
48968,drama
48969,short
48970,documentary
48971,documentary
48972,comedy
48973,comedy
48974,documentary
48975,action
48976,family
48977,short
48978,documentary
48979,drama
48980,family
48981,comedy
48982,comedy
48983,comedy
48984,drama
48985,family
48986,drama
48987,comedy
48988,comedy
48989,drama
48990,drama
48991,drama
48992,drama
48993,comedy
48994,short
48995,documentary
48996,drama
48997,horror
48998,documentary
48999,documentary
49000,documentary
49001,drama
49002,horror
49003,sci-fi
49004,comedy
49005,comedy
49006,drama
49007,drama
49008,documentary
49009,documentary
49010,documentary
49011,documentary
49012,documentary
49013,drama
49014,comedy
49015,documentary
49016,drama
49017,comedy
49018,reality-tv
49019,drama
49020,drama
49021,documentary
49022,documentary
49023,documentary
49024,documentary
49025,comedy
49026,documentary
49027,adult
49028,documentary
49029,drama
49030,documentary
49031,drama
49032,documentary
49033,drama
49034,drama
49035,drama
49036,drama
49037,drama
49038,documentary
49039,documentary
49040,documentary
49041,documentary
49042,short
49043,documentary
49044,drama
49045,comedy
49046,short
49047,documentary
49048,music
49049,documentary
49050,reality-tv
49051,short
49052,drama
49053,drama
49054,documentary
49055,documentary
49056,documentary
49057,comedy
49058,drama
49059,comedy
49060,short
49061,documentary
49062,drama
49063,drama
49064,drama
49065,documentary
49066,drama
49067,short
49068,documentary
49069,comedy
49070,drama
49071,comedy
49072,horror
49073,comedy
49074,short
49075,comedy
49076,short
49077,drama
49078,drama
49079,short
49080,documentary
49081,documentary
49082,horror
49083,drama
49084,drama
49085,drama
49086,documentary
49087,drama
49088,documentary
49089,documentary
49090,documentary
49091,documentary
49092,documentary
49093,documentary
49094,documentary
49095,documentary
49096,drama
49097,drama
49098,documentary
49099,horror
49100,drama
49101,drama
49102,drama
49103,short
49104,documentary
49105,documentary
49106,drama
49107,drama
49108,drama
49109,action
49110,documentary
49111,documentary
49112,documentary
49113,drama
49114,drama
49115,documentary
49116,documentary
49117,western
49118,documentary
49119,drama
49120,documentary
49121,drama
49122,drama
49123,drama
49124,documentary
49125,documentary
49126,documentary
49127,comedy
49128,documentary
49129,drama
49130,western
49131,documentary
49132,documentary
49133,comedy
49134,drama
49135,drama
49136,documentary
49137,western
49138,family
49139,drama
49140,drama
49141,drama
49142,documentary
49143,documentary
49144,documentary
49145,comedy
49146,comedy
49147,comedy
49148,documentary
49149,western
49150,drama
49151,comedy
49152,action
49153,comedy
49154,documentary
49155,drama
49156,comedy
49157,documentary
49158,music
49159,comedy
49160,comedy
49161,short
49162,drama
49163,comedy
49164,drama
49165,short
49166,drama
49167,horror
49168,game-show
49169,drama
49170,documentary
49171,documentary
49172,reality-tv
49173,documentary
49174,short
49175,documentary
49176,comedy
49177,documentary
49178,drama
49179,reality-tv
49180,short
49181,comedy
49182,documentary
49183,documentary
49184,drama
49185,drama
49186,comedy
49187,documentary
49188,documentary
49189,drama
49190,short
49191,comedy
49192,horror
49193,comedy
49194,drama
49195,drama
49196,comedy
49197,comedy
49198,documentary
49199,comedy
49200,music
49201,comedy
49202,sci-fi
49203,documentary
49204,documentary
49205,drama
49206,drama
49207,documentary
49208,documentary
49209,drama
49210,documentary
49211,documentary
49212,documentary
49213,comedy
49214,drama
49215,drama
49216,documentary
49217,drama
49218,adventure
49219,comedy
49220,short
49221,comedy
49222,drama
49223,documentary
49224,documentary
49225,comedy
49226,drama
49227,reality-tv
49228,horror
49229,drama
49230,drama
49231,documentary
49232,drama
49233,drama
49234,drama
49235,documentary
49236,drama
49237,drama
49238,comedy
49239,documentary
49240,short
49241,documentary
49242,documentary
49243,documentary
49244,comedy
49245,drama
49246,drama
49247,thriller
49248,drama
49249,comedy
49250,drama
49251,short
49252,short
49253,drama
49254,drama
49255,drama
49256,documentary
49257,drama
49258,comedy
49259,drama
49260,drama
49261,comedy
49262,drama
49263,comedy
49264,adult
49265,documentary
49266,documentary
49267,sci-fi
49268,action
49269,drama
49270,drama
49271,documentary
49272,documentary
49273,documentary
49274,comedy
49275,documentary
49276,documentary
49277,documentary
49278,drama
49279,drama
49280,documentary
49281,music
49282,crime
49283,comedy
49284,comedy
49285,short
49286,documentary
49287,sport
49288,drama
49289,comedy
49290,documentary
49291,horror
49292,short
49293,documentary
49294,drama
49295,comedy
49296,documentary
49297,action
49298,comedy
49299,drama
49300,documentary
49301,documentary
49302,comedy
49303,drama
49304,short
49305,documentary
49306,comedy
49307,drama
49308,drama
49309,drama
49310,drama
49311,documentary
49312,documentary
49313,comedy
49314,drama
49315,documentary
49316,documentary
49317,documentary
49318,documentary
49319,documentary
49320,comedy
49321,drama
49322,documentary
49323,documentary
49324,documentary
49325,drama
49326,documentary
49327,documentary
49328,comedy
49329,adult
49330,documentary
49331,drama
49332,comedy
49333,documentary
49334,western
49335,drama
49336,horror
49337,drama
49338,comedy
49339,action
49340,drama
49341,documentary
49342,documentary
49343,comedy
49344,drama
49345,documentary
49346,documentary
49347,documentary
49348,romance
49349,documentary
49350,documentary
49351,documentary
49352,drama
49353,drama
49354,drama
49355,horror
49356,drama
49357,documentary
49358,drama
49359,comedy
49360,drama
49361,drama
49362,drama
49363,documentary
49364,short
49365,documentary
49366,drama
49367,action
49368,short
49369,documentary
49370,comedy
49371,documentary
49372,drama
49373,documentary
49374,thriller
49375,comedy
49376,comedy
49377,documentary
49378,documentary
49379,comedy
49380,documentary
49381,drama
49382,comedy
49383,documentary
49384,western
49385,drama
49386,documentary
49387,drama
49388,drama
49389,comedy
49390,comedy
49391,documentary
49392,documentary
49393,sport
49394,drama
49395,drama
49396,drama
49397,documentary
49398,comedy
49399,animation
49400,western
49401,documentary
49402,comedy
49403,documentary
49404,drama
49405,documentary
49406,drama
49407,drama
49408,comedy
49409,western
49410,thriller
49411,documentary
49412,drama
49413,comedy
49414,drama
49415,drama
49416,family
49417,comedy
49418,drama
49419,documentary
49420,comedy
49421,game-show
49422,western
49423,documentary
49424,family
49425,reality-tv
49426,comedy
49427,documentary
49428,comedy
49429,documentary
49430,documentary
49431,documentary
49432,comedy
49433,documentary
49434,drama
49435,horror
49436,documentary
49437,horror
49438,short
49439,comedy
49440,documentary
49441,horror
49442,drama
49443,documentary
49444,drama
49445,documentary
49446,documentary
49447,short
49448,western
49449,short
49450,drama
49451,drama
49452,short
49453,documentary
49454,documentary
49455,horror
49456,comedy
49457,talk-show
49458,action
49459,drama
49460,documentary
49461,drama
49462,comedy
49463,documentary
49464,documentary
49465,comedy
49466,sci-fi
49467,short
49468,documentary
49469,documentary
49470,documentary
49471,drama
49472,short
49473,short
49474,western
49475,short
49476,comedy
49477,drama
49478,comedy
49479,horror
49480,action
49481,comedy
49482,documentary
49483,drama
49484,drama
49485,comedy
49486,comedy
49487,drama
49488,documentary
49489,comedy
49490,documentary
49491,documentary
49492,drama
49493,horror
49494,drama
49495,drama
49496,drama
49497,drama
49498,comedy
49499,drama
49500,comedy
49501,comedy
49502,sci-fi
49503,sci-fi
49504,game-show
49505,drama
49506,documentary
49507,drama
49508,drama
49509,short
49510,drama
49511,short
49512,adult
49513,documentary
49514,drama
49515,comedy
49516,short
49517,documentary
49518,comedy
49519,drama
49520,comedy
49521,comedy
49522,drama
49523,drama
49524,drama
49525,documentary
49526,drama
49527,drama
49528,drama
49529,comedy
49530,documentary
49531,family
49532,documentary
49533,documentary
49534,documentary
49535,short
49536,documentary
49537,comedy
49538,western
49539,comedy
49540,comedy
49541,adventure
49542,comedy
49543,drama
49544,sport
49545,documentary
49546,western
49547,horror
49548,documentary
49549,comedy
49550,comedy
49551,documentary
49552,musical
49553,drama
49554,comedy
49555,drama
49556,drama
49557,documentary
49558,thriller
49559,documentary
49560,thriller
49561,documentary
49562,drama
49563,action
49564,drama
49565,documentary
49566,drama
49567,horror
49568,documentary
49569,drama
49570,comedy
49571,drama
49572,drama
49573,drama
49574,drama
49575,thriller
49576,comedy
49577,documentary
49578,drama
49579,thriller
49580,comedy
49581,drama
49582,music
49583,music
49584,drama
49585,western
49586,documentary
49587,drama
49588,documentary
49589,documentary
49590,drama
49591,documentary
49592,drama
49593,documentary
49594,short
49595,comedy
49596,documentary
49597,documentary
49598,drama
49599,documentary
49600,comedy
49601,short
49602,drama
49603,horror
49604,drama
49605,horror
49606,adventure
49607,drama
49608,short
49609,western
49610,documentary
49611,documentary
49612,drama
49613,documentary
49614,short
49615,documentary
49616,documentary
49617,documentary
49618,documentary
49619,comedy
49620,thriller
49621,documentary
49622,drama
49623,drama
49624,drama
49625,short
49626,comedy
49627,documentary
49628,documentary
49629,documentary
49630,drama
49631,documentary
49632,comedy
49633,documentary
49634,documentary
49635,drama
49636,documentary
49637,drama
49638,documentary
49639,comedy
49640,documentary
49641,drama
49642,short
49643,documentary
49644,comedy
49645,documentary
49646,drama
49647,drama
49648,documentary
49649,comedy
49650,drama
49651,drama
49652,documentary
49653,documentary
49654,documentary
49655,short
49656,short
49657,thriller
49658,documentary
49659,horror
49660,drama
49661,game-show
49662,sci-fi
49663,drama
49664,western
49665,documentary
49666,comedy
49667,short
49668,documentary
49669,documentary
49670,drama
49671,family
49672,drama
49673,documentary
49674,documentary
49675,documentary
49676,documentary
49677,drama
49678,documentary
49679,documentary
49680,documentary
49681,documentary
49682,drama
49683,short
49684,horror
49685,drama
49686,drama
49687,drama
49688,drama
49689,drama
49690,action
49691,drama
49692,drama
49693,documentary
49694,documentary
49695,documentary
49696,documentary
49697,drama
49698,comedy
49699,horror
49700,drama
49701,documentary
49702,documentary
49703,comedy
49704,drama
49705,horror
49706,documentary
49707,drama
49708,short
49709,documentary
49710,documentary
49711,drama
49712,drama
49713,drama
49714,drama
49715,sport
49716,drama
49717,drama
49718,comedy
49719,drama
49720,drama
49721,documentary
49722,comedy
49723,drama
49724,drama
49725,sport
49726,comedy
49727,drama
49728,documentary
49729,drama
49730,drama
49731,drama
49732,comedy
49733,talk-show
49734,adult
49735,short
49736,documentary
49737,comedy
49738,comedy
49739,horror
49740,short
49741,documentary
49742,documentary
49743,documentary
49744,documentary
49745,comedy
49746,comedy
49747,drama
49748,documentary
49749,drama
49750,short
49751,comedy
49752,documentary
49753,comedy
49754,drama
49755,horror
49756,drama
49757,documentary
49758,drama
49759,documentary
49760,documentary
49761,documentary
49762,documentary
49763,adventure
49764,adventure
49765,comedy
49766,documentary
49767,documentary
49768,short
49769,drama
49770,horror
49771,action
49772,comedy
49773,drama
49774,horror
49775,documentary
49776,drama
49777,documentary
49778,documentary
49779,comedy
49780,drama
49781,drama
49782,documentary
49783,documentary
49784,drama
49785,documentary
49786,short
49787,drama
49788,comedy
49789,drama
49790,drama
49791,short
49792,drama
49793,horror
49794,drama
49795,comedy
49796,drama
49797,short
49798,horror
49799,drama
49800,documentary
49801,documentary
49802,sci-fi
49803,documentary
49804,drama
49805,documentary
49806,drama
49807,action
49808,drama
49809,documentary
49810,short
49811,drama
49812,horror
49813,drama
49814,horror
49815,drama
49816,documentary
49817,comedy
49818,documentary
49819,reality-tv
49820,musical
49821,documentary
49822,documentary
49823,reality-tv
49824,comedy
49825,comedy
49826,drama
49827,drama
49828,drama
49829,horror
49830,drama
49831,comedy
49832,comedy
49833,documentary
49834,documentary
49835,drama
49836,documentary
49837,drama
49838,comedy
49839,short
49840,drama
49841,drama
49842,documentary
49843,action
49844,drama
49845,drama
49846,documentary
49847,drama
49848,documentary
49849,drama
49850,drama
49851,documentary
49852,comedy
49853,drama
49854,documentary
49855,comedy
49856,adventure
49857,short
49858,drama
49859,sci-fi
49860,thriller
49861,documentary
49862,drama
49863,horror
49864,short
49865,documentary
49866,documentary
49867,horror
49868,comedy
49869,thriller
49870,drama
49871,documentary
49872,documentary
49873,documentary
49874,drama
49875,documentary
49876,documentary
49877,documentary
49878,drama
49879,drama
49880,comedy
49881,documentary
49882,comedy
49883,drama
49884,drama
49885,short
49886,documentary
49887,drama
49888,drama
49889,documentary
49890,comedy
49891,comedy
49892,sci-fi
49893,crime
49894,drama
49895,horror
49896,documentary
49897,documentary
49898,documentary
49899,documentary
49900,drama
49901,documentary
49902,drama
49903,documentary
49904,drama
49905,short
49906,comedy
49907,horror
49908,sport
49909,drama
49910,documentary
49911,comedy
49912,drama
49913,drama
49914,drama
49915,drama
49916,western
49917,fantasy
49918,action
49919,drama
49920,comedy
49921,western
49922,drama
49923,reality-tv
49924,documentary
49925,comedy
49926,music
49927,drama
49928,documentary
49929,drama
49930,drama
49931,drama
49932,documentary
49933,documentary
49934,sport
49935,comedy
49936,horror
49937,horror
49938,comedy
49939,drama
49940,drama
49941,documentary
49942,drama
49943,comedy
49944,comedy
49945,short
49946,drama
49947,drama
49948,action
49949,sci-fi
49950,documentary
49951,horror
49952,drama
49953,documentary
49954,comedy
49955,documentary
49956,drama
49957,drama
49958,comedy
49959,documentary
49960,drama
49961,comedy
49962,horror
49963,documentary
49964,comedy
49965,drama
49966,drama
49967,comedy
49968,documentary
49969,drama
49970,comedy
49971,drama
49972,documentary
49973,crime
49974,documentary
49975,drama
49976,drama
49977,drama
49978,drama
49979,drama
49980,documentary
49981,drama
49982,comedy
49983,drama
49984,adult
49985,drama
49986,reality-tv
49987,western
49988,drama
49989,comedy
49990,comedy
49991,horror
49992,adventure
49993,drama
49994,documentary
49995,drama
49996,short
49997,drama
49998,short
49999,drama
50000,comedy
50001,drama
50002,drama
50003,drama
50004,documentary
50005,drama
50006,comedy
50007,drama
50008,thriller
50009,drama
50010,drama
50011,documentary
50012,horror
50013,documentary
50014,comedy
50015,documentary
50016,drama
50017,talk-show
50018,documentary
50019,drama
50020,documentary
50021,comedy
50022,documentary
50023,sport
50024,documentary
50025,animation
50026,documentary
50027,drama
50028,documentary
50029,comedy
50030,thriller
50031,drama
50032,action
50033,documentary
50034,comedy
50035,drama
50036,documentary
50037,short
50038,drama
50039,documentary
50040,horror
50041,drama
50042,comedy
50043,documentary
50044,drama
50045,documentary
50046,drama
50047,short
50048,documentary
50049,documentary
50050,comedy
50051,comedy
50052,drama
50053,drama
50054,documentary
50055,short
50056,documentary
50057,comedy
50058,comedy
50059,drama
50060,drama
50061,short
50062,drama
50063,drama
50064,drama
50065,drama
50066,documentary
50067,short
50068,documentary
50069,drama
50070,drama
50071,drama
50072,animation
50073,horror
50074,drama
50075,drama
50076,documentary
50077,drama
50078,documentary
50079,family
50080,documentary
50081,horror
50082,comedy
50083,comedy
50084,horror
50085,documentary
50086,romance
50087,comedy
50088,drama
50089,comedy
50090,talk-show
50091,comedy
50092,documentary
50093,drama
50094,western
50095,drama
50096,documentary
50097,drama
50098,drama
50099,drama
50100,drama
50101,horror
50102,horror
50103,drama
50104,documentary
50105,comedy
50106,documentary
50107,drama
50108,drama
50109,drama
50110,drama
50111,drama
50112,drama
50113,drama
50114,drama
50115,short
50116,documentary
50117,horror
50118,comedy
50119,adult
50120,drama
50121,drama
50122,documentary
50123,drama
50124,comedy
50125,comedy
50126,documentary
50127,documentary
50128,drama
50129,comedy
50130,documentary
50131,drama
50132,drama
50133,comedy
50134,western
50135,documentary
50136,drama
50137,documentary
50138,short
50139,horror
50140,comedy
50141,adventure
50142,drama
50143,comedy
50144,adult
50145,drama
50146,documentary
50147,drama
50148,drama
50149,drama
50150,drama
50151,drama
50152,documentary
50153,western
50154,drama
50155,documentary
50156,drama
50157,horror
50158,sci-fi
50159,drama
50160,documentary
50161,documentary
50162,drama
50163,drama
50164,music
50165,documentary
50166,documentary
50167,comedy
50168,comedy
50169,drama
50170,comedy
50171,comedy
50172,documentary
50173,sci-fi
50174,documentary
50175,action
50176,drama
50177,drama
50178,drama
50179,comedy
50180,documentary
50181,thriller
50182,action
50183,documentary
50184,comedy
50185,drama
50186,drama
50187,drama
50188,drama
50189,drama
50190,drama
50191,drama
50192,comedy
50193,drama
50194,comedy
50195,drama
50196,drama
50197,short
50198,comedy
50199,drama
50200,documentary
50201,drama
50202,documentary
50203,drama
50204,action
50205,horror
50206,documentary
50207,drama
50208,horror
50209,documentary
50210,documentary
50211,documentary
50212,drama
50213,documentary
50214,drama
50215,documentary
50216,short
50217,documentary
50218,thriller
50219,documentary
50220,drama
50221,documentary
50222,documentary
50223,comedy
50224,comedy
50225,drama
50226,western
50227,comedy
50228,drama
50229,documentary
50230,reality-tv
50231,short
50232,short
50233,drama
50234,documentary
50235,comedy
50236,western
50237,comedy
50238,western
50239,drama
50240,documentary
50241,comedy
50242,short
50243,documentary
50244,short
50245,comedy
50246,documentary
50247,comedy
50248,drama
50249,comedy
50250,drama
50251,reality-tv
50252,documentary
50253,documentary
50254,documentary
50255,western
50256,documentary
50257,documentary
50258,short
50259,drama
50260,drama
50261,drama
50262,documentary
50263,documentary
50264,documentary
50265,drama
50266,drama
50267,documentary
50268,documentary
50269,documentary
50270,documentary
50271,comedy
50272,documentary
50273,drama
50274,horror
50275,drama
50276,drama
50277,documentary
50278,documentary
50279,drama
50280,documentary
50281,drama
50282,comedy
50283,horror
50284,drama
50285,documentary
50286,drama
50287,drama
50288,documentary
50289,comedy
50290,drama
50291,drama
50292,documentary
50293,documentary
50294,drama
50295,documentary
50296,horror
50297,documentary
50298,drama
50299,short
50300,short
50301,comedy
50302,comedy
50303,comedy
50304,documentary
50305,comedy
50306,horror
50307,drama
50308,drama
50309,horror
50310,documentary
50311,drama
50312,animation
50313,short
50314,documentary
50315,sci-fi
50316,comedy
50317,comedy
50318,documentary
50319,documentary
50320,drama
50321,short
50322,documentary
50323,documentary
50324,documentary
50325,documentary
50326,comedy
50327,comedy
50328,drama
50329,documentary
50330,documentary
50331,short
50332,documentary
50333,documentary
50334,comedy
50335,drama
50336,documentary
50337,drama
50338,documentary
50339,animation
50340,drama
50341,comedy
50342,short
50343,short
50344,drama
50345,comedy
50346,drama
50347,comedy
50348,documentary
50349,drama
50350,drama
50351,documentary
50352,horror
50353,drama
50354,documentary
50355,action
50356,drama
50357,horror
50358,drama
50359,comedy
50360,western
50361,drama
50362,drama
50363,documentary
50364,drama
50365,documentary
50366,comedy
50367,documentary
50368,drama
50369,documentary
50370,horror
50371,documentary
50372,adult
50373,documentary
50374,drama
50375,comedy
50376,documentary
50377,drama
50378,documentary
50379,documentary
50380,documentary
50381,game-show
50382,documentary
50383,documentary
50384,documentary
50385,drama
50386,family
50387,comedy
50388,thriller
50389,history
50390,comedy
50391,documentary
50392,horror
50393,comedy
50394,documentary
50395,short
50396,comedy
50397,horror
50398,documentary
50399,drama
50400,drama
50401,documentary
50402,drama
50403,drama
50404,drama
50405,documentary
50406,crime
50407,action
50408,documentary
50409,drama
50410,documentary
50411,drama
50412,family
50413,documentary
50414,short
50415,documentary
50416,drama
50417,documentary
50418,documentary
50419,short
50420,drama
50421,music
50422,documentary
50423,horror
50424,short
50425,documentary
50426,horror
50427,drama
50428,documentary
50429,documentary
50430,thriller
50431,documentary
50432,documentary
50433,documentary
50434,comedy
50435,drama
50436,documentary
50437,short
50438,talk-show
50439,comedy
50440,documentary
50441,short
50442,documentary
50443,comedy
50444,drama
50445,drama
50446,comedy
50447,documentary
50448,documentary
50449,documentary
50450,documentary
50451,music
50452,drama
50453,game-show
50454,documentary
50455,drama
50456,documentary
50457,comedy
50458,music
50459,drama
50460,short
50461,drama
50462,documentary
50463,documentary
50464,comedy
50465,comedy
50466,western
50467,drama
50468,drama
50469,documentary
50470,documentary
50471,documentary
50472,documentary
50473,documentary
50474,drama
50475,documentary
50476,documentary
50477,comedy
50478,drama
50479,documentary
50480,drama
50481,drama
50482,reality-tv
50483,comedy
50484,documentary
50485,documentary
50486,drama
50487,short
50488,drama
50489,reality-tv
50490,drama
50491,documentary
50492,documentary
50493,comedy
50494,drama
50495,drama
50496,documentary
50497,drama
50498,drama
50499,drama
50500,drama
50501,thriller
50502,documentary
50503,drama
50504,thriller
50505,drama
50506,documentary
50507,drama
50508,documentary
50509,documentary
50510,short
50511,sport
50512,drama
50513,documentary
50514,music
50515,documentary
50516,drama
50517,comedy
50518,documentary
50519,comedy
50520,documentary
50521,action
50522,drama
50523,documentary
50524,comedy
50525,documentary
50526,drama
50527,short
50528,documentary
50529,documentary
50530,western
50531,adult
50532,drama
50533,music
50534,comedy
50535,drama
50536,documentary
50537,short
50538,comedy
50539,drama
50540,comedy
50541,short
50542,drama
50543,documentary
50544,drama
50545,comedy
50546,fantasy
50547,action
50548,drama
50549,western
50550,crime
50551,documentary
50552,sci-fi
50553,thriller
50554,drama
50555,western
50556,documentary
50557,drama
50558,comedy
50559,drama
50560,documentary
50561,documentary
50562,short
50563,drama
50564,short
50565,documentary
50566,thriller
50567,drama
50568,short
50569,comedy
50570,drama
50571,drama
50572,drama
50573,horror
50574,documentary
50575,thriller
50576,short
50577,documentary
50578,comedy
50579,short
50580,short
50581,comedy
50582,short
50583,comedy
50584,thriller
50585,drama
50586,horror
50587,documentary
50588,documentary
50589,drama
50590,drama
50591,drama
50592,documentary
50593,documentary
50594,short
50595,comedy
50596,drama
50597,drama
50598,adult
50599,documentary
50600,documentary
50601,documentary
50602,drama
50603,documentary
50604,drama
50605,comedy
50606,documentary
50607,drama
50608,comedy
50609,drama
50610,sci-fi
50611,comedy
50612,drama
50613,drama
50614,documentary
50615,drama
50616,drama
50617,documentary
50618,comedy
50619,documentary
50620,short
50621,documentary
50622,comedy
50623,horror
50624,drama
50625,documentary
50626,documentary
50627,documentary
50628,drama
50629,documentary
50630,drama
50631,documentary
50632,documentary
50633,short
50634,comedy
50635,drama
50636,comedy
50637,drama
50638,horror
50639,thriller
50640,comedy
50641,game-show
50642,comedy
50643,drama
50644,reality-tv
50645,documentary
50646,documentary
50647,documentary
50648,documentary
50649,documentary
50650,documentary
50651,thriller
50652,thriller
50653,comedy
50654,drama
50655,drama
50656,documentary
50657,drama
50658,short
50659,drama
50660,drama
50661,documentary
50662,documentary
50663,comedy
50664,drama
50665,documentary
50666,comedy
50667,documentary
50668,comedy
50669,comedy
50670,documentary
50671,comedy
50672,drama
50673,drama
50674,documentary
50675,documentary
50676,documentary
50677,comedy
50678,documentary
50679,documentary
50680,drama
50681,drama
50682,drama
50683,drama
50684,documentary
50685,comedy
50686,drama
50687,action
50688,comedy
50689,sci-fi
50690,documentary
50691,western
50692,short
50693,documentary
50694,thriller
50695,documentary
50696,drama
50697,drama
50698,documentary
50699,short
50700,family
50701,drama
50702,comedy
50703,horror
50704,action
50705,comedy
50706,short
50707,comedy
50708,drama
50709,documentary
50710,drama
50711,drama
50712,documentary
50713,drama
50714,comedy
50715,reality-tv
50716,horror
50717,documentary
50718,drama
50719,comedy
50720,drama
50721,sport
50722,documentary
50723,crime
50724,drama
50725,comedy
50726,documentary
50727,documentary
50728,documentary
50729,drama
50730,drama
50731,documentary
50732,fantasy
50733,horror
50734,comedy
50735,documentary
50736,documentary
50737,comedy
50738,horror
50739,documentary
50740,comedy
50741,western
50742,documentary
50743,drama
50744,documentary
50745,documentary
50746,documentary
50747,documentary
50748,documentary
50749,drama
50750,comedy
50751,drama
50752,drama
50753,comedy
50754,comedy
50755,documentary
50756,documentary
50757,documentary
50758,documentary
50759,drama
50760,documentary
50761,documentary
50762,documentary
50763,documentary
50764,drama
50765,documentary
50766,documentary
50767,documentary
50768,documentary
50769,drama
50770,drama
50771,adult
50772,documentary
50773,documentary
50774,drama
50775,drama
50776,comedy
50777,adventure
50778,comedy
50779,short
50780,documentary
50781,drama
50782,drama
50783,short
50784,comedy
50785,comedy
50786,comedy
50787,drama
50788,comedy
50789,drama
50790,drama
50791,documentary
50792,comedy
50793,action
50794,comedy
50795,drama
50796,documentary
50797,documentary
50798,documentary
50799,drama
50800,game-show
50801,comedy
50802,documentary
50803,thriller
50804,documentary
50805,documentary
50806,documentary
50807,drama
50808,documentary
50809,documentary
50810,drama
50811,drama
50812,comedy
50813,drama
50814,documentary
50815,drama
50816,sport
50817,documentary
50818,documentary
50819,documentary
50820,documentary
50821,drama
50822,documentary
50823,short
50824,comedy
50825,adult
50826,crime
50827,documentary
50828,horror
50829,drama
50830,drama
50831,documentary
50832,drama
50833,drama
50834,horror
50835,documentary
50836,short
50837,documentary
50838,drama
50839,documentary
50840,short
50841,drama
50842,documentary
50843,action
50844,documentary
50845,drama
50846,drama
50847,western
50848,documentary
50849,drama
50850,comedy
50851,short
50852,drama
50853,comedy
50854,drama
50855,drama
50856,short
50857,drama
50858,drama
50859,drama
50860,thriller
50861,drama
50862,documentary
50863,horror
50864,comedy
50865,documentary
50866,short
50867,documentary
50868,documentary
50869,comedy
50870,documentary
50871,documentary
50872,short
50873,drama
50874,drama
50875,western
50876,documentary
50877,documentary
50878,drama
50879,documentary
50880,western
50881,comedy
50882,comedy
50883,documentary
50884,comedy
50885,comedy
50886,comedy
50887,short
50888,drama
50889,drama
50890,horror
50891,drama
50892,short
50893,comedy
50894,documentary
50895,comedy
50896,documentary
50897,drama
50898,drama
50899,drama
50900,documentary
50901,documentary
50902,comedy
50903,documentary
50904,drama
50905,drama
50906,drama
50907,documentary
50908,western
50909,drama
50910,drama
50911,drama
50912,drama
50913,thriller
50914,game-show
50915,western
50916,documentary
50917,drama
50918,documentary
50919,documentary
50920,comedy
50921,drama
50922,documentary
50923,comedy
50924,documentary
50925,documentary
50926,documentary
50927,drama
50928,romance
50929,documentary
50930,documentary
50931,drama
50932,western
50933,documentary
50934,documentary
50935,family
50936,western
50937,drama
50938,drama
50939,documentary
50940,documentary
50941,drama
50942,comedy
50943,documentary
50944,drama
50945,documentary
50946,documentary
50947,drama
50948,short
50949,thriller
50950,drama
50951,drama
50952,short
50953,western
50954,drama
50955,documentary
50956,drama
50957,comedy
50958,comedy
50959,drama
50960,drama
50961,documentary
50962,drama
50963,musical
50964,comedy
50965,action
50966,drama
50967,comedy
50968,horror
50969,documentary
50970,sci-fi
50971,documentary
50972,documentary
50973,documentary
50974,family
50975,documentary
50976,drama
50977,comedy
50978,comedy
50979,documentary
50980,short
50981,comedy
50982,documentary
50983,documentary
50984,horror
50985,documentary
50986,horror
50987,action
50988,documentary
50989,short
50990,short
50991,documentary
50992,action
50993,drama
50994,music
50995,drama
50996,documentary
50997,short
50998,documentary
50999,short
51000,documentary
51001,comedy
51002,drama
51003,short
51004,documentary
51005,drama
51006,horror
51007,documentary
51008,comedy
51009,horror
51010,documentary
51011,documentary
51012,drama
51013,documentary
51014,music
51015,drama
51016,documentary
51017,short
51018,short
51019,adult
51020,short
51021,comedy
51022,drama
51023,drama
51024,horror
51025,drama
51026,drama
51027,drama
51028,short
51029,comedy
51030,documentary
51031,documentary
51032,short
51033,drama
51034,drama
51035,comedy
51036,documentary
51037,drama
51038,documentary
51039,documentary
51040,documentary
51041,family
51042,horror
51043,documentary
51044,adult
51045,drama
51046,documentary
51047,comedy
51048,documentary
51049,drama
51050,comedy
51051,western
51052,drama
51053,documentary
51054,drama
51055,drama
51056,drama
51057,horror
51058,comedy
51059,documentary
51060,comedy
51061,drama
51062,documentary
51063,drama
51064,drama
51065,documentary
51066,documentary
51067,musical
51068,drama
51069,drama
51070,documentary
51071,documentary
51072,horror
51073,comedy
51074,western
51075,documentary
51076,reality-tv
51077,drama
51078,western
51079,documentary
51080,drama
51081,documentary
51082,talk-show
51083,documentary
51084,western
51085,comedy
51086,drama
51087,documentary
51088,drama
51089,documentary
51090,drama
51091,drama
51092,drama
51093,comedy
51094,horror
51095,drama
51096,documentary
51097,comedy
51098,comedy
51099,drama
51100,drama
51101,documentary
51102,documentary
51103,music
51104,drama
51105,comedy
51106,documentary
51107,comedy
51108,short
51109,drama
51110,short
51111,drama
51112,comedy
51113,drama
51114,drama
51115,documentary
51116,drama
51117,drama
51118,comedy
51119,drama
51120,drama
51121,documentary
51122,documentary
51123,drama
51124,horror
51125,drama
51126,documentary
51127,short
51128,documentary
51129,documentary
51130,short
51131,drama
51132,documentary
51133,horror
51134,drama
51135,documentary
51136,drama
51137,drama
51138,short
51139,documentary
51140,documentary
51141,drama
51142,sci-fi
51143,drama
51144,comedy
51145,drama
51146,drama
51147,drama
51148,comedy
51149,drama
51150,drama
51151,comedy
51152,drama
51153,documentary
51154,drama
51155,reality-tv
51156,short
51157,documentary
51158,documentary
51159,drama
51160,drama
51161,thriller
51162,documentary
51163,drama
51164,drama
51165,documentary
51166,documentary
51167,drama
51168,drama
51169,drama
51170,drama
51171,drama
51172,documentary
51173,drama
51174,documentary
51175,drama
51176,documentary
51177,adventure
51178,adult
51179,talk-show
51180,comedy
51181,musical
51182,short
51183,horror
51184,comedy
51185,comedy
51186,drama
51187,documentary
51188,drama
51189,comedy
51190,documentary
51191,comedy
51192,horror
51193,documentary
51194,documentary
51195,drama
51196,fantasy
51197,comedy
51198,documentary
51199,drama
51200,documentary
51201,drama
51202,documentary
51203,documentary
51204,horror
51205,documentary
51206,drama
51207,comedy
51208,comedy
51209,comedy
51210,comedy
51211,documentary
51212,documentary
51213,documentary
51214,documentary
51215,comedy
51216,drama
51217,drama
51218,comedy
51219,drama
51220,drama
51221,documentary
51222,documentary
51223,talk-show
51224,game-show
51225,short
51226,comedy
51227,comedy
51228,documentary
51229,drama
51230,documentary
51231,documentary
51232,documentary
51233,drama
51234,documentary
51235,short
51236,documentary
51237,documentary
51238,comedy
51239,comedy
51240,horror
51241,documentary
51242,documentary
51243,comedy
51244,drama
51245,documentary
51246,short
51247,drama
51248,documentary
51249,documentary
51250,comedy
51251,documentary
51252,western
51253,talk-show
51254,documentary
51255,short
51256,horror
51257,documentary
51258,drama
51259,romance
51260,drama
51261,thriller
51262,comedy
51263,drama
51264,short
51265,drama
51266,drama
51267,adult
51268,drama
51269,documentary
51270,drama
51271,drama
51272,documentary
51273,drama
51274,western
51275,comedy
51276,documentary
51277,short
51278,documentary
51279,documentary
51280,music
51281,drama
51282,documentary
51283,comedy
51284,thriller
51285,comedy
51286,drama
51287,drama
51288,documentary
51289,drama
51290,drama
51291,western
51292,documentary
51293,drama
51294,documentary
51295,short
51296,drama
51297,drama
51298,drama
51299,drama
51300,documentary
51301,drama
51302,comedy
51303,short
51304,documentary
51305,comedy
51306,drama
51307,documentary
51308,documentary
51309,comedy
51310,documentary
51311,drama
51312,drama
51313,drama
51314,music
51315,horror
51316,comedy
51317,drama
51318,documentary
51319,drama
51320,drama
51321,short
51322,comedy
51323,drama
51324,comedy
51325,family
51326,documentary
51327,sport
51328,comedy
51329,documentary
51330,drama
51331,drama
51332,horror
51333,comedy
51334,short
51335,comedy
51336,short
51337,documentary
51338,drama
51339,comedy
51340,horror
51341,drama
51342,drama
51343,drama
51344,western
51345,drama
51346,drama
51347,drama
51348,drama
51349,drama
51350,documentary
51351,documentary
51352,documentary
51353,short
51354,documentary
51355,comedy
51356,drama
51357,horror
51358,documentary
51359,documentary
51360,short
51361,short
51362,drama
51363,thriller
51364,comedy
51365,action
51366,sci-fi
51367,drama
51368,drama
51369,short
51370,crime
51371,comedy
51372,drama
51373,documentary
51374,drama
51375,documentary
51376,documentary
51377,drama
51378,documentary
51379,drama
51380,comedy
51381,documentary
51382,documentary
51383,talk-show
51384,documentary
51385,documentary
51386,western
51387,documentary
51388,comedy
51389,documentary
51390,comedy
51391,drama
51392,documentary
51393,drama
51394,drama
51395,drama
51396,documentary
51397,drama
51398,short
51399,drama
51400,drama
51401,drama
51402,comedy
51403,drama
51404,documentary
51405,comedy
51406,drama
51407,drama
51408,documentary
51409,drama
51410,documentary
51411,western
51412,comedy
51413,comedy
51414,documentary
51415,reality-tv
51416,documentary
51417,drama
51418,short
51419,documentary
51420,comedy
51421,game-show
51422,comedy
51423,documentary
51424,drama
51425,drama
51426,documentary
51427,drama
51428,drama
51429,documentary
51430,drama
51431,documentary
51432,documentary
51433,drama
51434,documentary
51435,action
51436,drama
51437,music
51438,drama
51439,drama
51440,thriller
51441,drama
51442,comedy
51443,drama
51444,documentary
51445,documentary
51446,documentary
51447,thriller
51448,drama
51449,documentary
51450,adventure
51451,drama
51452,comedy
51453,comedy
51454,drama
51455,documentary
51456,horror
51457,documentary
51458,documentary
51459,drama
51460,reality-tv
51461,drama
51462,drama
51463,action
51464,western
51465,drama
51466,drama
51467,western
51468,documentary
51469,documentary
51470,comedy
51471,music
51472,drama
51473,short
51474,documentary
51475,documentary
51476,drama
51477,drama
51478,music
51479,documentary
51480,documentary
51481,documentary
51482,comedy
51483,action
51484,documentary
51485,documentary
51486,documentary
51487,short
51488,drama
51489,short
51490,sport
51491,documentary
51492,documentary
51493,short
51494,drama
51495,drama
51496,documentary
51497,drama
51498,documentary
51499,drama
51500,drama
51501,drama
51502,documentary
51503,horror
51504,drama
51505,drama
51506,drama
51507,comedy
51508,drama
51509,comedy
51510,comedy
51511,drama
51512,drama
51513,documentary
51514,comedy
51515,drama
51516,drama
51517,drama
51518,documentary
51519,comedy
51520,documentary
51521,drama
51522,short
51523,documentary
51524,drama
51525,comedy
51526,action
51527,drama
51528,comedy
51529,horror
51530,drama
51531,drama
51532,drama
51533,drama
51534,drama
51535,drama
51536,documentary
51537,comedy
51538,drama
51539,documentary
51540,drama
51541,documentary
51542,documentary
51543,drama
51544,documentary
51545,drama
51546,documentary
51547,horror
51548,drama
51549,short
51550,game-show
51551,documentary
51552,drama
51553,sci-fi
51554,drama
51555,documentary
51556,horror
51557,western
51558,drama
51559,comedy
51560,drama
51561,documentary
51562,documentary
51563,drama
51564,documentary
51565,crime
51566,short
51567,drama
51568,documentary
51569,short
51570,documentary
51571,short
51572,drama
51573,documentary
51574,action
51575,documentary
51576,sci-fi
51577,thriller
51578,drama
51579,action
51580,western
51581,drama
51582,documentary
51583,documentary
51584,documentary
51585,music
51586,documentary
51587,drama
51588,documentary
51589,documentary
51590,documentary
51591,documentary
51592,documentary
51593,documentary
51594,drama
51595,comedy
51596,documentary
51597,comedy
51598,drama
51599,comedy
51600,adult
51601,documentary
51602,drama
51603,thriller
51604,western
51605,documentary
51606,documentary
51607,comedy
51608,drama
51609,comedy
51610,drama
51611,music
51612,documentary
51613,drama
51614,documentary
51615,drama
51616,drama
51617,drama
51618,animation
51619,documentary
51620,horror
51621,drama
51622,short
51623,drama
51624,documentary
51625,drama
51626,documentary
51627,documentary
51628,documentary
51629,documentary
51630,reality-tv
51631,documentary
51632,western
51633,documentary
51634,comedy
51635,documentary
51636,documentary
51637,documentary
51638,comedy
51639,drama
51640,documentary
51641,drama
51642,documentary
51643,drama
51644,action
51645,drama
51646,drama
51647,short
51648,documentary
51649,documentary
51650,drama
51651,drama
51652,drama
51653,drama
51654,horror
51655,drama
51656,drama
51657,documentary
51658,documentary
51659,short
51660,documentary
51661,comedy
51662,documentary
51663,comedy
51664,music
51665,drama
51666,documentary
51667,comedy
51668,documentary
51669,documentary
51670,drama
51671,game-show
51672,documentary
51673,documentary
51674,reality-tv
51675,drama
51676,documentary
51677,documentary
51678,documentary
51679,short
51680,short
51681,documentary
51682,drama
51683,documentary
51684,documentary
51685,drama
51686,documentary
51687,drama
51688,short
51689,short
51690,short
51691,comedy
51692,documentary
51693,drama
51694,drama
51695,drama
51696,drama
51697,western
51698,documentary
51699,documentary
51700,drama
51701,adventure
51702,drama
51703,documentary
51704,drama
51705,music
51706,comedy
51707,drama
51708,documentary
51709,documentary
51710,documentary
51711,documentary
51712,drama
51713,documentary
51714,documentary
51715,reality-tv
51716,horror
51717,horror
51718,documentary
51719,western
51720,comedy
51721,drama
51722,drama
51723,comedy
51724,comedy
51725,music
51726,drama
51727,western
51728,game-show
51729,drama
51730,action
51731,documentary
51732,documentary
51733,comedy
51734,comedy
51735,comedy
51736,sport
51737,documentary
51738,drama
51739,drama
51740,drama
51741,drama
51742,western
51743,adult
51744,documentary
51745,drama
51746,short
51747,drama
51748,comedy
51749,drama
51750,documentary
51751,documentary
51752,drama
51753,drama
51754,short
51755,drama
51756,drama
51757,documentary
51758,documentary
51759,drama
51760,drama
51761,drama
51762,horror
51763,documentary
51764,documentary
51765,documentary
51766,western
51767,drama
51768,comedy
51769,comedy
51770,drama
51771,short
51772,horror
51773,documentary
51774,documentary
51775,comedy
51776,comedy
51777,comedy
51778,documentary
51779,documentary
51780,documentary
51781,animation
51782,sci-fi
51783,drama
51784,drama
51785,comedy
51786,documentary
51787,reality-tv
51788,thriller
51789,family
51790,documentary
51791,documentary
51792,documentary
51793,documentary
51794,documentary
51795,drama
51796,drama
51797,horror
51798,documentary
51799,drama
51800,documentary
51801,drama
51802,western
51803,comedy
51804,drama
51805,horror
51806,comedy
51807,documentary
51808,drama
51809,drama
51810,drama
51811,drama
51812,documentary
51813,documentary
51814,horror
51815,documentary
51816,comedy
51817,documentary
51818,documentary
51819,drama
51820,short
51821,drama
51822,news
51823,drama
51824,documentary
51825,drama
51826,comedy
51827,short
51828,comedy
51829,drama
51830,documentary
51831,comedy
51832,documentary
51833,thriller
51834,drama
51835,documentary
51836,drama
51837,drama
51838,family
51839,drama
51840,drama
51841,drama
51842,drama
51843,drama
51844,documentary
51845,documentary
51846,comedy
51847,drama
51848,comedy
51849,music
51850,documentary
51851,drama
51852,drama
51853,drama
51854,documentary
51855,documentary
51856,documentary
51857,comedy
51858,comedy
51859,horror
51860,comedy
51861,action
51862,drama
51863,drama
51864,drama
51865,documentary
51866,thriller
51867,documentary
51868,documentary
51869,comedy
51870,drama
51871,documentary
51872,comedy
51873,drama
51874,horror
51875,comedy
51876,drama
51877,comedy
51878,drama
51879,sport
51880,documentary
51881,documentary
51882,drama
51883,documentary
51884,horror
51885,short
51886,short
51887,drama
51888,documentary
51889,drama
51890,drama
51891,drama
51892,drama
51893,short
51894,reality-tv
51895,drama
51896,horror
51897,adult
51898,drama
51899,short
51900,thriller
51901,documentary
51902,documentary
51903,short
51904,drama
51905,documentary
51906,comedy
51907,documentary
51908,drama
51909,documentary
51910,action
51911,drama
51912,drama
51913,documentary
51914,drama
51915,documentary
51916,reality-tv
51917,documentary
51918,drama
51919,action
51920,short
51921,drama
51922,drama
51923,drama
51924,documentary
51925,drama
51926,comedy
51927,documentary
51928,drama
51929,documentary
51930,drama
51931,drama
51932,sci-fi
51933,drama
51934,sci-fi
51935,documentary
51936,drama
51937,drama
51938,drama
51939,comedy
51940,drama
51941,drama
51942,documentary
51943,sci-fi
51944,action
51945,comedy
51946,drama
51947,drama
51948,horror
51949,drama
51950,documentary
51951,comedy
51952,family
51953,documentary
51954,horror
51955,adventure
51956,documentary
51957,comedy
51958,short
51959,short
51960,short
51961,documentary
51962,documentary
51963,documentary
51964,drama
51965,documentary
51966,documentary
51967,drama
51968,comedy
51969,western
51970,documentary
51971,drama
51972,short
51973,documentary
51974,short
51975,drama
51976,drama
51977,comedy
51978,drama
51979,documentary
51980,drama
51981,documentary
51982,thriller
51983,drama
51984,comedy
51985,thriller
51986,drama
51987,documentary
51988,documentary
51989,drama
51990,short
51991,documentary
51992,drama
51993,comedy
51994,drama
51995,short
51996,comedy
51997,drama
51998,documentary
51999,drama
52000,drama
52001,drama
52002,documentary
52003,documentary
52004,drama
52005,documentary
52006,thriller
52007,drama
52008,comedy
52009,drama
52010,drama
52011,drama
52012,drama
52013,drama
52014,horror
52015,documentary
52016,comedy
52017,documentary
52018,western
52019,drama
52020,drama
52021,drama
52022,thriller
52023,documentary
52024,documentary
52025,documentary
52026,horror
52027,drama
52028,documentary
52029,drama
52030,short
52031,comedy
52032,documentary
52033,drama
52034,drama
52035,drama
52036,drama
52037,drama
52038,drama
52039,documentary
52040,action
52041,documentary
52042,short
52043,drama
52044,documentary
52045,drama
52046,comedy
52047,comedy
52048,comedy
52049,drama
52050,short
52051,documentary
52052,drama
52053,drama
52054,drama
52055,western
52056,drama
52057,documentary
52058,drama
52059,short
52060,documentary
52061,drama
52062,horror
52063,documentary
52064,documentary
52065,documentary
52066,music
52067,short
52068,drama
52069,drama
52070,documentary
52071,adult
52072,drama
52073,western
52074,adventure
52075,comedy
52076,drama
52077,music
52078,drama
52079,drama
52080,thriller
52081,drama
52082,action
52083,music
52084,documentary
52085,drama
52086,western
52087,drama
52088,sci-fi
52089,drama
52090,thriller
52091,music
52092,short
52093,drama
52094,drama
52095,comedy
52096,drama
52097,horror
52098,drama
52099,documentary
52100,drama
52101,documentary
52102,comedy
52103,drama
52104,horror
52105,documentary
52106,drama
52107,comedy
52108,horror
52109,drama
52110,drama
52111,comedy
52112,drama
52113,biography
52114,documentary
52115,drama
52116,comedy
52117,short
52118,drama
52119,documentary
52120,documentary
52121,drama
52122,short
52123,drama
52124,short
52125,documentary
52126,drama
52127,comedy
52128,horror
52129,thriller
52130,documentary
52131,thriller
52132,comedy
52133,short
52134,short
52135,drama
52136,drama
52137,documentary
52138,drama
52139,documentary
52140,horror
52141,drama
52142,drama
52143,comedy
52144,drama
52145,drama
52146,drama
52147,documentary
52148,drama
52149,drama
52150,drama
52151,documentary
52152,documentary
52153,documentary
52154,drama
52155,drama
52156,horror
52157,crime
52158,documentary
52159,comedy
52160,documentary
52161,short
52162,documentary
52163,documentary
52164,drama
52165,drama
52166,documentary
52167,reality-tv
52168,music
52169,documentary
52170,horror
52171,drama
52172,drama
52173,documentary
52174,documentary
52175,drama
52176,drama
52177,drama
52178,western
52179,documentary
52180,drama
52181,drama
52182,documentary
52183,western
52184,documentary
52185,animation
52186,drama
52187,horror
52188,drama
52189,drama
52190,action
52191,sci-fi
52192,horror
52193,drama
52194,horror
52195,documentary
52196,documentary
52197,adult
52198,horror
52199,drama
52200,talk-show
52201,drama
52202,documentary
52203,drama
52204,drama
52205,documentary
52206,adventure
52207,game-show
52208,drama
52209,drama
52210,comedy
52211,drama
52212,drama
52213,short
52214,documentary
52215,documentary
52216,drama
52217,sci-fi
52218,comedy
52219,comedy
52220,drama
52221,comedy
52222,drama
52223,documentary
52224,sport
52225,comedy
52226,drama
52227,documentary
52228,comedy
52229,drama
52230,documentary
52231,comedy
52232,documentary
52233,drama
52234,drama
52235,drama
52236,short
52237,drama
52238,documentary
52239,documentary
52240,documentary
52241,comedy
52242,documentary
52243,documentary
52244,documentary
52245,documentary
52246,drama
52247,drama
52248,music
52249,short
52250,drama
52251,sci-fi
52252,comedy
52253,drama
52254,documentary
52255,documentary
52256,drama
52257,drama
52258,documentary
52259,sci-fi
52260,documentary
52261,adult
52262,thriller
52263,documentary
52264,documentary
52265,documentary
52266,western
52267,comedy
52268,western
52269,comedy
52270,drama
52271,drama
52272,documentary
52273,documentary
52274,drama
52275,drama
52276,short
52277,documentary
52278,drama
52279,drama
52280,drama
52281,drama
52282,thriller
52283,sci-fi
52284,documentary
52285,horror
52286,drama
52287,drama
52288,drama
52289,comedy
52290,drama
52291,western
52292,comedy
52293,drama
52294,documentary
52295,action
52296,thriller
52297,comedy
52298,documentary
52299,short
52300,drama
52301,drama
52302,comedy
52303,documentary
52304,documentary
52305,drama
52306,drama
52307,horror
52308,drama
52309,adult
52310,adventure
52311,documentary
52312,documentary
52313,documentary
52314,drama
52315,comedy
52316,short
52317,short
52318,documentary
52319,documentary
52320,drama
52321,drama
52322,documentary
52323,documentary
52324,documentary
52325,comedy
52326,short
52327,drama
52328,comedy
52329,drama
52330,drama
52331,reality-tv
52332,adult
52333,documentary
52334,drama
52335,documentary
52336,drama
52337,documentary
52338,documentary
52339,drama
52340,drama
52341,documentary
52342,drama
52343,comedy
52344,drama
52345,short
52346,drama
52347,drama
52348,documentary
52349,documentary
52350,drama
52351,documentary
52352,comedy
52353,documentary
52354,comedy
52355,documentary
52356,comedy
52357,sci-fi
52358,documentary
52359,documentary
52360,drama
52361,drama
52362,documentary
52363,documentary
52364,drama
52365,drama
52366,short
52367,documentary
52368,western
52369,short
52370,documentary
52371,drama
52372,drama
52373,action
52374,comedy
52375,documentary
52376,documentary
52377,documentary
52378,documentary
52379,horror
52380,drama
52381,comedy
52382,adult
52383,drama
52384,comedy
52385,drama
52386,drama
52387,comedy
52388,documentary
52389,drama
52390,drama
52391,documentary
52392,thriller
52393,documentary
52394,drama
52395,western
52396,documentary
52397,documentary
52398,comedy
52399,documentary
52400,drama
52401,documentary
52402,drama
52403,drama
52404,sci-fi
52405,short
52406,drama
52407,documentary
52408,short
52409,documentary
52410,romance
52411,documentary
52412,horror
52413,drama
52414,drama
52415,horror
52416,short
52417,drama
52418,comedy
52419,documentary
52420,documentary
52421,documentary
52422,drama
52423,documentary
52424,documentary
52425,drama
52426,documentary
52427,drama
52428,drama
52429,documentary
52430,adult
52431,documentary
52432,drama
52433,drama
52434,documentary
52435,drama
52436,drama
52437,documentary
52438,documentary
52439,documentary
52440,documentary
52441,drama
52442,comedy
52443,documentary
52444,short
52445,drama
52446,documentary
52447,comedy
52448,documentary
52449,drama
52450,adult
52451,documentary
52452,drama
52453,documentary
52454,documentary
52455,documentary
52456,drama
52457,documentary
52458,drama
52459,drama
52460,drama
52461,documentary
52462,drama
52463,documentary
52464,drama
52465,short
52466,musical
52467,comedy
52468,documentary
52469,comedy
52470,drama
52471,comedy
52472,horror
52473,drama
52474,family
52475,documentary
52476,documentary
52477,drama
52478,comedy
52479,documentary
52480,comedy
52481,documentary
52482,documentary
52483,documentary
52484,documentary
52485,short
52486,documentary
52487,documentary
52488,comedy
52489,documentary
52490,drama
52491,drama
52492,short
52493,documentary
52494,drama
52495,drama
52496,documentary
52497,crime
52498,drama
52499,horror
52500,drama
52501,drama
52502,comedy
52503,adult
52504,comedy
52505,drama
52506,horror
52507,documentary
52508,drama
52509,documentary
52510,drama
52511,comedy
52512,drama
52513,drama
52514,short
52515,action
52516,documentary
52517,drama
52518,documentary
52519,drama
52520,western
52521,adult
52522,drama
52523,documentary
52524,short
52525,western
52526,comedy
52527,documentary
52528,drama
52529,drama
52530,drama
52531,drama
52532,fantasy
52533,documentary
52534,documentary
52535,comedy
52536,documentary
52537,drama
52538,drama
52539,action
52540,documentary
52541,documentary
52542,drama
52543,drama
52544,drama
52545,short
52546,drama
52547,comedy
52548,short
52549,documentary
52550,comedy
52551,documentary
52552,drama
52553,drama
52554,documentary
52555,drama
52556,game-show
52557,drama
52558,documentary
52559,drama
52560,drama
52561,documentary
52562,documentary
52563,drama
52564,comedy
52565,documentary
52566,comedy
52567,western
52568,sci-fi
52569,short
52570,drama
52571,talk-show
52572,drama
52573,documentary
52574,comedy
52575,documentary
52576,drama
52577,documentary
52578,drama
52579,short
52580,documentary
52581,drama
52582,documentary
52583,documentary
52584,thriller
52585,drama
52586,comedy
52587,documentary
52588,documentary
52589,drama
52590,comedy
52591,comedy
52592,documentary
52593,short
52594,documentary
52595,drama
52596,short
52597,documentary
52598,documentary
52599,drama
52600,horror
52601,comedy
52602,short
52603,drama
52604,documentary
52605,documentary
52606,comedy
52607,news
52608,documentary
52609,comedy
52610,comedy
52611,drama
52612,documentary
52613,documentary
52614,comedy
52615,music
52616,short
52617,documentary
52618,documentary
52619,drama
52620,comedy
52621,drama
52622,documentary
52623,drama
52624,documentary
52625,documentary
52626,short
52627,comedy
52628,documentary
52629,drama
52630,drama
52631,comedy
52632,drama
52633,documentary
52634,documentary
52635,documentary
52636,drama
52637,drama
52638,drama
52639,drama
52640,documentary
52641,drama
52642,romance
52643,talk-show
52644,comedy
52645,drama
52646,drama
52647,comedy
52648,comedy
52649,documentary
52650,adult
52651,comedy
52652,horror
52653,reality-tv
52654,adventure
52655,documentary
52656,documentary
52657,drama
52658,comedy
52659,drama
52660,horror
52661,drama
52662,documentary
52663,drama
52664,drama
52665,reality-tv
52666,drama
52667,documentary
52668,drama
52669,horror
52670,action
52671,comedy
52672,drama
52673,comedy
52674,drama
52675,comedy
52676,documentary
52677,horror
52678,documentary
52679,reality-tv
52680,drama
52681,drama
52682,short
52683,comedy
52684,documentary
52685,musical
52686,drama
52687,documentary
52688,drama
52689,short
52690,comedy
52691,comedy
52692,action
52693,documentary
52694,documentary
52695,comedy
52696,drama
52697,horror
52698,comedy
52699,documentary
52700,comedy
52701,comedy
52702,drama
52703,drama
52704,documentary
52705,drama
52706,documentary
52707,drama
52708,documentary
52709,drama
52710,adventure
52711,drama
52712,documentary
52713,drama
52714,short
52715,documentary
52716,drama
52717,short
52718,drama
52719,documentary
52720,thriller
52721,comedy
52722,comedy
52723,documentary
52724,documentary
52725,drama
52726,drama
52727,documentary
52728,drama
52729,documentary
52730,comedy
52731,documentary
52732,drama
52733,drama
52734,western
52735,short
52736,documentary
52737,comedy
52738,drama
52739,comedy
52740,drama
52741,horror
52742,music
52743,drama
52744,documentary
52745,drama
52746,documentary
52747,horror
52748,drama
52749,drama
52750,short
52751,documentary
52752,comedy
52753,short
52754,western
52755,documentary
52756,short
52757,drama
52758,comedy
52759,short
52760,news
52761,comedy
52762,drama
52763,drama
52764,short
52765,animation
52766,documentary
52767,documentary
52768,comedy
52769,comedy
52770,documentary
52771,drama
52772,drama
52773,documentary
52774,drama
52775,documentary
52776,reality-tv
52777,drama
52778,drama
52779,drama
52780,drama
52781,comedy
52782,documentary
52783,drama
52784,comedy
52785,family
52786,documentary
52787,thriller
52788,documentary
52789,drama
52790,drama
52791,drama
52792,documentary
52793,drama
52794,documentary
52795,drama
52796,drama
52797,drama
52798,documentary
52799,comedy
52800,animation
52801,comedy
52802,short
52803,thriller
52804,documentary
52805,drama
52806,documentary
52807,drama
52808,drama
52809,short
52810,short
52811,drama
52812,comedy
52813,adult
52814,documentary
52815,drama
52816,documentary
52817,documentary
52818,comedy
52819,documentary
52820,documentary
52821,horror
52822,drama
52823,reality-tv
52824,comedy
52825,comedy
52826,short
52827,documentary
52828,horror
52829,drama
52830,short
52831,documentary
52832,comedy
52833,documentary
52834,drama
52835,short
52836,comedy
52837,short
52838,documentary
52839,documentary
52840,comedy
52841,drama
52842,documentary
52843,horror
52844,drama
52845,drama
52846,drama
52847,documentary
52848,comedy
52849,short
52850,documentary
52851,documentary
52852,music
52853,documentary
52854,horror
52855,comedy
52856,documentary
52857,documentary
52858,drama
52859,drama
52860,comedy
52861,drama
52862,documentary
52863,drama
52864,documentary
52865,documentary
52866,documentary
52867,comedy
52868,drama
52869,documentary
52870,drama
52871,drama
52872,drama
52873,documentary
52874,comedy
52875,comedy
52876,drama
52877,comedy
52878,documentary
52879,action
52880,documentary
52881,adult
52882,music
52883,documentary
52884,short
52885,comedy
52886,action
52887,documentary
52888,documentary
52889,documentary
52890,drama
52891,horror
52892,drama
52893,documentary
52894,drama
52895,documentary
52896,drama
52897,documentary
52898,comedy
52899,horror
52900,drama
52901,drama
52902,drama
52903,family
52904,drama
52905,horror
52906,documentary
52907,documentary
52908,thriller
52909,documentary
52910,drama
52911,drama
52912,comedy
52913,documentary
52914,drama
52915,documentary
52916,comedy
52917,horror
52918,horror
52919,documentary
52920,drama
52921,documentary
52922,drama
52923,documentary
52924,documentary
52925,drama
52926,documentary
52927,drama
52928,drama
52929,drama
52930,drama
52931,documentary
52932,documentary
52933,reality-tv
52934,adventure
52935,sci-fi
52936,comedy
52937,drama
52938,short
52939,fantasy
52940,comedy
52941,western
52942,western
52943,horror
52944,comedy
52945,drama
52946,thriller
52947,documentary
52948,documentary
52949,drama
52950,crime
52951,drama
52952,drama
52953,music
52954,action
52955,horror
52956,comedy
52957,documentary
52958,drama
52959,thriller
52960,documentary
52961,comedy
52962,drama
52963,documentary
52964,drama
52965,documentary
52966,comedy
52967,documentary
52968,documentary
52969,drama
52970,comedy
52971,drama
52972,comedy
52973,drama
52974,adventure
52975,documentary
52976,drama
52977,short
52978,drama
52979,short
52980,documentary
52981,documentary
52982,documentary
52983,western
52984,documentary
52985,drama
52986,drama
52987,drama
52988,comedy
52989,documentary
52990,drama
52991,documentary
52992,documentary
52993,sport
52994,western
52995,documentary
52996,horror
52997,music
52998,documentary
52999,drama
53000,drama
53001,drama
53002,documentary
53003,comedy
53004,drama
53005,drama
53006,comedy
53007,drama
53008,comedy
53009,drama
53010,drama
53011,comedy
53012,horror
53013,documentary
53014,comedy
53015,drama
53016,documentary
53017,comedy
53018,documentary
53019,drama
53020,documentary
53021,music
53022,drama
53023,drama
53024,comedy
53025,documentary
53026,drama
53027,comedy
53028,drama
53029,horror
53030,documentary
53031,documentary
53032,comedy
53033,documentary
53034,documentary
53035,drama
53036,sci-fi
53037,drama
53038,drama
53039,documentary
53040,documentary
53041,western
53042,western
53043,comedy
53044,comedy
53045,documentary
53046,comedy
53047,short
53048,drama
53049,drama
53050,comedy
53051,drama
53052,adventure
53053,documentary
53054,reality-tv
53055,drama
53056,drama
53057,drama
53058,horror
53059,documentary
53060,short
53061,drama
53062,documentary
53063,drama
53064,documentary
53065,documentary
53066,comedy
53067,comedy
53068,drama
53069,drama
53070,horror
53071,drama
53072,documentary
53073,drama
53074,crime
53075,drama
53076,talk-show
53077,documentary
53078,documentary
53079,documentary
53080,short
53081,drama
53082,horror
53083,drama
53084,documentary
53085,documentary
53086,documentary
53087,comedy
53088,drama
53089,horror
53090,action
53091,comedy
53092,drama
53093,documentary
53094,drama
53095,comedy
53096,documentary
53097,documentary
53098,drama
53099,comedy
53100,documentary
53101,documentary
53102,documentary
53103,documentary
53104,drama
53105,drama
53106,documentary
53107,documentary
53108,short
53109,documentary
53110,drama
53111,drama
53112,drama
53113,drama
53114,documentary
53115,documentary
53116,drama
53117,short
53118,drama
53119,drama
53120,documentary
53121,sport
53122,documentary
53123,drama
53124,documentary
53125,documentary
53126,documentary
53127,documentary
53128,comedy
53129,documentary
53130,documentary
53131,drama
53132,comedy
53133,comedy
53134,documentary
53135,documentary
53136,drama
53137,horror
53138,comedy
53139,drama
53140,drama
53141,documentary
53142,sci-fi
53143,drama
53144,documentary
53145,documentary
53146,drama
53147,adult
53148,drama
53149,documentary
53150,documentary
53151,action
53152,documentary
53153,documentary
53154,drama
53155,short
53156,sport
53157,short
53158,documentary
53159,drama
53160,documentary
53161,adventure
53162,documentary
53163,documentary
53164,short
53165,documentary
53166,drama
53167,drama
53168,documentary
53169,documentary
53170,drama
53171,drama
53172,drama
53173,documentary
53174,drama
53175,documentary
53176,drama
53177,drama
53178,documentary
53179,family
53180,drama
53181,short
53182,drama
53183,drama
53184,documentary
53185,short
53186,drama
53187,comedy
53188,documentary
53189,short
53190,drama
53191,documentary
53192,drama
53193,drama
53194,drama
53195,drama
53196,action
53197,short
53198,documentary
53199,sport
53200,thriller
53201,music
53202,talk-show
53203,documentary
53204,documentary
53205,documentary
53206,drama
53207,drama
53208,drama
53209,drama
53210,short
53211,drama
53212,action
53213,short
53214,drama
53215,drama
53216,drama
53217,drama
53218,horror
53219,drama
53220,documentary
53221,drama
53222,documentary
53223,short
53224,comedy
53225,drama
53226,documentary
53227,drama
53228,comedy
53229,comedy
53230,drama
53231,short
53232,drama
53233,comedy
53234,drama
53235,documentary
53236,documentary
53237,comedy
53238,drama
53239,drama
53240,comedy
53241,drama
53242,comedy
53243,drama
53244,comedy
53245,documentary
53246,documentary
53247,documentary
53248,drama
53249,horror
53250,documentary
53251,action
53252,drama
53253,comedy
53254,short
53255,comedy
53256,drama
53257,comedy
53258,short
53259,documentary
53260,drama
53261,drama
53262,documentary
53263,talk-show
53264,horror
53265,documentary
53266,documentary
53267,documentary
53268,documentary
53269,drama
53270,short
53271,drama
53272,comedy
53273,drama
53274,drama
53275,drama
53276,documentary
53277,documentary
53278,comedy
53279,drama
53280,drama
53281,documentary
53282,comedy
53283,documentary
53284,short
53285,comedy
53286,drama
53287,drama
53288,drama
53289,game-show
53290,comedy
53291,comedy
53292,drama
53293,documentary
53294,western
53295,documentary
53296,documentary
53297,documentary
53298,comedy
53299,documentary
53300,action
53301,adult
53302,drama
53303,documentary
53304,comedy
53305,drama
53306,adult
53307,comedy
53308,comedy
53309,comedy
53310,drama
53311,drama
53312,drama
53313,thriller
53314,drama
53315,drama
53316,western
53317,comedy
53318,short
53319,drama
53320,comedy
53321,comedy
53322,documentary
53323,drama
53324,drama
53325,documentary
53326,drama
53327,documentary
53328,comedy
53329,documentary
53330,documentary
53331,drama
53332,drama
53333,documentary
53334,drama
53335,documentary
53336,drama
53337,drama
53338,drama
53339,documentary
53340,drama
53341,action
53342,documentary
53343,drama
53344,documentary
53345,drama
53346,documentary
53347,music
53348,documentary
53349,documentary
53350,documentary
53351,comedy
53352,comedy
53353,action
53354,drama
53355,documentary
53356,comedy
53357,horror
53358,musical
53359,drama
53360,horror
53361,documentary
53362,drama
53363,comedy
53364,horror
53365,comedy
53366,drama
53367,documentary
53368,documentary
53369,comedy
53370,horror
53371,comedy
53372,documentary
53373,horror
53374,documentary
53375,documentary
53376,comedy
53377,short
53378,documentary
53379,documentary
53380,drama
53381,drama
53382,drama
53383,comedy
53384,documentary
53385,drama
53386,horror
53387,horror
53388,animation
53389,drama
53390,game-show
53391,drama
53392,comedy
53393,sport
53394,documentary
53395,short
53396,drama
53397,action
53398,comedy
53399,drama
53400,drama
53401,comedy
53402,horror
53403,drama
53404,horror
53405,comedy
53406,comedy
53407,documentary
53408,comedy
53409,documentary
53410,drama
53411,comedy
53412,sport
53413,drama
53414,documentary
53415,documentary
53416,western
53417,horror
53418,documentary
53419,documentary
53420,drama
53421,short
53422,comedy
53423,documentary
53424,drama
53425,comedy
53426,short
53427,drama
53428,comedy
53429,documentary
53430,drama
53431,western
53432,horror
53433,drama
53434,drama
53435,documentary
53436,drama
53437,action
53438,documentary
53439,drama
53440,drama
53441,comedy
53442,documentary
53443,comedy
53444,horror
53445,documentary
53446,drama
53447,sci-fi
53448,comedy
53449,comedy
53450,documentary
53451,documentary
53452,comedy
53453,drama
53454,comedy
53455,documentary
53456,drama
53457,documentary
53458,drama
53459,horror
53460,documentary
53461,documentary
53462,documentary
53463,comedy
53464,drama
53465,drama
53466,documentary
53467,documentary
53468,sci-fi
53469,documentary
53470,documentary
53471,comedy
53472,game-show
53473,drama
53474,drama
53475,documentary
53476,documentary
53477,documentary
53478,documentary
53479,drama
53480,documentary
53481,short
53482,comedy
53483,comedy
53484,drama
53485,short
53486,documentary
53487,drama
53488,drama
53489,comedy
53490,drama
53491,comedy
53492,drama
53493,drama
53494,horror
53495,drama
53496,drama
53497,drama
53498,documentary
53499,documentary
53500,drama
53501,documentary
53502,drama
53503,drama
53504,short
53505,drama
53506,short
53507,thriller
53508,drama
53509,horror
53510,thriller
53511,horror
53512,family
53513,drama
53514,documentary
53515,drama
53516,action
53517,short
53518,drama
53519,drama
53520,comedy
53521,drama
53522,comedy
53523,drama
53524,documentary
53525,comedy
53526,drama
53527,drama
53528,horror
53529,documentary
53530,musical
53531,drama
53532,documentary
53533,drama
53534,drama
53535,drama
53536,drama
53537,drama
53538,drama
53539,western
53540,documentary
53541,horror
53542,short
53543,comedy
53544,documentary
53545,drama
53546,documentary
53547,drama
53548,comedy
53549,documentary
53550,western
53551,documentary
53552,comedy
53553,drama
53554,adventure
53555,drama
53556,drama
53557,drama
53558,documentary
53559,documentary
53560,reality-tv
53561,drama
53562,comedy
53563,comedy
53564,drama
53565,action
53566,drama
53567,drama
53568,documentary
53569,drama
53570,documentary
53571,drama
53572,action
53573,documentary
53574,documentary
53575,drama
53576,documentary
53577,comedy
53578,short
53579,documentary
53580,drama
53581,documentary
53582,comedy
53583,drama
53584,documentary
53585,horror
53586,thriller
53587,drama
53588,thriller
53589,drama
53590,documentary
53591,documentary
53592,drama
53593,documentary
53594,horror
53595,drama
53596,action
53597,action
53598,documentary
53599,documentary
53600,drama
53601,drama
53602,drama
53603,reality-tv
53604,comedy
53605,comedy
53606,horror
53607,drama
53608,drama
53609,documentary
53610,drama
53611,drama
53612,action
53613,documentary
53614,documentary
53615,documentary
53616,comedy
53617,short
53618,drama
53619,drama
53620,documentary
53621,drama
53622,drama
53623,documentary
53624,documentary
53625,short
53626,documentary
53627,drama
53628,comedy
53629,drama
53630,drama
53631,drama
53632,drama
53633,drama
53634,drama
53635,documentary
53636,drama
53637,documentary
53638,drama
53639,sci-fi
53640,drama
53641,western
53642,drama
53643,drama
53644,documentary
53645,drama
53646,action
53647,drama
53648,drama
53649,documentary
53650,drama
53651,documentary
53652,drama
53653,comedy
53654,documentary
53655,documentary
53656,drama
53657,short
53658,documentary
53659,comedy
53660,short
53661,drama
53662,comedy
53663,drama
53664,drama
53665,comedy
53666,animation
53667,short
53668,adventure
53669,documentary
53670,music
53671,drama
53672,comedy
53673,thriller
53674,drama
53675,drama
53676,drama
53677,adult
53678,comedy
53679,horror
53680,horror
53681,documentary
53682,horror
53683,short
53684,documentary
53685,action
53686,comedy
53687,documentary
53688,short
53689,drama
53690,drama
53691,drama
53692,game-show
53693,comedy
53694,drama
53695,western
53696,drama
53697,game-show
53698,documentary
53699,drama
53700,documentary
53701,western
53702,drama
53703,drama
53704,comedy
53705,action
53706,comedy
53707,comedy
53708,drama
53709,western
53710,drama
53711,drama
53712,comedy
53713,documentary
53714,documentary
53715,drama
53716,comedy
53717,drama
53718,short
53719,short
53720,comedy
53721,documentary
53722,drama
53723,drama
53724,short
53725,drama
53726,drama
53727,short
53728,comedy
53729,thriller
53730,drama
53731,drama
53732,documentary
53733,drama
53734,comedy
53735,action
53736,short
53737,drama
53738,family
53739,short
53740,horror
53741,comedy
53742,drama
53743,adventure
53744,comedy
53745,drama
53746,drama
53747,documentary
53748,documentary
53749,drama
53750,drama
53751,comedy
53752,documentary
53753,documentary
53754,drama
53755,comedy
53756,documentary
53757,comedy
53758,documentary
53759,thriller
53760,documentary
53761,documentary
53762,drama
53763,horror
53764,documentary
53765,comedy
53766,drama
53767,documentary
53768,documentary
53769,documentary
53770,adult
53771,documentary
53772,talk-show
53773,drama
53774,documentary
53775,action
53776,short
53777,drama
53778,documentary
53779,thriller
53780,documentary
53781,short
53782,documentary
53783,drama
53784,drama
53785,music
53786,documentary
53787,drama
53788,drama
53789,comedy
53790,family
53791,documentary
53792,short
53793,drama
53794,documentary
53795,drama
53796,comedy
53797,short
53798,comedy
53799,drama
53800,documentary
53801,documentary
53802,documentary
53803,comedy
53804,documentary
53805,short
53806,documentary
53807,documentary
53808,drama
53809,drama
53810,drama
53811,comedy
53812,documentary
53813,short
53814,documentary
53815,documentary
53816,documentary
53817,drama
53818,thriller
53819,documentary
53820,documentary
53821,drama
53822,thriller
53823,drama
53824,documentary
53825,drama
53826,drama
53827,documentary
53828,documentary
53829,drama
53830,comedy
53831,comedy
53832,documentary
53833,documentary
53834,comedy
53835,drama
53836,drama
53837,drama
53838,documentary
53839,documentary
53840,horror
53841,drama
53842,drama
53843,drama
53844,comedy
53845,drama
53846,documentary
53847,drama
53848,drama
53849,adventure
53850,horror
53851,drama
53852,short
53853,documentary
53854,documentary
53855,drama
53856,drama
53857,comedy
53858,crime
53859,drama
53860,comedy
53861,comedy
53862,drama
53863,documentary
53864,documentary
53865,horror
53866,documentary
53867,documentary
53868,comedy
53869,drama
53870,comedy
53871,drama
53872,drama
53873,documentary
53874,drama
53875,comedy
53876,game-show
53877,drama
53878,drama
53879,adventure
53880,documentary
53881,horror
53882,comedy
53883,western
53884,comedy
53885,drama
53886,drama
53887,drama
53888,drama
53889,documentary
53890,comedy
53891,drama
53892,comedy
53893,drama
53894,documentary
53895,documentary
53896,documentary
53897,horror
53898,documentary
53899,thriller
53900,thriller
53901,documentary
53902,music
53903,comedy
53904,drama
53905,adult
53906,documentary
53907,thriller
53908,documentary
53909,documentary
53910,documentary
53911,short
53912,short
53913,drama
53914,documentary
53915,documentary
53916,comedy
53917,short
53918,short
53919,short
53920,documentary
53921,horror
53922,drama
53923,documentary
53924,drama
53925,drama
53926,adult
53927,documentary
53928,documentary
53929,documentary
53930,horror
53931,documentary
53932,drama
53933,documentary
53934,horror
53935,documentary
53936,drama
53937,drama
53938,western
53939,drama
53940,documentary
53941,drama
53942,comedy
53943,western
53944,documentary
53945,adult
53946,drama
53947,short
53948,documentary
53949,adventure
53950,documentary
53951,documentary
53952,horror
53953,drama
53954,comedy
53955,drama
53956,short
53957,drama
53958,drama
53959,short
53960,drama
53961,family
53962,drama
53963,documentary
53964,action
53965,comedy
53966,drama
53967,documentary
53968,drama
53969,comedy
53970,drama
53971,comedy
53972,comedy
53973,comedy
53974,drama
53975,documentary
53976,drama
53977,documentary
53978,drama
53979,drama
53980,drama
53981,comedy
53982,drama
53983,documentary
53984,comedy
53985,drama
53986,documentary
53987,adult
53988,action
53989,horror
53990,drama
53991,documentary
53992,drama
53993,music
53994,drama
53995,adventure
53996,short
53997,drama
53998,music
53999,documentary
54000,documentary
54001,drama
54002,western
54003,comedy
54004,drama
54005,documentary
54006,thriller
54007,drama
54008,documentary
54009,comedy
54010,documentary
54011,game-show
54012,comedy
54013,documentary
54014,comedy
54015,drama
54016,horror
54017,horror
54018,documentary
54019,drama
54020,drama
54021,documentary
54022,documentary
54023,drama
54024,western
54025,documentary
54026,drama
54027,comedy
54028,horror
54029,drama
54030,documentary
54031,documentary
54032,documentary
54033,drama
54034,comedy
54035,documentary
54036,drama
54037,drama
54038,documentary
54039,documentary
54040,short
54041,drama
54042,documentary
54043,documentary
54044,action
54045,drama
54046,drama
54047,comedy
54048,comedy
54049,short
54050,comedy
54051,drama
54052,documentary
54053,western
54054,drama
54055,documentary
54056,drama
54057,horror
54058,drama
54059,comedy
54060,comedy
54061,drama
54062,drama
54063,drama
54064,action
54065,drama
54066,sci-fi
54067,documentary
54068,documentary
54069,action
54070,documentary
54071,comedy
54072,drama
54073,drama
54074,drama
54075,drama
54076,sport
54077,drama
54078,horror
54079,short
54080,drama
54081,comedy
54082,western
54083,short
54084,comedy
54085,talk-show
54086,drama
54087,western
54088,documentary
54089,documentary
54090,drama
54091,documentary
54092,drama
54093,drama
54094,drama
54095,drama
54096,adult
54097,documentary
54098,drama
54099,drama
54100,documentary
54101,drama
54102,documentary
54103,comedy
54104,comedy
54105,short
54106,drama
54107,short
54108,western
54109,documentary
54110,comedy
54111,documentary
54112,drama
54113,drama
54114,documentary
54115,drama
54116,documentary
54117,drama
54118,documentary
54119,drama
54120,horror
54121,documentary
54122,drama
54123,documentary
54124,talk-show
54125,documentary
54126,documentary
54127,short
54128,documentary
54129,comedy
54130,drama
54131,drama
54132,drama
54133,drama
54134,comedy
54135,documentary
54136,drama
54137,comedy
54138,short
54139,drama
54140,comedy
54141,drama
54142,drama
54143,horror
54144,documentary
54145,short
54146,comedy
54147,drama
54148,documentary
54149,drama
54150,thriller
54151,drama
54152,documentary
54153,talk-show
54154,documentary
54155,drama
54156,drama
54157,documentary
54158,talk-show
54159,drama
54160,drama
54161,documentary
54162,comedy
54163,comedy
54164,drama
54165,thriller
54166,documentary
54167,adult
54168,documentary
54169,drama
54170,documentary
54171,documentary
54172,documentary
54173,documentary
54174,drama
54175,documentary
54176,documentary
54177,documentary
54178,documentary
54179,comedy
54180,sport
54181,drama
54182,horror
54183,horror
54184,horror
54185,drama
54186,drama
54187,drama
54188,short
54189,documentary
54190,drama
54191,reality-tv
54192,documentary
54193,short
54194,documentary
54195,documentary
54196,drama
54197,drama
54198,drama
54199,drama
54200,drama
